# pixels_per_point=2 script=reveal rows=0
# rect header 0.0 0.0 880.0 56.0
# rect panel_a 12.0 68.0 262.0 482.0
# rect source_key 98.0 157.0 248.0 209.0
# rect panel_b 278.0 68.0 868.0 482.0
frame=1 t=17.2 wall=17.9 interval=- dt=17.18 cpu_prev=- effect_us=0 action=0 since_click=- since_commit=- animating=false repaint=none
frame=2 t=35.9 wall=35.8 interval=17.90 dt=18.74 cpu_prev=23.960 effect_us=1 action=0 since_click=- since_commit=- animating=false repaint=none
frame=3 t=59.1 wall=59.1 interval=23.22 dt=23.22 cpu_prev=0.317 effect_us=1 action=0 since_click=- since_commit=- animating=false repaint=none
frame=4 t=59.7 wall=59.6 interval=0.52 dt=0.53 cpu_prev=0.281 effect_us=1 action=0 since_click=- since_commit=- animating=false repaint=none
frame=5 t=75.3 wall=75.3 interval=15.68 dt=15.67 cpu_prev=0.497 effect_us=1 action=0 since_click=- since_commit=- animating=false repaint=none
frame=6 t=925.5 wall=925.5 interval=850.25 dt=850.20 cpu_prev=0.186 effect_us=4 action=0 since_click=- since_commit=- animating=false repaint=none
frame=7 t=928.5 wall=928.4 interval=2.87 dt=2.91 cpu_prev=1.351 effect_us=3 action=0 since_click=- since_commit=- animating=false repaint=none
frame=8 t=943.8 wall=943.7 interval=15.32 dt=15.32 cpu_prev=0.479 effect_us=1 action=0 since_click=- since_commit=- animating=false repaint=none
frame=9 t=953.0 wall=952.9 interval=9.23 dt=9.23 cpu_prev=0.565 effect_us=1 action=0 since_click=- since_commit=- animating=false repaint=none
frame=10 t=963.6 wall=963.6 interval=10.64 dt=10.63 cpu_prev=8.128 effect_us=2 action=0 since_click=- since_commit=- animating=false repaint=none
frame=11 t=979.2 wall=979.5 interval=15.98 dt=15.59 cpu_prev=14.640 effect_us=3 action=0 since_click=- since_commit=- animating=false repaint=none
frame=12 t=993.6 wall=993.8 interval=14.23 dt=14.37 cpu_prev=13.772 effect_us=1 action=0 since_click=- since_commit=- animating=false repaint=none
# pixels_per_point=2 script=reveal rows=0
# rect panel_a 12.0 68.0 262.0 482.0
# rect header 0.0 0.0 880.0 56.0
# rect source_key 98.0 157.0 248.0 209.0
# rect panel_b 278.0 68.0 868.0 482.0
# event t=1004.7ms click action=1 wall=1009.7
frame=13 t=1004.7 wall=1004.8 interval=11.03 dt=11.10 cpu_prev=10.648 effect_us=43 action=1 since_click=0.0 since_commit=- animating=true repaint=now source/Source(pending):d=[0.000,0.000,0.000,0.000] c=[#c8a48b,#c8a48b,#c8a48b,#c8a48b] rank=[0,2,1,3]
frame=14 t=1014.5 wall=1014.6 interval=9.78 dt=9.78 cpu_prev=9.343 effect_us=40 action=1 since_click=9.8 since_commit=- animating=true repaint=now source/Source(pending):d=[0.067,0.000,0.000,0.000] c=[#c8a48b,#c8a48b,#c8a48b,#c8a48b] rank=[0,2,1,3]
frame=15 t=1022.3 wall=1022.4 interval=7.78 dt=7.84 cpu_prev=7.492 effect_us=40 action=1 since_click=17.6 since_commit=- animating=true repaint=now source/Source(pending):d=[0.121,0.000,0.000,0.000] c=[#c8a48b,#c8a48b,#c8a48b,#c8a48b] rank=[0,2,1,3]
frame=16 t=1029.6 wall=1029.7 interval=7.39 dt=7.32 cpu_prev=6.565 effect_us=37 action=1 since_click=24.9 since_commit=- animating=true repaint=now source/Source(pending):d=[0.171,0.000,0.000,0.000] c=[#c8a48b,#c8a48b,#c8a48b,#c8a48b] rank=[0,2,1,3]
frame=17 t=1039.2 wall=1039.3 interval=9.53 dt=9.55 cpu_prev=9.273 effect_us=35 action=1 since_click=34.5 since_commit=- animating=true repaint=now source/Source(pending):d=[0.236,0.000,0.044,0.000] c=[#c8a48b,#c8a48b,#c8a48b,#c8a48b] rank=[0,2,1,3]
frame=18 t=1048.2 wall=1048.3 interval=8.98 dt=9.02 cpu_prev=8.625 effect_us=35 action=1 since_click=43.5 since_commit=- animating=true repaint=now source/Source(pending):d=[0.298,0.000,0.106,0.000] c=[#c8a48b,#c8a48b,#c8a48b,#c8a48b] rank=[0,2,1,3]
frame=19 t=1056.3 wall=1056.4 interval=8.12 dt=8.12 cpu_prev=7.680 effect_us=36 action=1 since_click=51.6 since_commit=- animating=true repaint=now source/Source(pending):d=[0.354,0.000,0.162,0.000] c=[#c8a48b,#c8a48b,#c8a48b,#c8a48b] rank=[0,2,1,3]
frame=20 t=1064.6 wall=1064.7 interval=8.28 dt=8.25 cpu_prev=7.706 effect_us=35 action=1 since_click=59.9 since_commit=- animating=true repaint=now source/Source(pending):d=[0.411,0.027,0.219,0.000] c=[#c8a48b,#c8a48b,#c8a48b,#c8a48b] rank=[0,2,1,3]
frame=21 t=1073.3 wall=1073.3 interval=8.65 dt=8.70 cpu_prev=8.323 effect_us=40 action=1 since_click=68.6 since_commit=- animating=true repaint=now source/Source(pending):d=[0.470,0.086,0.278,0.000] c=[#c8a48b,#c8a48b,#c8a48b,#c8a48b] rank=[0,2,1,3]
frame=22 t=1081.0 wall=1081.0 interval=7.69 dt=7.67 cpu_prev=7.304 effect_us=36 action=1 since_click=76.2 since_commit=- animating=true repaint=now source/Source(pending):d=[0.523,0.139,0.331,0.000] c=[#c8a48b,#c8a48b,#c8a48b,#c8a48b] rank=[0,2,1,3]
frame=23 t=1088.2 wall=1088.2 interval=7.24 dt=7.26 cpu_prev=6.829 effect_us=40 action=1 since_click=83.5 since_commit=- animating=true repaint=now source/Source(pending):d=[0.573,0.189,0.381,0.000] c=[#c8a48b,#c8a48b,#c8a48b,#c8a48b] rank=[0,2,1,3]
frame=24 t=1096.5 wall=1096.6 interval=8.32 dt=8.30 cpu_prev=7.812 effect_us=36 action=1 since_click=91.8 since_commit=- animating=true repaint=now source/Source(pending):d=[0.630,0.246,0.438,0.054] c=[#c8a48b,#c8a48b,#c8a48b,#c8a48b] rank=[0,2,1,3]
frame=25 t=1104.7 wall=1104.8 interval=8.19 dt=8.20 cpu_prev=7.286 effect_us=36 action=1 since_click=100.0 since_commit=- animating=true repaint=now source/Source(pending):d=[0.686,0.302,0.494,0.110] c=[#c8a48b,#c8a48b,#c8a48b,#c8a48b] rank=[0,2,1,3]
frame=26 t=1113.0 wall=1113.1 interval=8.32 dt=8.30 cpu_prev=7.671 effect_us=36 action=1 since_click=108.3 since_commit=- animating=true repaint=now source/Source(pending):d=[0.720,0.359,0.551,0.167] c=[#c8a48b,#c8a48b,#c8a48b,#c8a48b] rank=[0,2,1,3]
frame=27 t=1121.3 wall=1121.3 interval=8.24 dt=8.28 cpu_prev=6.953 effect_us=34 action=1 since_click=116.6 since_commit=- animating=true repaint=now source/Source(pending):d=[0.720,0.415,0.607,0.223] c=[#c8a48b,#c8a48b,#c8a48b,#c8a48b] rank=[0,2,1,3]
frame=28 t=1129.6 wall=1129.7 interval=8.35 dt=8.33 cpu_prev=6.850 effect_us=36 action=1 since_click=124.9 since_commit=- animating=true repaint=now source/Source(pending):d=[0.720,0.473,0.665,0.281] c=[#c8a48b,#c8a48b,#c8a48b,#c8a48b] rank=[0,2,1,3]
frame=29 t=1138.2 wall=1138.3 interval=8.59 dt=8.61 cpu_prev=6.855 effect_us=36 action=1 since_click=133.5 since_commit=- animating=true repaint=now source/Source(pending):d=[0.720,0.532,0.720,0.340] c=[#c8a48b,#c8a48b,#c8a48b,#c8a48b] rank=[0,2,1,3]
frame=30 t=1146.7 wall=1146.8 interval=8.51 dt=8.44 cpu_prev=7.493 effect_us=34 action=1 since_click=142.0 since_commit=- animating=true repaint=now source/Source(pending):d=[0.720,0.589,0.720,0.397] c=[#c8a48b,#c8a48b,#c8a48b,#c8a48b] rank=[0,2,1,3]
frame=31 t=1154.5 wall=1154.5 interval=7.73 dt=7.80 cpu_prev=6.775 effect_us=34 action=1 since_click=149.8 since_commit=- animating=true repaint=now source/Source(pending):d=[0.720,0.643,0.720,0.451] c=[#c8a48b,#c8a48b,#c8a48b,#c8a48b] rank=[0,2,1,3]
frame=32 t=1163.0 wall=1163.1 interval=8.55 dt=8.54 cpu_prev=6.471 effect_us=33 action=1 since_click=158.3 since_commit=- animating=true repaint=now source/Source(pending):d=[0.720,0.702,0.720,0.510] c=[#c8a48b,#c8a48b,#c8a48b,#c8a48b] rank=[0,2,1,3]
frame=33 t=1171.2 wall=1171.2 interval=8.13 dt=8.15 cpu_prev=6.479 effect_us=34 action=1 since_click=166.5 since_commit=- animating=true repaint=now source/Source(pending):d=[0.720,0.720,0.720,0.565] c=[#c8a48b,#c8a48b,#c8a48b,#c8a48b] rank=[0,2,1,3]
frame=34 t=1179.7 wall=1179.7 interval=8.53 dt=8.51 cpu_prev=6.655 effect_us=35 action=1 since_click=175.0 since_commit=- animating=true repaint=now source/Source(pending):d=[0.720,0.720,0.720,0.624] c=[#c8a48b,#c8a48b,#c8a48b,#c8a48b] rank=[0,2,1,3]
frame=35 t=1188.3 wall=1188.3 interval=8.62 dt=8.64 cpu_prev=7.717 effect_us=40 action=1 since_click=183.6 since_commit=- animating=true repaint=now source/Source(pending):d=[0.720,0.720,0.720,0.683] c=[#c8a48b,#c8a48b,#c8a48b,#c8a48b] rank=[0,2,1,3]
frame=36 t=1196.2 wall=1196.2 interval=7.88 dt=7.85 cpu_prev=6.482 effect_us=35 action=1 since_click=191.5 since_commit=- animating=false repaint=none source/Source(pending):d=[0.720,0.720,0.720,0.720] c=[#c8a48b,#c8a48b,#c8a48b,#c8a48b] rank=[0,2,1,3]
frame=37 t=1204.9 wall=1204.9 interval=8.73 dt=8.71 cpu_prev=7.614 effect_us=35 action=1 since_click=200.2 since_commit=- animating=false repaint=none source/Source(pending):d=[0.720,0.720,0.720,0.720] c=[#c8a48b,#c8a48b,#c8a48b,#c8a48b] rank=[0,2,1,3]
frame=38 t=1213.3 wall=1213.4 interval=8.42 dt=8.39 cpu_prev=8.084 effect_us=34 action=1 since_click=208.6 since_commit=- animating=false repaint=none source/Source(pending):d=[0.720,0.720,0.720,0.720] c=[#c8a48b,#c8a48b,#c8a48b,#c8a48b] rank=[0,2,1,3]
frame=39 t=1221.1 wall=1221.2 interval=7.80 dt=7.89 cpu_prev=6.876 effect_us=34 action=1 since_click=216.4 since_commit=- animating=false repaint=none source/Source(pending):d=[0.720,0.720,0.720,0.720] c=[#c8a48b,#c8a48b,#c8a48b,#c8a48b] rank=[0,2,1,3]
frame=40 t=1229.5 wall=1229.6 interval=8.41 dt=8.39 cpu_prev=6.691 effect_us=35 action=1 since_click=224.8 since_commit=- animating=false repaint=none source/Source(pending):d=[0.720,0.720,0.720,0.720] c=[#c8a48b,#c8a48b,#c8a48b,#c8a48b] rank=[0,2,1,3]
frame=41 t=1237.9 wall=1237.9 interval=8.31 dt=8.34 cpu_prev=6.589 effect_us=34 action=1 since_click=233.2 since_commit=- animating=false repaint=none source/Source(pending):d=[0.720,0.720,0.720,0.720] c=[#c8a48b,#c8a48b,#c8a48b,#c8a48b] rank=[0,2,1,3]
frame=42 t=1246.4 wall=1246.4 interval=8.55 dt=8.53 cpu_prev=6.482 effect_us=35 action=1 since_click=241.7 since_commit=- animating=false repaint=none source/Source(pending):d=[0.720,0.720,0.720,0.720] c=[#c8a48b,#c8a48b,#c8a48b,#c8a48b] rank=[0,2,1,3]
frame=43 t=1258.5 wall=1258.5 interval=12.06 dt=12.08 cpu_prev=7.115 effect_us=35 action=1 since_click=253.8 since_commit=- animating=false repaint=none source/Source(pending):d=[0.720,0.720,0.720,0.720] c=[#c8a48b,#c8a48b,#c8a48b,#c8a48b] rank=[0,2,1,3]
frame=44 t=1265.4 wall=1265.5 interval=6.95 dt=6.93 cpu_prev=6.628 effect_us=34 action=1 since_click=260.7 since_commit=- animating=false repaint=none source/Source(pending):d=[0.720,0.720,0.720,0.720] c=[#c8a48b,#c8a48b,#c8a48b,#c8a48b] rank=[0,2,1,3]
frame=45 t=1272.7 wall=1272.7 interval=7.23 dt=7.25 cpu_prev=6.971 effect_us=33 action=1 since_click=268.0 since_commit=- animating=false repaint=none source/Source(pending):d=[0.720,0.720,0.720,0.720] c=[#c8a48b,#c8a48b,#c8a48b,#c8a48b] rank=[0,2,1,3]
frame=46 t=1279.7 wall=1279.7 interval=7.02 dt=7.00 cpu_prev=6.683 effect_us=37 action=1 since_click=275.0 since_commit=- animating=false repaint=none source/Source(pending):d=[0.720,0.720,0.720,0.720] c=[#c8a48b,#c8a48b,#c8a48b,#c8a48b] rank=[0,2,1,3]
frame=47 t=1288.6 wall=1288.8 interval=9.04 dt=8.94 cpu_prev=7.271 effect_us=36 action=1 since_click=283.9 since_commit=- animating=false repaint=none source/Source(pending):d=[0.720,0.720,0.720,0.720] c=[#c8a48b,#c8a48b,#c8a48b,#c8a48b] rank=[0,2,1,3]
frame=48 t=1296.4 wall=1296.4 interval=7.65 dt=7.74 cpu_prev=7.419 effect_us=29 action=1 since_click=291.7 since_commit=- animating=false repaint=none source/Source(pending):d=[0.720,0.720,0.720,0.720] c=[#c8a48b,#c8a48b,#c8a48b,#c8a48b] rank=[0,2,1,3]
frame=49 t=1304.7 wall=1304.8 interval=8.40 dt=8.37 cpu_prev=6.693 effect_us=35 action=1 since_click=300.0 since_commit=- animating=false repaint=none source/Source(pending):d=[0.720,0.720,0.720,0.720] c=[#c8a48b,#c8a48b,#c8a48b,#c8a48b] rank=[0,2,1,3]
frame=50 t=1313.3 wall=1313.5 interval=8.73 dt=8.62 cpu_prev=7.157 effect_us=42 action=1 since_click=308.6 since_commit=- animating=false repaint=none source/Source(pending):d=[0.720,0.720,0.720,0.720] c=[#c8a48b,#c8a48b,#c8a48b,#c8a48b] rank=[0,2,1,3]
frame=51 t=1321.5 wall=1321.5 interval=7.96 dt=8.12 cpu_prev=7.861 effect_us=34 action=1 since_click=316.8 since_commit=- animating=false repaint=none source/Source(pending):d=[0.720,0.720,0.720,0.720] c=[#c8a48b,#c8a48b,#c8a48b,#c8a48b] rank=[0,2,1,3]
frame=52 t=1329.5 wall=1329.6 interval=8.09 dt=8.08 cpu_prev=6.863 effect_us=41 action=1 since_click=324.8 since_commit=- animating=false repaint=none source/Source(pending):d=[0.720,0.720,0.720,0.720] c=[#c8a48b,#c8a48b,#c8a48b,#c8a48b] rank=[0,2,1,3]
frame=53 t=1337.8 wall=1337.8 interval=8.25 dt=8.27 cpu_prev=6.255 effect_us=33 action=1 since_click=333.1 since_commit=- animating=false repaint=none source/Source(pending):d=[0.720,0.720,0.720,0.720] c=[#c8a48b,#c8a48b,#c8a48b,#c8a48b] rank=[0,2,1,3]
frame=54 t=1346.6 wall=1346.6 interval=8.78 dt=8.76 cpu_prev=6.593 effect_us=41 action=1 since_click=341.9 since_commit=- animating=false repaint=none source/Source(pending):d=[0.720,0.720,0.720,0.720] c=[#c8a48b,#c8a48b,#c8a48b,#c8a48b] rank=[0,2,1,3]
frame=55 t=1354.7 wall=1354.8 interval=8.13 dt=8.12 cpu_prev=7.028 effect_us=39 action=1 since_click=350.0 since_commit=- animating=false repaint=none source/Source(pending):d=[0.720,0.720,0.720,0.720] c=[#c8a48b,#c8a48b,#c8a48b,#c8a48b] rank=[0,2,1,3]
frame=56 t=1362.8 wall=1362.9 interval=8.16 dt=8.13 cpu_prev=6.861 effect_us=34 action=1 since_click=358.1 since_commit=- animating=false repaint=none source/Source(pending):d=[0.720,0.720,0.720,0.720] c=[#c8a48b,#c8a48b,#c8a48b,#c8a48b] rank=[0,2,1,3]
frame=57 t=1371.1 wall=1371.1 interval=8.23 dt=8.29 cpu_prev=6.969 effect_us=38 action=1 since_click=366.4 since_commit=- animating=false repaint=none source/Source(pending):d=[0.720,0.720,0.720,0.720] c=[#c8a48b,#c8a48b,#c8a48b,#c8a48b] rank=[0,2,1,3]
frame=58 t=1379.6 wall=1379.6 interval=8.49 dt=8.48 cpu_prev=6.666 effect_us=35 action=1 since_click=374.9 since_commit=- animating=false repaint=none source/Source(pending):d=[0.720,0.720,0.720,0.720] c=[#c8a48b,#c8a48b,#c8a48b,#c8a48b] rank=[0,2,1,3]
frame=59 t=1388.0 wall=1388.0 interval=8.38 dt=8.40 cpu_prev=6.569 effect_us=34 action=1 since_click=383.3 since_commit=- animating=false repaint=none source/Source(pending):d=[0.720,0.720,0.720,0.720] c=[#c8a48b,#c8a48b,#c8a48b,#c8a48b] rank=[0,2,1,3]
frame=60 t=1396.0 wall=1396.0 interval=8.02 dt=8.00 cpu_prev=6.254 effect_us=36 action=1 since_click=391.3 since_commit=- animating=false repaint=none source/Source(pending):d=[0.720,0.720,0.720,0.720] c=[#c8a48b,#c8a48b,#c8a48b,#c8a48b] rank=[0,2,1,3]
frame=61 t=1404.5 wall=1404.5 interval=8.47 dt=8.48 cpu_prev=6.311 effect_us=34 action=1 since_click=399.8 since_commit=- animating=false repaint=none source/Source(pending):d=[0.720,0.720,0.720,0.720] c=[#c8a48b,#c8a48b,#c8a48b,#c8a48b] rank=[0,2,1,3]
frame=62 t=1412.8 wall=1412.8 interval=8.32 dt=8.31 cpu_prev=7.559 effect_us=34 action=1 since_click=408.1 since_commit=- animating=false repaint=none source/Source(pending):d=[0.720,0.720,0.720,0.720] c=[#c8a48b,#c8a48b,#c8a48b,#c8a48b] rank=[0,2,1,3]
frame=63 t=1421.0 wall=1421.1 interval=8.25 dt=8.26 cpu_prev=6.310 effect_us=34 action=1 since_click=416.3 since_commit=- animating=false repaint=none source/Source(pending):d=[0.720,0.720,0.720,0.720] c=[#c8a48b,#c8a48b,#c8a48b,#c8a48b] rank=[0,2,1,3]
frame=64 t=1429.4 wall=1429.4 interval=8.36 dt=8.35 cpu_prev=6.380 effect_us=34 action=1 since_click=424.7 since_commit=- animating=false repaint=none source/Source(pending):d=[0.720,0.720,0.720,0.720] c=[#c8a48b,#c8a48b,#c8a48b,#c8a48b] rank=[0,2,1,3]
frame=65 t=1437.7 wall=1437.7 interval=8.32 dt=8.33 cpu_prev=6.824 effect_us=32 action=1 since_click=433.0 since_commit=- animating=false repaint=none source/Source(pending):d=[0.720,0.720,0.720,0.720] c=[#c8a48b,#c8a48b,#c8a48b,#c8a48b] rank=[0,2,1,3]
frame=66 t=1445.9 wall=1445.9 interval=8.19 dt=8.17 cpu_prev=6.311 effect_us=31 action=1 since_click=441.2 since_commit=- animating=false repaint=none source/Source(pending):d=[0.720,0.720,0.720,0.720] c=[#c8a48b,#c8a48b,#c8a48b,#c8a48b] rank=[0,2,1,3]
frame=67 t=1454.3 wall=1454.4 interval=8.44 dt=8.47 cpu_prev=6.395 effect_us=34 action=1 since_click=449.6 since_commit=- animating=false repaint=none source/Source(pending):d=[0.720,0.720,0.720,0.720] c=[#c8a48b,#c8a48b,#c8a48b,#c8a48b] rank=[0,2,1,3]
frame=68 t=1462.6 wall=1462.6 interval=8.25 dt=8.23 cpu_prev=5.990 effect_us=29 action=1 since_click=457.9 since_commit=- animating=false repaint=none source/Source(pending):d=[0.720,0.720,0.720,0.720] c=[#c8a48b,#c8a48b,#c8a48b,#c8a48b] rank=[0,2,1,3]
frame=69 t=1476.7 wall=1476.7 interval=14.11 dt=14.13 cpu_prev=5.950 effect_us=32 action=1 since_click=472.0 since_commit=- animating=false repaint=none source/Source(pending):d=[0.720,0.720,0.720,0.720] c=[#c8a48b,#c8a48b,#c8a48b,#c8a48b] rank=[0,2,1,3]
frame=70 t=1485.0 wall=1485.0 interval=8.29 dt=8.27 cpu_prev=6.569 effect_us=34 action=1 since_click=480.3 since_commit=- animating=false repaint=none source/Source(pending):d=[0.720,0.720,0.720,0.720] c=[#c8a48b,#c8a48b,#c8a48b,#c8a48b] rank=[0,2,1,3]
frame=71 t=1491.2 wall=1491.2 interval=6.23 dt=6.24 cpu_prev=5.906 effect_us=31 action=1 since_click=486.5 since_commit=- animating=false repaint=none source/Source(pending):d=[0.720,0.720,0.720,0.720] c=[#c8a48b,#c8a48b,#c8a48b,#c8a48b] rank=[0,2,1,3]
frame=72 t=1498.5 wall=1498.6 interval=7.31 dt=7.29 cpu_prev=6.988 effect_us=33 action=1 since_click=493.8 since_commit=- animating=false repaint=none source/Source(pending):d=[0.720,0.720,0.720,0.720] c=[#c8a48b,#c8a48b,#c8a48b,#c8a48b] rank=[0,2,1,3]
frame=73 t=1505.3 wall=1505.3 interval=6.79 dt=6.79 cpu_prev=6.389 effect_us=33 action=1 since_click=500.6 since_commit=- animating=false repaint=none source/Source(pending):d=[0.720,0.720,0.720,0.720] c=[#c8a48b,#c8a48b,#c8a48b,#c8a48b] rank=[0,2,1,3]
frame=74 t=1512.7 wall=1512.7 interval=7.40 dt=7.39 cpu_prev=6.295 effect_us=35 action=1 since_click=508.0 since_commit=- animating=false repaint=none source/Source(pending):d=[0.720,0.720,0.720,0.720] c=[#c8a48b,#c8a48b,#c8a48b,#c8a48b] rank=[0,2,1,3]
frame=75 t=1521.0 wall=1521.0 interval=8.25 dt=8.28 cpu_prev=6.226 effect_us=33 action=1 since_click=516.3 since_commit=- animating=false repaint=none source/Source(pending):d=[0.720,0.720,0.720,0.720] c=[#c8a48b,#c8a48b,#c8a48b,#c8a48b] rank=[0,2,1,3]
frame=76 t=1529.3 wall=1529.4 interval=8.40 dt=8.38 cpu_prev=6.702 effect_us=34 action=1 since_click=524.6 since_commit=- animating=false repaint=none source/Source(pending):d=[0.720,0.720,0.720,0.720] c=[#c8a48b,#c8a48b,#c8a48b,#c8a48b] rank=[0,2,1,3]
frame=77 t=1537.8 wall=1537.8 interval=8.41 dt=8.42 cpu_prev=6.411 effect_us=42 action=1 since_click=533.1 since_commit=- animating=false repaint=none source/Source(pending):d=[0.720,0.720,0.720,0.720] c=[#c8a48b,#c8a48b,#c8a48b,#c8a48b] rank=[0,2,1,3]
frame=78 t=1546.0 wall=1546.1 interval=8.29 dt=8.27 cpu_prev=6.144 effect_us=34 action=1 since_click=541.3 since_commit=- animating=false repaint=none source/Source(pending):d=[0.720,0.720,0.720,0.720] c=[#c8a48b,#c8a48b,#c8a48b,#c8a48b] rank=[0,2,1,3]
frame=79 t=1554.6 wall=1554.6 interval=8.50 dt=8.52 cpu_prev=6.528 effect_us=37 action=1 since_click=549.9 since_commit=- animating=false repaint=none source/Source(pending):d=[0.720,0.720,0.720,0.720] c=[#c8a48b,#c8a48b,#c8a48b,#c8a48b] rank=[0,2,1,3]
frame=80 t=1562.8 wall=1562.8 interval=8.22 dt=8.20 cpu_prev=6.573 effect_us=31 action=1 since_click=558.1 since_commit=- animating=false repaint=none source/Source(pending):d=[0.720,0.720,0.720,0.720] c=[#c8a48b,#c8a48b,#c8a48b,#c8a48b] rank=[0,2,1,3]
frame=81 t=1571.0 wall=1571.0 interval=8.23 dt=8.25 cpu_prev=6.261 effect_us=34 action=1 since_click=566.3 since_commit=- animating=false repaint=none source/Source(pending):d=[0.720,0.720,0.720,0.720] c=[#c8a48b,#c8a48b,#c8a48b,#c8a48b] rank=[0,2,1,3]
frame=82 t=1585.1 wall=1585.1 interval=14.08 dt=14.07 cpu_prev=5.916 effect_us=33 action=1 since_click=580.4 since_commit=- animating=false repaint=none source/Source(pending):d=[0.720,0.720,0.720,0.720] c=[#c8a48b,#c8a48b,#c8a48b,#c8a48b] rank=[0,2,1,3]
frame=83 t=1593.4 wall=1593.4 interval=8.30 dt=8.32 cpu_prev=5.895 effect_us=34 action=1 since_click=588.7 since_commit=- animating=false repaint=none source/Source(pending):d=[0.720,0.720,0.720,0.720] c=[#c8a48b,#c8a48b,#c8a48b,#c8a48b] rank=[0,2,1,3]
frame=84 t=1599.6 wall=1599.6 interval=6.17 dt=6.15 cpu_prev=5.882 effect_us=33 action=1 since_click=594.8 since_commit=- animating=false repaint=none source/Source(pending):d=[0.720,0.720,0.720,0.720] c=[#c8a48b,#c8a48b,#c8a48b,#c8a48b] rank=[0,2,1,3]
frame=85 t=1606.0 wall=1606.0 interval=6.45 dt=6.47 cpu_prev=6.211 effect_us=33 action=1 since_click=601.3 since_commit=- animating=false repaint=none source/Source(pending):d=[0.720,0.720,0.720,0.720] c=[#c8a48b,#c8a48b,#c8a48b,#c8a48b] rank=[0,2,1,3]
# pixels_per_point=2 script=reveal rows=0
# rect source_key 98.0 157.0 248.0 209.0
# rect panel_b 278.0 68.0 868.0 482.0
# rect panel_a 12.0 68.0 262.0 482.0
# rect header 0.0 0.0 880.0 56.0
# event t=1612.6ms commit action=1 (worker sent at wall 1614.8 ms)
frame=86 t=1612.6 wall=1612.7 interval=6.63 dt=6.60 cpu_prev=5.945 effect_us=116 action=1 since_click=607.9 since_commit=0.0 animating=true repaint=now source/Source:d=[0.000,0.000,0.000,0.000] c=[#c8a48b,#c8a48b,#c8a48b,#c8a48b] rank=[0,2,1,3] relay/Relay:d=[0.000,0.000,0.000,0.000] c=[#c8a48b,#c8a48b,#c8a48b,#c8a48b] rank=[0,1,3,2] header/Header:d=[0.000,0.000,0.000,0.000] c=[#c8a48b,#c8a48b,#c8a48b,#c8a48b] rank=[2,3,1,0] result/Result:d=[0.000,0.000,0.000,0.000] c=[#c8a48b,#c8a48b,#c8a48b,#c8a48b] rank=[1,3,2,0] link:p=0.000 o=0.000
frame=87 t=1626.7 wall=1626.7 interval=14.05 dt=14.08 cpu_prev=5.947 effect_us=122 action=1 since_click=622.0 since_commit=14.1 animating=true repaint=now source/Source:d=[0.134,0.000,0.000,0.000] c=[#c5a78d,#c8a48b,#c8a48b,#c8a48b] rank=[0,2,1,3] relay/Relay:d=[0.000,0.000,0.000,0.000] c=[#c8a48b,#c8a48b,#c8a48b,#c8a48b] rank=[0,1,3,2] header/Header:d=[0.000,0.000,0.000,0.000] c=[#c8a48b,#c8a48b,#c8a48b,#c8a48b] rank=[2,3,1,0] result/Result:d=[0.000,0.000,0.000,0.000] c=[#c8a48b,#c8a48b,#c8a48b,#c8a48b] rank=[1,3,2,0] link:p=0.101 o=0.101
frame=88 t=1635.2 wall=1635.2 interval=8.50 dt=8.47 cpu_prev=6.038 effect_us=115 action=1 since_click=630.5 since_commit=22.6 animating=true repaint=now source/Source:d=[0.215,0.000,0.000,0.000] c=[#c3aa8e,#c8a48b,#c8a48b,#c8a48b] rank=[0,2,1,3] relay/Relay:d=[0.072,0.000,0.000,0.000] c=[#c6a68c,#c8a48b,#c8a48b,#c8a48b] rank=[0,1,3,2] header/Header:d=[0.000,0.000,0.000,0.000] c=[#c8a48b,#c8a48b,#c8a48b,#c8a48b] rank=[2,3,1,0] result/Result:d=[0.000,0.000,0.000,0.000] c=[#c8a48b,#c8a48b,#c8a48b,#c8a48b] rank=[1,3,2,0] link:p=0.161 o=0.161
frame=89 t=1641.0 wall=1641.0 interval=5.82 dt=5.81 cpu_prev=5.259 effect_us=126 action=1 since_click=636.3 since_commit=28.4 animating=true repaint=now source/Source:d=[0.270,0.000,0.003,0.000] c=[#c2ab8f,#c8a48b,#c8a48b,#c8a48b] rank=[0,2,1,3] relay/Relay:d=[0.127,0.000,0.000,0.000] c=[#c5a78d,#c8a48b,#c8a48b,#c8a48b] rank=[0,1,3,2] header/Header:d=[0.000,0.000,0.000,0.000] c=[#c8a48b,#c8a48b,#c8a48b,#c8a48b] rank=[2,3,1,0] result/Result:d=[0.000,0.000,0.000,0.000] c=[#c8a48b,#c8a48b,#c8a48b,#c8a48b] rank=[1,3,2,0] link:p=0.203 o=0.203
frame=90 t=1647.4 wall=1647.5 interval=6.43 dt=6.44 cpu_prev=6.104 effect_us=132 action=1 since_click=642.7 since_commit=34.8 animating=true repaint=now source/Source:d=[0.331,0.000,0.065,0.000] c=[#c1ad90,#c8a48b,#c9a68c,#c8a48b] rank=[0,2,1,3] relay/Relay:d=[0.189,0.000,0.000,0.000] c=[#c4a98e,#c8a48b,#c8a48b,#c8a48b] rank=[0,1,3,2] header/Header:d=[0.000,0.000,0.000,0.000] c=[#c8a48b,#c8a48b,#c8a48b,#c8a48b] rank=[2,3,1,0] result/Result:d=[0.000,0.000,0.000,0.000] c=[#c8a48b,#c8a48b,#c8a48b,#c8a48b] rank=[1,3,2,0] link:p=0.249 o=0.249
frame=91 t=1654.9 wall=1654.9 interval=7.42 dt=7.44 cpu_prev=7.082 effect_us=121 action=1 since_click=650.2 since_commit=42.2 animating=true repaint=now source/Source:d=[0.402,0.000,0.136,0.000] c=[#bfae91,#c8a48b,#caa98d,#c8a48b] rank=[0,2,1,3] relay/Relay:d=[0.259,0.000,0.000,0.000] c=[#c2ab8f,#c8a48b,#c8a48b,#c8a48b] rank=[0,1,3,2] header/Header:d=[0.000,0.000,0.000,0.021] c=[#c8a48b,#c8a48b,#c8a48b,#c8a58b] rank=[2,3,1,0] result/Result:d=[0.000,0.000,0.000,0.000] c=[#c8a48b,#c8a48b,#c8a48b,#c8a48b] rank=[1,3,2,0] link:p=0.302 o=0.302
frame=92 t=1662.7 wall=1662.8 interval=7.89 dt=7.88 cpu_prev=5.852 effect_us=121 action=1 since_click=658.0 since_commit=50.1 animating=true repaint=now source/Source:d=[0.477,0.000,0.211,0.000] c=[#bdb092,#c8a48b,#cbab8e,#c8a48b] rank=[0,2,1,3] relay/Relay:d=[0.334,0.068,0.000,0.000] c=[#c1ad90,#c9a68c,#c8a48b,#c8a48b] rank=[0,1,3,2] header/Header:d=[0.000,0.000,0.000,0.096] c=[#c8a48b,#c8a48b,#c8a48b,#c6a78c] rank=[2,3,1,0] result/Result:d=[0.000,0.000,0.000,0.000] c=[#c8a48b,#c8a48b,#c8a48b,#c8a48b] rank=[1,3,2,0] link:p=0.358 o=0.358
frame=93 t=1671.1 wall=1671.2 interval=8.39 dt=8.41 cpu_prev=6.760 effect_us=118 action=1 since_click=666.4 since_commit=58.5 animating=true repaint=now source/Source:d=[0.557,0.024,0.291,0.000] c=[#bcb293,#c8a48b,#ccae8e,#c8a48b] rank=[0,2,1,3] relay/Relay:d=[0.414,0.148,0.000,0.000] c=[#bfaf91,#caa98d,#c8a48b,#c8a48b] rank=[0,1,3,2] header/Header:d=[0.000,0.000,0.000,0.176] c=[#c8a48b,#c8a48b,#c8a48b,#c4a98d] rank=[2,3,1,0] result/Result:d=[0.000,0.000,0.000,0.034] c=[#c8a48b,#c8a48b,#c8a48b,#c7a58b] rank=[1,3,2,0] link:p=0.418 o=0.418
frame=94 t=1679.5 wall=1679.6 interval=8.40 dt=8.38 cpu_prev=6.710 effect_us=121 action=1 since_click=674.8 since_commit=66.9 animating=true repaint=now source/Source:d=[0.637,0.104,0.370,0.000] c=[#bab594,#c9a58a,#ceb18f,#c8a48b] rank=[0,2,1,3] relay/Relay:d=[0.494,0.228,0.000,0.000] c=[#bdb192,#cbac8e,#c8a48b,#c8a48b] rank=[0,1,3,2] header/Header:d=[0.000,0.000,0.000,0.256] c=[#c8a48b,#c8a48b,#c8a48b,#c2ab8f] rank=[2,3,1,0] result/Result:d=[0.000,0.000,0.000,0.113] c=[#c8a48b,#c8a48b,#c8a48b,#c6a78d] rank=[1,3,2,0] link:p=0.478 o=0.478
frame=95 t=1689.0 wall=1689.0 interval=9.42 dt=9.45 cpu_prev=5.806 effect_us=113 action=1 since_click=684.3 since_commit=76.3 animating=true repaint=now source/Source:d=[0.727,0.194,0.460,0.000] c=[#b8b795,#c9a68a,#cfb491,#c8a48b] rank=[0,2,1,3] relay/Relay:d=[0.584,0.318,0.000,0.051] c=[#bbb393,#cdaf8f,#c8a48b,#c8a48b] rank=[0,1,3,2] header/Header:d=[0.000,0.000,0.079,0.346] c=[#c8a48b,#c8a48b,#c9a78c,#c0ad90] rank=[2,3,1,0] result/Result:d=[0.000,0.000,0.000,0.203] c=[#c8a48b,#c8a48b,#c8a48b,#c4a98e] rank=[1,3,2,0] link:p=0.545 o=0.545
frame=96 t=1696.4 wall=1696.4 interval=7.42 dt=7.40 cpu_prev=6.166 effect_us=122 action=1 since_click=691.7 since_commit=83.7 animating=true repaint=now source/Source:d=[0.798,0.264,0.531,0.000] c=[#b6b996,#c9a68a,#d0b691,#c8a48b] rank=[0,2,1,3] relay/Relay:d=[0.655,0.388,0.000,0.121] c=[#bab594,#ceb190,#c8a48b,#c9a58a] rank=[0,1,3,2] header/Header:d=[0.000,0.000,0.150,0.417] c=[#c8a48b,#c8a48b,#caa98d,#bfaf91] rank=[2,3,1,0] result/Result:d=[0.007,0.000,0.000,0.274] c=[#c8a48b,#c8a48b,#c8a48b,#c2ab8f] rank=[1,3,2,0] link:p=0.598 o=0.598
frame=97 t=1704.6 wall=1704.6 interval=8.24 dt=8.26 cpu_prev=6.105 effect_us=111 action=1 since_click=699.9 since_commit=92.0 animating=true repaint=now source/Source:d=[0.876,0.343,0.610,0.076] c=[#b5bb97,#caa789,#d1b992,#c7a38a] rank=[0,2,1,3] relay/Relay:d=[0.733,0.467,0.000,0.200] c=[#b8b795,#cfb491,#c8a48b,#c9a68a] rank=[0,1,3,2] header/Header:d=[0.000,0.000,0.229,0.495] c=[#c8a48b,#c8a48b,#cbac8e,#bdb192] rank=[2,3,1,0] result/Result:d=[0.086,0.000,0.000,0.352] c=[#c9a78c,#c8a48b,#c8a48b,#c0ad90] rank=[1,3,2,0] link:p=0.657 o=0.657
frame=98 t=1712.8 wall=1712.9 interval=8.22 dt=8.21 cpu_prev=5.800 effect_us=125 action=1 since_click=708.1 since_commit=100.2 animating=true repaint=now source/Source:d=[0.954,0.421,0.688,0.154] c=[#b3bd98,#caa789,#d2bb93,#c7a289] rank=[0,2,1,3] relay/Relay:d=[0.812,0.545,0.012,0.278] c=[#b6b996,#d0b792,#c8a48b,#c9a68a] rank=[0,1,3,2] header/Header:d=[0.040,0.000,0.307,0.573] c=[#c8a48b,#c8a48b,#cdae8f,#bbb393] rank=[2,3,1,0] result/Result:d=[0.164,0.000,0.000,0.431] c=[#caaa8d,#c8a48b,#c8a48b,#bfaf91] rank=[1,3,2,0] link:p=0.716 o=0.716
frame=99 t=1720.8 wall=1720.8 interval=7.97 dt=7.98 cpu_prev=6.245 effect_us=120 action=1 since_click=716.1 since_commit=108.2 animating=true repaint=now source/Source:d=[1.004,0.497,0.764,0.230] c=[#b3be99,#caa889,#d3be94,#c6a088] rank=[0,2,1,3] relay/Relay:d=[0.888,0.621,0.088,0.354] c=[#b4bb97,#d1b992,#c7a38a,#caa789] rank=[0,1,3,2] header/Header:d=[0.116,0.000,0.383,0.650] c=[#c9a58a,#c8a48b,#ceb190,#bab594] rank=[2,3,1,0] result/Result:d=[0.240,0.000,0.000,0.507] c=[#ccac8e,#c8a48b,#c8a48b,#bdb192] rank=[1,3,2,0] link:p=0.773 o=0.773
frame=100 t=1729.2 wall=1729.2 interval=8.39 dt=8.37 cpu_prev=6.438 effect_us=112 action=1 since_click=724.5 since_commit=116.6 animating=true repaint=now source/Source:d=[1.014,0.577,0.844,0.310] c=[#b6bf99,#cba988,#d5c195,#c59f88] rank=[0,2,1,3] relay/Relay:d=[0.967,0.701,0.167,0.434] c=[#b3bd99,#d3bc93,#c6a189,#caa789] rank=[0,1,3,2] header/Header:d=[0.196,0.000,0.463,0.729] c=[#c9a68a,#c8a48b,#cfb491,#b8b795] rank=[2,3,1,0] result/Result:d=[0.320,0.000,0.053,0.586] c=[#cdaf8f,#c8a48b,#c8a48b,#bbb393] rank=[1,3,2,0] link:p=0.833 o=0.833
frame=101 t=1737.0 wall=1737.1 interval=7.84 dt=7.86 cpu_prev=6.524 effect_us=110 action=1 since_click=732.3 since_commit=124.4 animating=true repaint=now source/Source:d=[1.024,0.652,0.918,0.385] c=[#b9c099,#cba988,#d6c396,#c59e87] rank=[0,2,1,3] relay/Relay:d=[1.005,0.776,0.242,0.509] c=[#b4be99,#d4be94,#c6a088,#cba888] rank=[0,1,3,2] header/Header:d=[0.271,0.004,0.537,0.804] c=[#c9a68a,#c8a48b,#d0b691,#b6b996] rank=[2,3,1,0] result/Result:d=[0.395,0.000,0.128,0.661] c=[#ceb190,#c8a48b,#c9a58a,#b9b594] rank=[1,3,2,0] link:p=0.889 o=0.889
frame=102 t=1751.8 wall=1751.9 interval=14.81 dt=14.78 cpu_prev=6.448 effect_us=146 action=1 since_click=747.1 since_commit=139.2 animating=true repaint=now source/Source:d=[1.042,0.792,1.008,0.526] c=[#bfc198,#ccaa87,#d6c496,#c39c85] rank=[0,2,1,3] relay/Relay:d=[1.024,0.916,0.383,0.650] c=[#b9c099,#d6c396,#c59e87,#cba988] rank=[0,1,3,2] header/Header:d=[0.412,0.145,0.678,0.945] c=[#caa789,#c7a289,#d2bb93,#b3bd98] rank=[2,3,1,0] result/Result:d=[0.535,0.002,0.269,0.802] c=[#d0b691,#c8a48b,#c9a68a,#b6b996] rank=[1,3,2,0] link:p=0.994 o=0.994
frame=103 t=1760.1 wall=1760.1 interval=8.26 dt=8.30 cpu_prev=7.465 effect_us=120 action=1 since_click=755.4 since_commit=147.5 animating=true repaint=now source/Source:d=[1.053,0.872,1.019,0.605] c=[#c2c298,#ccab87,#d5c294,#c39a84] rank=[0,2,1,3] relay/Relay:d=[1.034,0.995,0.462,0.729] c=[#bdc098,#d7c697,#c49d86,#ccaa87] rank=[0,1,3,2] header/Header:d=[0.491,0.224,0.757,1.003] c=[#caa889,#c6a089,#d3be94,#b3be99] rank=[2,3,1,0] result/Result:d=[0.614,0.081,0.348,0.881] c=[#d1b992,#c7a38a,#caa789,#b5bb97] rank=[1,3,2,0] link:p=1.000 o=1.000
frame=104 t=1766.5 wall=1766.5 interval=6.40 dt=6.39 cpu_prev=6.136 effect_us=112 action=1 since_click=761.8 since_commit=153.9 animating=true repaint=now source/Source:d=[1.061,0.932,1.028,0.666] c=[#c5c298,#cdab86,#d5c093,#c29984] rank=[0,2,1,3] relay/Relay:d=[1.042,1.008,0.523,0.789] c=[#bfc198,#d6c496,#c39c85,#ccaa87] rank=[0,1,3,2] header/Header:d=[0.551,0.285,0.818,1.011] c=[#cba888,#c59f88,#d4c095,#b5bf99] rank=[2,3,1,0] result/Result:d=[0.675,0.142,0.409,0.942] c=[#d2bb93,#c7a289,#caa789,#b3bc98] rank=[1,3,2,0] link:p=1.000 o=1.000
frame=105 t=1773.0 wall=1773.0 interval=6.45 dt=6.48 cpu_prev=6.254 effect_us=113 action=1 since_click=768.3 since_commit=160.4 animating=true repaint=now source/Source:d=[1.069,0.994,1.037,0.727] c=[#c7c398,#cdac86,#d4be92,#c19883] rank=[0,2,1,3] relay/Relay:d=[1.050,1.017,0.585,0.851] c=[#c1c198,#d6c295,#c39b85,#ccab87] rank=[0,1,3,2] header/Header:d=[0.613,0.346,0.880,1.019] c=[#cba988,#c59e87,#d5c296,#b8bf99] rank=[2,3,1,0] result/Result:d=[0.737,0.204,0.470,1.002] c=[#d3bd94,#c6a189,#caa889,#b3be99] rank=[1,3,2,0] link:p=1.000 o=1.000
frame=106 t=1780.3 wall=1780.3 interval=7.33 dt=7.29 cpu_prev=5.847 effect_us=112 action=1 since_click=775.6 since_commit=167.7 animating=true repaint=now source/Source:d=[1.078,1.010,1.046,0.797] c=[#cac398,#ccaa86,#d3bc90,#c19782] rank=[0,2,1,3] relay/Relay:d=[1.059,1.026,0.654,0.921] c=[#c4c298,#d5c093,#c29a84,#cdab86] rank=[0,1,3,2] header/Header:d=[0.683,0.416,0.949,1.028] c=[#cba988,#c49d86,#d6c496,#bbc099] rank=[2,3,1,0] result/Result:d=[0.806,0.273,0.540,1.039] c=[#d4bf95,#c6a088,#cba888,#bec198] rank=[1,3,2,0] link:p=1.000 o=1.000
frame=107 t=1787.9 wall=1787.9 interval=7.58 dt=7.61 cpu_prev=6.337 effect_us=112 action=1 since_click=783.2 since_commit=175.3 animating=true repaint=now source/Source:d=[1.087,1.021,1.057,0.869] c=[#cdc498,#cba885,#d2ba8f,#c09681] rank=[0,2,1,3] relay/Relay:d=[1.069,1.036,0.726,0.993] c=[#c7c398,#d4be92,#c19883,#cdac86] rank=[0,1,3,2] header/Header:d=[0.755,0.488,1.003,1.038] c=[#ccaa87,#c49c86,#d7c597,#bec198] rank=[2,3,1,0] result/Result:d=[0.879,0.345,0.612,1.077] c=[#d5c296,#c59e87,#cba988,#cac398] rank=[1,3,2,0] link:p=1.000 o=1.000
frame=108 t=1796.5 wall=1796.5 interval=8.61 dt=8.60 cpu_prev=6.162 effect_us=114 action=1 since_click=791.8 since_commit=183.9 animating=true repaint=now source/Source:d=[1.098,1.033,1.068,0.951] c=[#d0c597,#c9a584,#d1b78d,#bf9581] rank=[0,2,1,3] relay/Relay:d=[1.079,1.048,0.808,1.011] c=[#cac398,#d3bc90,#c19782,#ccaa85] rank=[0,1,3,2] header/Header:d=[0.837,0.570,1.015,1.048] c=[#ccab87,#c39b85,#d6c395,#c1c198] rank=[2,3,1,0] result/Result:d=[0.961,0.427,0.694,1.119] c=[#d6c597,#c49d86,#cbaa88,#d7c697] rank=[1,3,2,0] link:p=1.000 o=1.000
frame=109 t=1804.7 wall=1804.7 interval=8.16 dt=8.17 cpu_prev=6.126 effect_us=111 action=1 since_click=800.0 since_commit=192.0 animating=true repaint=now source/Source:d=[1.108,1.045,1.079,1.005] c=[#d3c597,#c8a384,#d0b58c,#be9681] rank=[0,2,1,3] relay/Relay:d=[1.089,1.059,0.886,1.023] c=[#cec498,#d2b98f,#c09681,#caa785] rank=[0,1,3,2] header/Header:d=[0.915,0.648,1.025,1.058] c=[#cdab86,#c29a84,#d5c093,#c4c298] rank=[2,3,1,0] result/Result:d=[1.029,0.505,0.772,1.078] c=[#d5c093,#c39c85,#ccaa87,#d4bd91] rank=[1,3,2,0] link:p=1.000 o=1.000
frame=110 t=1813.1 wall=1813.2 interval=8.48 dt=8.47 cpu_prev=6.420 effect_us=114 action=1 since_click=808.4 since_commit=200.5 animating=true repaint=now source/Source:d=[1.118,1.057,1.090,1.018] c=[#d7c697,#c6a183,#cfb28a,#bd9a84] rank=[0,2,1,3] relay/Relay:d=[1.100,1.070,0.967,1.036] c=[#d1c597,#d1b78d,#bf9580,#c9a584] rank=[0,1,3,2] header/Header:d=[0.995,0.729,1.037,1.069] c=[#cdac86,#c19883,#d4be92,#c7c398] rank=[2,3,1,0] result/Result:d=[1.090,0.586,0.852,1.035] c=[#d0b38a,#c39b85,#ccab87,#d0b48b] rank=[1,3,2,0] link:p=1.000 o=1.000
frame=111 t=1821.5 wall=1821.5 interval=8.37 dt=8.39 cpu_prev=5.978 effect_us=111 action=1 since_click=816.8 since_commit=208.9 animating=true repaint=now source/Source:d=[1.111,1.069,1.101,1.032] c=[#d6c496,#c59e83,#cfb089,#bc9f87] rank=[0,2,1,3] relay/Relay:d=[1.110,1.081,1.008,1.048] c=[#d4c597,#d0b48b,#be9782,#c7a284] rank=[0,1,3,2] header/Header:d=[1.011,0.809,1.048,1.079] c=[#ccaa85,#c19782,#d3bc90,#cac398] rank=[2,3,1,0] result/Result:d=[1.090,0.666,0.932,0.993] c=[#caa685,#c29984,#cdab86,#ccab86] rank=[1,3,2,0] link:p=1.000 o=1.000
frame=112 t=1828.9 wall=1829.0 interval=7.41 dt=7.40 cpu_prev=6.090 effect_us=113 action=1 since_click=824.2 since_commit=216.3 animating=true repaint=now source/Source:d=[1.102,1.080,1.111,1.043] c=[#d5c294,#c49c82,#ceae87,#baa389] rank=[0,2,1,3] relay/Relay:d=[1.119,1.091,1.019,1.058] c=[#d7c697,#cfb28a,#bd9b84,#c6a083] rank=[0,1,3,2] header/Header:d=[1.022,0.879,1.058,1.088] c=[#caa885,#c09681,#d2b98f,#cdc498] rank=[2,3,1,0] result/Result:d=[1.037,0.736,1.004,0.956] c=[#c39b82,#c19883,#cdab86,#c8a384] rank=[1,3,2,0] link:p=1.000 o=1.000
frame=113 t=1843.4 wall=1843.5 interval=14.50 dt=14.52 cpu_prev=5.840 effect_us=111 action=1 since_click=838.7 since_commit=230.8 animating=true repaint=now source/Source:d=[1.084,1.101,1.109,1.066] c=[#d4be92,#c19881,#ccaa85,#b8ab8e] rank=[0,2,1,3] relay/Relay:d=[1.103,1.111,1.042,1.079] c=[#d6c295,#ceae87,#baa389,#c49c82] rank=[0,1,3,2] header/Header:d=[1.043,1.003,1.077,1.106] c=[#c8a384,#bf9581,#d1b58c,#d3c597] rank=[2,3,1,0] result/Result:d=[0.933,0.874,1.058,0.882] c=[#b8ab8e,#c09681,#b8aa8d,#bf9480] rank=[1,3,2,0] link:p=1.000 o=1.000
frame=114 t=1851.7 wall=1851.7 interval=8.24 dt=8.23 cpu_prev=5.831 effect_us=111 action=1 since_click=847.0 since_commit=239.0 animating=true repaint=now source/Source:d=[1.074,1.113,1.098,1.079] c=[#d3bc90,#c09580,#caa885,#b6b091] rank=[0,2,1,3] relay/Relay:d=[1.092,1.118,1.056,1.091] c=[#d5c093,#cdac86,#b9a78c,#c29a81] rank=[0,1,3,2] header/Header:d=[1.055,1.016,1.088,1.117] c=[#c7a183,#bd9a83,#d0b38a,#d6c697] rank=[2,3,1,0] result/Result:d=[0.893,0.953,0.956,0.969] c=[#b4be99,#bf9581,#bfc198,#bba288] rank=[1,3,2,0] link:p=1.000 o=1.000
frame=115 t=1858.0 wall=1858.0 interval=6.32 dt=6.34 cpu_prev=6.068 effect_us=111 action=1 since_click=853.3 since_commit=245.4 animating=true repaint=now source/Source:d=[1.066,1.118,1.090,1.089] c=[#d2ba8f,#bf9580,#c9a684,#b5b393] rank=[0,2,1,3] relay/Relay:d=[1.084,1.110,1.066,1.101] c=[#d4be92,#ccaa85,#b8ab8e,#c19881] rank=[0,1,3,2] header/Header:d=[1.064,1.026,1.097,1.115] c=[#c59f83,#bc9d85,#cfb189,#d7c596] rank=[2,3,1,0] result/Result:d=[0.995,1.060,0.884,1.041] c=[#c2c198,#b8a98d,#d7c697,#b7ad8f] rank=[1,3,2,0] link:p=1.000 o=1.000
frame=116 t=1864.1 wall=1864.1 interval=6.10 dt=6.08 cpu_prev=5.832 effect_us=109 action=1 since_click=859.4 since_commit=251.5 animating=true repaint=now source/Source:d=[1.058,1.109,1.082,1.099] c=[#d2b98e,#be9882,#c9a484,#b4b795] rank=[0,2,1,3] relay/Relay:d=[1.077,1.102,1.075,1.109] c=[#d3bd91,#cba885,#b7ae90,#c09681] rank=[0,1,3,2] header/Header:d=[1.073,1.036,1.105,1.108] c=[#c49d82,#bba087,#ceaf88,#d6c395] rank=[2,3,1,0] result/Result:d=[1.093,0.914,1.052,1.110] c=[#cfc497,#d0b38b,#d1b58c,#b4b895] rank=[1,3,2,0] link:p=1.000 o=1.000
frame=117 t=1871.0 wall=1871.0 interval=6.85 dt=6.86 cpu_prev=6.399 effect_us=111 action=1 since_click=866.2 since_commit=258.3 animating=true repaint=now source/Source:d=[1.050,1.099,1.072,1.110] c=[#d1b78d,#bd9b84,#c7a284,#b3ba97] rank=[0,2,1,3] relay/Relay:d=[1.068,1.092,1.086,1.119] c=[#d3bb90,#caa685,#b6b292,#bf9480] rank=[0,1,3,2] header/Header:d=[1.083,1.046,1.114,1.099] c=[#c39b82,#baa48a,#cdad87,#d5c294] rank=[2,3,1,0] result/Result:d=[1.150,1.150,1.150,1.150] c=[#d7c697,#bf9480,#cdac86,#b2be99] rank=[1,3,2,0] link:p=1.000 o=1.000
frame=118 t=1879.2 wall=1879.2 interval=8.27 dt=8.25 cpu_prev=6.318 effect_us=112 action=1 since_click=874.5 since_commit=266.6 animating=true repaint=now source/Source:d=[1.040,1.087,1.061,1.117] c=[#d0b58c,#bba087,#c6a083,#b3be99] rank=[0,2,1,3] relay/Relay:d=[1.058,1.081,1.099,1.109] c=[#d2b98e,#c9a484,#b4b795,#be9882] rank=[0,1,3,2] header/Header:d=[1.095,1.060,1.115,1.089] c=[#c29981,#b9a98c,#ccab86,#d4bf93] rank=[2,3,1,0] result/Result:d=[1.150,1.150,1.150,1.150] c=[#d7c697,#bf9480,#cdac86,#b2be99] rank=[1,3,2,0] link:p=1.000 o=1.000
frame=119 t=1893.4 wall=1893.4 interval=14.19 dt=14.20 cpu_prev=5.915 effect_us=125 action=1 since_click=888.7 since_commit=280.8 animating=true repaint=now source/Source:d=[1.022,1.066,1.042,1.095] c=[#cfb189,#b9a78b,#c49c82,#bac099] rank=[0,2,1,3] relay/Relay:d=[1.041,1.062,1.118,1.088] c=[#d0b58c,#c6a083,#b3be99,#bc9f87] rank=[0,1,3,2] header/Header:d=[1.116,1.082,1.096,1.072] c=[#c09580,#b6b191,#caa785,#d3bc90] rank=[2,3,1,0] result/Result:d=[1.150,1.150,1.150,1.150] c=[#d7c697,#bf9480,#cdac86,#b2be99] rank=[1,3,2,0] link:p=1.000 o=1.000
frame=120 t=1901.7 wall=1901.7 interval=8.26 dt=8.25 cpu_prev=5.930 effect_us=115 action=1 since_click=896.9 since_commit=289.0 animating=true repaint=now source/Source:d=[1.012,1.054,1.031,1.082] c=[#ceaf88,#b8ab8e,#c39a82,#bec198] rank=[0,2,1,3] relay/Relay:d=[1.030,1.051,1.105,1.076] c=[#d0b38a,#c59e83,#b7bf99,#baa389] rank=[0,1,3,2] header/Header:d=[1.112,1.095,1.085,1.061] c=[#be9782,#b5b594,#c9a584,#d2b98f] rank=[2,3,1,0] result/Result:d=[1.150,1.150,1.150,1.150] c=[#d7c697,#bf9480,#cdac86,#b2be99] rank=[1,3,2,0] link:p=1.000 o=1.000
frame=121 t=1907.2 wall=1907.2 interval=5.53 dt=5.56 cpu_prev=5.298 effect_us=109 action=1 since_click=902.5 since_commit=294.6 animating=true repaint=now source/Source:d=[1.005,1.046,1.024,1.073] c=[#cdad87,#b7ae8f,#c29981,#c1c198] rank=[0,2,1,3] relay/Relay:d=[1.023,1.044,1.096,1.068] c=[#cfb189,#c49d82,#b9c099,#b9a68b] rank=[0,1,3,2] header/Header:d=[1.104,1.104,1.077,1.054] c=[#bd9a83,#b4b896,#c8a384,#d2b88e] rank=[2,3,1,0] result/Result:d=[1.150,1.150,1.150,1.150] c=[#d7c697,#bf9480,#cdac86,#b2be99] rank=[1,3,2,0] link:p=1.000 o=1.000
frame=122 t=1913.7 wall=1913.7 interval=6.52 dt=6.49 cpu_prev=6.187 effect_us=112 action=1 since_click=909.0 since_commit=301.1 animating=true repaint=now source/Source:d=[0.997,1.037,1.015,1.062] c=[#cdab86,#b6b191,#c19781,#c4c298] rank=[0,2,1,3] relay/Relay:d=[1.015,1.035,1.086,1.059] c=[#ceaf88,#c39b82,#bcc098,#b8a98d] rank=[0,1,3,2] header/Header:d=[1.095,1.114,1.069,1.046] c=[#bc9d85,#b3bc98,#c7a283,#d1b68d] rank=[2,3,1,0] result/Result:d=[1.150,1.150,1.150,1.150] c=[#d7c697,#bf9480,#cdac86,#b2be99] rank=[1,3,2,0] link:p=1.000 o=1.000
frame=123 t=1921.1 wall=1921.2 interval=7.41 dt=7.43 cpu_prev=5.774 effect_us=112 action=1 since_click=916.4 since_commit=308.5 animating=true repaint=now source/Source:d=[0.988,1.026,1.005,1.051] c=[#ccaa85,#b5b594,#c09580,#c7c398] rank=[0,2,1,3] relay/Relay:d=[1.006,1.025,1.074,1.048] c=[#cead87,#c29981,#c0c198,#b7ad8f] rank=[0,1,3,2] header/Header:d=[1.084,1.114,1.059,1.037] c=[#bba187,#b4be99,#c6a083,#d0b48b] rank=[2,3,1,0] result/Result:d=[1.150,1.150,1.150,1.150] c=[#d7c697,#bf9480,#cdac86,#b2be99] rank=[1,3,2,0] link:p=1.000 o=1.000
frame=124 t=1935.0 wall=1935.1 interval=13.92 dt=13.91 cpu_prev=5.242 effect_us=125 action=1 since_click=930.3 since_commit=322.4 animating=true repaint=now source/Source:d=[0.970,1.006,0.987,1.029] c=[#caa685,#b3bc98,#be9983,#cec497] rank=[0,2,1,3] relay/Relay:d=[0.989,1.007,1.052,1.028] c=[#ccaa85,#c09580,#c7c398,#b5b493] rank=[0,1,3,2] header/Header:d=[1.064,1.092,1.040,1.020] c=[#b9a88c,#bbc099,#c49c82,#cfb089] rank=[2,3,1,0] result/Result:d=[1.150,1.150,1.150,1.150] c=[#d7c697,#bf9480,#cdac86,#b2be99] rank=[1,3,2,0] link:p=1.000 o=1.000
frame=125 t=1943.3 wall=1943.3 interval=8.26 dt=8.27 cpu_prev=5.808 effect_us=124 action=1 since_click=938.6 since_commit=330.7 animating=true repaint=now source/Source:d=[0.960,0.994,0.976,1.016] c=[#c8a484,#b4be99,#bc9d85,#d2c597] rank=[0,2,1,3] relay/Relay:d=[0.979,0.996,1.039,1.016] c=[#cba885,#bf9581,#cbc398,#b4b996] rank=[0,1,3,2] header/Header:d=[1.052,1.079,1.029,1.010] c=[#b8ac8e,#bfc198,#c29a81,#ceae87] rank=[2,3,1,0] result/Result:d=[1.150,1.150,1.150,1.150] c=[#d7c697,#bf9480,#cdac86,#b2be99] rank=[1,3,2,0] link:p=1.000 o=1.000
frame=126 t=1949.5 wall=1949.5 interval=6.17 dt=6.15 cpu_prev=5.877 effect_us=132 action=1 since_click=944.8 since_commit=336.9 animating=true repaint=now source/Source:d=[0.952,0.985,0.967,1.006] c=[#c7a284,#b7bf99,#bb9f87,#d5c697] rank=[0,2,1,3] relay/Relay:d=[0.971,0.987,1.030,1.007] c=[#caa685,#be9883,#cec497,#b3bc98] rank=[0,1,3,2] header/Header:d=[1.043,1.069,1.021,1.002] c=[#b7af90,#c2c198,#c19881,#cdac86] rank=[2,3,1,0] result/Result:d=[1.150,1.150,1.150,1.150] c=[#d7c697,#bf9480,#cdac86,#b2be99] rank=[1,3,2,0] link:p=1.000 o=1.000
frame=127 t=1955.9 wall=1955.9 interval=6.42 dt=6.44 cpu_prev=6.081 effect_us=128 action=1 since_click=951.2 since_commit=343.3 animating=true repaint=now source/Source:d=[0.944,0.976,0.959,0.996] c=[#c7a183,#bac099,#bba289,#d7c596] rank=[0,2,1,3] relay/Relay:d=[0.963,0.979,1.019,0.997] c=[#c9a584,#bd9b84,#d1c597,#b3be99] rank=[0,1,3,2] header/Header:d=[1.034,1.059,1.012,0.994] c=[#b6b292,#c5c298,#c09681,#ccab86] rank=[2,3,1,0] result/Result:d=[1.150,1.150,1.150,1.150] c=[#d7c697,#bf9480,#cdac86,#b2be99] rank=[1,3,2,0] link:p=1.000 o=1.000
frame=128 t=1962.8 wall=1962.8 interval=6.90 dt=6.88 cpu_prev=6.461 effect_us=125 action=1 since_click=958.1 since_commit=350.2 animating=true repaint=now source/Source:d=[0.936,0.966,0.950,0.985] c=[#c69f83,#bdc098,#baa68a,#d6c395] rank=[0,2,1,3] relay/Relay:d=[0.955,0.970,1.008,0.987] c=[#c8a384,#bc9f86,#d4c597,#b6bf99] rank=[0,1,3,2] header/Header:d=[1.024,1.048,1.003,0.986] c=[#b5b694,#c8c398,#bf9580,#cba985] rank=[2,3,1,0] result/Result:d=[1.150,1.150,1.150,1.150] c=[#d7c697,#bf9480,#cdac86,#b2be99] rank=[1,3,2,0] link:p=1.000 o=1.000
frame=129 t=1971.5 wall=1971.6 interval=8.72 dt=8.74 cpu_prev=6.555 effect_us=114 action=1 since_click=966.8 since_commit=358.9 animating=true repaint=now source/Source:d=[0.925,0.953,0.938,0.971] c=[#c49d82,#c0c198,#b8aa8d,#d5c093] rank=[0,2,1,3] relay/Relay:d=[0.944,0.958,0.995,0.975] c=[#c6a183,#baa389,#d7c596,#bac099] rank=[0,1,3,2] header/Header:d=[1.011,1.034,0.991,0.975] c=[#b3ba97,#ccc498,#be9782,#caa785] rank=[2,3,1,0] result/Result:d=[1.150,1.150,1.150,1.150] c=[#d7c697,#bf9480,#cdac86,#b2be99] rank=[1,3,2,0] link:p=1.000 o=1.000
frame=130 t=1980.0 wall=1980.0 interval=8.49 dt=8.48 cpu_prev=5.661 effect_us=112 action=1 since_click=975.3 since_commit=367.4 animating=true repaint=now source/Source:d=[0.915,0.941,0.927,0.957] c=[#c39b82,#c4c298,#b7ae8f,#d3bd91] rank=[0,2,1,3] relay/Relay:d=[0.933,0.947,0.981,0.962] c=[#c59f83,#b9a78b,#d5c294,#bec198] rank=[0,1,3,2] header/Header:d=[0.999,1.021,0.980,0.964] c=[#b2be99,#d1c597,#bd9b84,#c9a584] rank=[2,3,1,0] result/Result:d=[1.150,1.150,1.150,1.150] c=[#d7c697,#bf9480,#cdac86,#b2be99] rank=[1,3,2,0] link:p=1.000 o=1.000
frame=131 t=1988.3 wall=1988.3 interval=8.30 dt=8.32 cpu_prev=6.031 effect_us=112 action=1 since_click=983.6 since_commit=375.7 animating=true repaint=now source/Source:d=[0.904,0.929,0.915,0.944] c=[#c29981,#c8c398,#b6b292,#d2ba8f] rank=[0,2,1,3] relay/Relay:d=[0.923,0.936,0.968,0.950] c=[#c49d82,#b8ab8d,#d4bf92,#c1c198] rank=[0,1,3,2] header/Header:d=[0.987,1.008,0.969,0.954] c=[#b6bf99,#d5c597,#bc9f86,#c8a384] rank=[2,3,1,0] result/Result:d=[1.150,1.150,1.150,1.150] c=[#d7c697,#bf9480,#cdac86,#b2be99] rank=[1,3,2,0] link:p=1.000 o=1.000
frame=132 t=1997.2 wall=1997.2 interval=8.90 dt=8.88 cpu_prev=5.552 effect_us=112 action=1 since_click=992.5 since_commit=384.6 animating=true repaint=now source/Source:d=[0.893,0.916,0.904,0.930] c=[#c19781,#ccc498,#b5b694,#d1b78d] rank=[0,2,1,3] relay/Relay:d=[0.912,0.924,0.954,0.938] c=[#c39a82,#b7af90,#d3bc90,#c5c298] rank=[0,1,3,2] header/Header:d=[0.974,0.994,0.957,0.943] c=[#bac099,#d6c596,#baa389,#c6a183] rank=[2,3,1,0] result/Result:d=[1.150,1.150,1.150,1.150] c=[#d7c697,#bf9480,#cdac86,#b2be99] rank=[1,3,2,0] link:p=1.000 o=1.000
frame=133 t=2004.6 wall=2004.6 interval=7.33 dt=7.35 cpu_prev=5.746 effect_us=126 action=1 since_click=999.9 since_commit=391.9 animating=true repaint=now source/Source:d=[0.884,0.905,0.894,0.919] c=[#bf9580,#cfc497,#b3b996,#d0b48b] rank=[0,2,1,3] relay/Relay:d=[0.903,0.914,0.942,0.927] c=[#c29981,#b6b292,#d2b98f,#c9c398] rank=[0,1,3,2] header/Header:d=[0.963,0.982,0.947,0.934] c=[#bdc098,#d5c294,#b9a68b,#c59f83] rank=[2,3,1,0] result/Result:d=[1.150,1.150,1.150,1.150] c=[#d7c697,#bf9480,#cdac86,#b2be99] rank=[1,3,2,0] link:p=1.000 o=1.000
frame=134 t=2013.3 wall=2013.4 interval=8.79 dt=8.76 cpu_prev=5.763 effect_us=112 action=1 since_click=1008.6 since_commit=400.7 animating=true repaint=now source/Source:d=[0.895,0.892,0.882,0.905] c=[#be9681,#d3c597,#b2bd99,#cfb189] rank=[0,2,1,3] relay/Relay:d=[0.892,0.902,0.928,0.914] c=[#c09681,#b4b694,#d1b68d,#ccc498] rank=[0,1,3,2] header/Header:d=[0.950,0.968,0.936,0.923] c=[#c1c198,#d4bf92,#b8ab8d,#c49d82] rank=[2,3,1,0] result/Result:d=[1.150,1.150,1.150,1.150] c=[#d7c697,#bf9480,#cdac86,#b2be99] rank=[1,3,2,0] link:p=1.000 o=1.000
frame=135 t=2021.2 wall=2021.2 interval=7.87 dt=7.88 cpu_prev=6.207 effect_us=117 action=1 since_click=1016.5 since_commit=408.6 animating=true repaint=now source/Source:d=[0.917,0.881,0.899,0.892] c=[#bd9a83,#d7c697,#b5bf99,#ceaf88] rank=[0,2,1,3] relay/Relay:d=[0.882,0.892,0.916,0.903] c=[#bf9480,#b3ba97,#d0b48b,#d0c497] rank=[0,1,3,2] header/Header:d=[0.939,0.956,0.925,0.913] c=[#c5c298,#d3bc91,#b7ae90,#c39b82] rank=[2,3,1,0] result/Result:d=[1.150,1.150,1.150,1.150] c=[#d7c697,#bf9480,#cdac86,#b2be99] rank=[1,3,2,0] link:p=1.000 o=1.000
frame=136 t=2029.2 wall=2029.3 interval=8.03 dt=8.01 cpu_prev=5.741 effect_us=110 action=1 since_click=1024.5 since_commit=416.6 animating=true repaint=now source/Source:d=[0.940,0.904,0.923,0.881] c=[#bc9d86,#d6c495,#b8bf99,#cdac86] rank=[0,2,1,3] relay/Relay:d=[0.898,0.881,0.903,0.891] c=[#be9782,#b2be99,#cfb189,#d4c597] rank=[0,1,3,2] header/Header:d=[0.927,0.943,0.914,0.903] c=[#c8c398,#d2ba8f,#b6b292,#c29981] rank=[2,3,1,0] result/Result:d=[1.150,1.150,1.150,1.150] c=[#d7c697,#bf9480,#cdac86,#b2be99] rank=[1,3,2,0] link:p=1.000 o=1.000
frame=137 t=2037.2 wall=2037.2 interval=7.97 dt=7.99 cpu_prev=6.463 effect_us=109 action=1 since_click=1032.5 since_commit=424.6 animating=true repaint=now source/Source:d=[0.962,0.930,0.947,0.910] c=[#bba188,#d5c194,#bbc099,#cba985] rank=[0,2,1,3] relay/Relay:d=[0.920,0.902,0.891,0.881] c=[#bd9a84,#b5bf99,#ceae87,#d7c697] rank=[0,1,3,2] header/Header:d=[0.916,0.930,0.904,0.893] c=[#ccc498,#d1b78d,#b5b694,#c19781] rank=[2,3,1,0] result/Result:d=[1.150,1.150,1.150,1.150] c=[#d7c697,#bf9480,#cdac86,#b2be99] rank=[1,3,2,0] link:p=1.000 o=1.000
frame=138 t=2051.7 wall=2051.7 interval=14.49 dt=14.47 cpu_prev=5.901 effect_us=112 action=1 since_click=1047.0 since_commit=439.1 animating=true repaint=now source/Source:d=[1.002,0.977,0.991,0.961] c=[#b9a78b,#d3bd91,#c1c198,#c9a584] rank=[0,2,1,3] relay/Relay:d=[0.960,0.946,0.908,0.928] c=[#bba187,#bbc099,#ccaa85,#d5c194] rank=[0,1,3,2] header/Header:d=[0.895,0.907,0.884,0.891] c=[#d2c597,#cfb28a,#b2bd98,#be9681] rank=[2,3,1,0] result/Result:d=[1.150,1.150,1.150,1.150] c=[#d7c697,#bf9480,#cdac86,#b2be99] rank=[1,3,2,0] link:p=1.000 o=1.000
frame=139 t=2060.0 wall=2060.0 interval=8.31 dt=8.33 cpu_prev=6.060 effect_us=111 action=1 since_click=1055.3 since_commit=447.4 animating=true repaint=now source/Source:d=[1.026,1.004,1.016,0.991] c=[#b8ab8d,#d2ba8f,#c5c298,#c7a284] rank=[0,2,1,3] relay/Relay:d=[0.984,0.971,0.938,0.955] c=[#baa48a,#bec198,#caa785,#d4bf92] rank=[0,1,3,2] header/Header:d=[0.883,0.894,0.895,0.914] c=[#d6c697,#ceaf88,#b4be99,#bd9983] rank=[2,3,1,0] result/Result:d=[1.150,1.150,1.150,1.150] c=[#d7c697,#bf9480,#cdac86,#b2be99] rank=[1,3,2,0] link:p=1.000 o=1.000
frame=140 t=2065.8 wall=2065.8 interval=5.82 dt=5.80 cpu_prev=5.535 effect_us=111 action=1 since_click=1061.1 since_commit=453.2 animating=true repaint=now source/Source:d=[1.042,1.023,1.033,1.012] c=[#b7ad8f,#d2b88e,#c7c398,#c6a083] rank=[0,2,1,3] relay/Relay:d=[1.000,0.988,0.958,0.974] c=[#b9a78b,#c1c198,#c9a584,#d4bd91] rank=[0,1,3,2] header/Header:d=[0.893,0.885,0.913,0.930] c=[#d7c596,#cdad87,#b7bf99,#bd9c85] rank=[2,3,1,0] result/Result:d=[1.150,1.150,1.150,1.150] c=[#d7c697,#bf9480,#cdac86,#b2be99] rank=[1,3,2,0] link:p=1.000 o=1.000
frame=141 t=2071.9 wall=2071.9 interval=6.05 dt=6.08 cpu_prev=5.831 effect_us=109 action=1 since_click=1067.2 since_commit=459.3 animating=true repaint=now source/Source:d=[1.059,1.043,1.052,1.033] c=[#b6b091,#d1b68d,#cac398,#c59e83] rank=[0,2,1,3] relay/Relay:d=[1.017,1.006,0.980,0.994] c=[#b8a98d,#c3c298,#c8a384,#d3bb90] rank=[0,1,3,2] header/Header:d=[0.913,0.891,0.931,0.947] c=[#d6c395,#ccab86,#b9c099,#bc9e86] rank=[2,3,1,0] result/Result:d=[1.150,1.150,1.150,1.150] c=[#d7c697,#bf9480,#cdac86,#b2be99] rank=[1,3,2,0] link:p=1.000 o=1.000
frame=142 t=2079.2 wall=2079.2 interval=7.30 dt=7.27 cpu_prev=5.337 effect_us=110 action=1 since_click=1074.5 since_commit=466.5 animating=true repaint=now source/Source:d=[1.079,1.067,1.073,1.059] c=[#b5b392,#d0b48b,#cdc498,#c49c82] rank=[0,2,1,3] relay/Relay:d=[1.037,1.028,1.006,1.018] c=[#b7ac8f,#c6c298,#c6a183,#d2b98e] rank=[0,1,3,2] header/Header:d=[0.936,0.917,0.953,0.967] c=[#d5c193,#cba985,#bcc098,#bba288] rank=[2,3,1,0] result/Result:d=[1.150,1.150,1.150,1.150] c=[#d7c697,#bf9480,#cdac86,#b2be99] rank=[1,3,2,0] link:p=1.000 o=1.000
frame=143 t=2093.4 wall=2093.4 interval=14.20 dt=14.22 cpu_prev=5.082 effect_us=121 action=1 since_click=1088.7 since_commit=480.8 animating=true repaint=now source/Source:d=[1.119,1.113,1.116,1.110] c=[#b4b996,#ceb088,#d2c597,#c19881] rank=[0,2,1,3] relay/Relay:d=[1.077,1.071,1.056,1.064] c=[#b6b392,#ccc498,#c49c82,#d0b48b] rank=[0,1,3,2] header/Header:d=[0.983,0.967,0.996,1.007] c=[#d3bc91,#c8a484,#c2c198,#b9a88c] rank=[2,3,1,0] result/Result:d=[1.150,1.150,1.150,1.150] c=[#d7c697,#bf9480,#cdac86,#b2be99] rank=[1,3,2,0] link:p=1.000 o=1.000
frame=144 t=2101.7 wall=2101.7 interval=8.34 dt=8.32 cpu_prev=5.996 effect_us=122 action=1 since_click=1097.0 since_commit=489.1 animating=true repaint=now source/Source:d=[1.142,1.140,1.141,1.140] c=[#b2bd98,#cdad87,#d6c697,#c09580] rank=[0,2,1,3] relay/Relay:d=[1.100,1.096,1.086,1.092] c=[#b4b694,#d0c497,#c29a81,#cfb28a] rank=[0,1,3,2] header/Header:d=[1.010,0.997,1.021,1.030] c=[#d2b98f,#c7a283,#c5c298,#b8ab8e] rank=[2,3,1,0] result/Result:d=[1.150,1.150,1.150,1.150] c=[#d7c697,#bf9480,#cdac86,#b2be99] rank=[1,3,2,0] link:p=1.000 o=1.000
frame=145 t=2108.0 wall=2108.0 interval=6.27 dt=6.29 cpu_prev=6.002 effect_us=111 action=1 since_click=1103.3 since_commit=495.4 animating=true repaint=now source/Source:d=[1.150,1.150,1.150,1.150] c=[#b2be99,#cdac86,#d7c697,#bf9480] rank=[0,2,1,3] relay/Relay:d=[1.118,1.115,1.109,1.112] c=[#b4b996,#d2c597,#c19881,#ceb088] rank=[0,1,3,2] header/Header:d=[1.030,1.019,1.040,1.048] c=[#d1b88e,#c6a083,#c8c398,#b7ae90] rank=[2,3,1,0] result/Result:d=[1.150,1.150,1.150,1.150] c=[#d7c697,#bf9480,#cdac86,#b2be99] rank=[1,3,2,0] link:p=1.000 o=1.000
frame=146 t=2114.7 wall=2114.7 interval=6.72 dt=6.71 cpu_prev=6.448 effect_us=111 action=1 since_click=1110.0 since_commit=502.1 animating=true repaint=now source/Source:d=[1.150,1.150,1.150,1.150] c=[#b2be99,#cdac86,#d7c697,#bf9480] rank=[0,2,1,3] relay/Relay:d=[1.136,1.135,1.132,1.134] c=[#b3bc98,#d5c697,#c09680,#ceae87] rank=[0,1,3,2] header/Header:d=[1.052,1.043,1.060,1.066] c=[#d1b58c,#c59d82,#cbc398,#b6b191] rank=[2,3,1,0] result/Result:d=[1.150,1.150,1.150,1.150] c=[#d7c697,#bf9480,#cdac86,#b2be99] rank=[1,3,2,0] link:p=1.000 o=1.000
frame=147 t=2121.1 wall=2121.1 interval=6.38 dt=6.40 cpu_prev=6.106 effect_us=112 action=1 since_click=1116.4 since_commit=508.5 animating=true repaint=now source/Source:d=[1.150,1.150,1.150,1.150] c=[#b2be99,#cdac86,#d7c697,#bf9480] rank=[0,2,1,3] relay/Relay:d=[1.150,1.150,1.150,1.150] c=[#b2be99,#d7c697,#bf9480,#cdac86] rank=[0,1,3,2] header/Header:d=[1.073,1.066,1.079,1.084] c=[#d0b38b,#c39b82,#cdc498,#b5b493] rank=[2,3,1,0] result/Result:d=[1.150,1.150,1.150,1.150] c=[#d7c697,#bf9480,#cdac86,#b2be99] rank=[1,3,2,0] link:p=1.000 o=1.000
frame=148 t=2135.1 wall=2135.2 interval=14.08 dt=14.04 cpu_prev=5.664 effect_us=113 action=1 since_click=1130.4 since_commit=522.5 animating=true repaint=now source/Source:d=[1.150,1.150,1.150,1.150] c=[#b2be99,#cdac86,#d7c697,#bf9480] rank=[0,2,1,3] relay/Relay:d=[1.150,1.150,1.150,1.150] c=[#b2be99,#d7c697,#bf9480,#cdac86] rank=[0,1,3,2] header/Header:d=[1.119,1.116,1.121,1.124] c=[#ceaf88,#c19781,#d3c597,#b3ba97] rank=[2,3,1,0] result/Result:d=[1.150,1.150,1.150,1.150] c=[#d7c697,#bf9480,#cdac86,#b2be99] rank=[1,3,2,0] link:p=1.000 o=1.000
frame=149 t=2143.4 wall=2143.4 interval=8.20 dt=8.25 cpu_prev=5.782 effect_us=124 action=1 since_click=1138.7 since_commit=530.8 animating=true repaint=now source/Source:d=[1.150,1.150,1.150,1.150] c=[#b2be99,#cdac86,#d7c697,#bf9480] rank=[0,2,1,3] relay/Relay:d=[1.150,1.150,1.150,1.150] c=[#b2be99,#d7c697,#bf9480,#cdac86] rank=[0,1,3,2] header/Header:d=[1.146,1.146,1.146,1.147] c=[#cdac86,#bf9480,#d6c697,#b2bd99] rank=[2,3,1,0] result/Result:d=[1.150,1.150,1.150,1.150] c=[#d7c697,#bf9480,#cdac86,#b2be99] rank=[1,3,2,0] link:p=1.000 o=1.000
frame=150 t=2149.9 wall=2150.0 interval=6.59 dt=6.53 cpu_prev=6.134 effect_us=122 action=1 since_click=1145.2 since_commit=537.3 animating=true repaint=now source/Source:d=[1.150,1.150,1.150,1.150] c=[#b2be99,#cdac86,#d7c697,#bf9480] rank=[0,2,1,3] relay/Relay:d=[1.150,1.150,1.150,1.150] c=[#b2be99,#d7c697,#bf9480,#cdac86] rank=[0,1,3,2] header/Header:d=[1.150,1.150,1.150,1.150] c=[#cdac86,#bf9480,#d7c697,#b2be99] rank=[2,3,1,0] result/Result:d=[1.150,1.150,1.150,1.150] c=[#d7c697,#bf9480,#cdac86,#b2be99] rank=[1,3,2,0] link:p=1.000 o=1.000
frame=151 t=2156.7 wall=2156.8 interval=6.78 dt=6.85 cpu_prev=6.569 effect_us=112 action=1 since_click=1152.0 since_commit=544.1 animating=true repaint=now source/Source:d=[1.150,1.150,1.150,1.150] c=[#b2be99,#cdac86,#d7c697,#bf9480] rank=[0,2,1,3] relay/Relay:d=[1.150,1.150,1.150,1.150] c=[#b2be99,#d7c697,#bf9480,#cdac86] rank=[0,1,3,2] header/Header:d=[1.150,1.150,1.150,1.150] c=[#cdac86,#bf9480,#d7c697,#b2be99] rank=[2,3,1,0] result/Result:d=[1.150,1.150,1.150,1.150] c=[#d7c697,#bf9480,#cdac86,#b2be99] rank=[1,3,2,0] link:p=1.000 o=1.000
frame=152 t=2163.0 wall=2163.0 interval=6.28 dt=6.26 cpu_prev=5.938 effect_us=111 action=1 since_click=1158.3 since_commit=550.4 animating=true repaint=now source/Source:d=[1.150,1.150,1.150,1.150] c=[#b2be99,#cdac86,#d7c697,#bf9480] rank=[0,2,1,3] relay/Relay:d=[1.150,1.150,1.150,1.150] c=[#b2be99,#d7c697,#bf9480,#cdac86] rank=[0,1,3,2] header/Header:d=[1.150,1.150,1.150,1.150] c=[#cdac86,#bf9480,#d7c697,#b2be99] rank=[2,3,1,0] result/Result:d=[1.150,1.150,1.150,1.150] c=[#d7c697,#bf9480,#cdac86,#b2be99] rank=[1,3,2,0] link:p=1.000 o=1.000
frame=153 t=2170.9 wall=2170.9 interval=7.90 dt=7.92 cpu_prev=6.225 effect_us=109 action=1 since_click=1166.2 since_commit=558.3 animating=true repaint=now source/Source:d=[1.150,1.150,1.150,1.150] c=[#b2be99,#cdac86,#d7c697,#bf9480] rank=[0,2,1,3] relay/Relay:d=[1.150,1.150,1.150,1.150] c=[#b2be99,#d7c697,#bf9480,#cdac86] rank=[0,1,3,2] header/Header:d=[1.150,1.150,1.150,1.150] c=[#cdac86,#bf9480,#d7c697,#b2be99] rank=[2,3,1,0] result/Result:d=[1.150,1.150,1.150,1.150] c=[#d7c697,#bf9480,#cdac86,#b2be99] rank=[1,3,2,0] link:p=1.000 o=1.000
frame=154 t=2185.1 wall=2185.1 interval=14.20 dt=14.19 cpu_prev=5.324 effect_us=126 action=1 since_click=1180.4 since_commit=572.5 animating=true repaint=now source/Source:d=[1.150,1.150,1.150,1.150] c=[#b2be99,#cdac86,#d7c697,#bf9480] rank=[0,2,1,3] relay/Relay:d=[1.150,1.150,1.150,1.150] c=[#b2be99,#d7c697,#bf9480,#cdac86] rank=[0,1,3,2] header/Header:d=[1.150,1.150,1.150,1.150] c=[#cdac86,#bf9480,#d7c697,#b2be99] rank=[2,3,1,0] result/Result:d=[1.150,1.150,1.150,1.150] c=[#d7c697,#bf9480,#cdac86,#b2be99] rank=[1,3,2,0] link:p=1.000 o=1.000
frame=155 t=2193.4 wall=2193.4 interval=8.24 dt=8.26 cpu_prev=6.453 effect_us=128 action=1 since_click=1188.7 since_commit=580.7 animating=true repaint=now source/Source:d=[1.150,1.150,1.150,1.150] c=[#b2be99,#cdac86,#d7c697,#bf9480] rank=[0,2,1,3] relay/Relay:d=[1.150,1.150,1.150,1.150] c=[#b2be99,#d7c697,#bf9480,#cdac86] rank=[0,1,3,2] header/Header:d=[1.150,1.150,1.150,1.150] c=[#cdac86,#bf9480,#d7c697,#b2be99] rank=[2,3,1,0] result/Result:d=[1.150,1.150,1.150,1.150] c=[#d7c697,#bf9480,#cdac86,#b2be99] rank=[1,3,2,0] link:p=1.000 o=1.000
frame=156 t=2199.1 wall=2199.1 interval=5.75 dt=5.73 cpu_prev=5.439 effect_us=120 action=1 since_click=1194.4 since_commit=586.5 animating=true repaint=now source/Source:d=[1.150,1.150,1.150,1.150] c=[#b2be99,#cdac86,#d7c697,#bf9480] rank=[0,2,1,3] relay/Relay:d=[1.150,1.150,1.150,1.150] c=[#b2be99,#d7c697,#bf9480,#cdac86] rank=[0,1,3,2] header/Header:d=[1.150,1.150,1.150,1.150] c=[#cdac86,#bf9480,#d7c697,#b2be99] rank=[2,3,1,0] result/Result:d=[1.150,1.150,1.150,1.150] c=[#d7c697,#bf9480,#cdac86,#b2be99] rank=[1,3,2,0] link:p=1.000 o=1.000
frame=157 t=2206.1 wall=2206.1 interval=7.02 dt=7.03 cpu_prev=6.767 effect_us=122 action=1 since_click=1201.4 since_commit=593.5 animating=true repaint=now source/Source:d=[1.150,1.150,1.150,1.150] c=[#b2be99,#cdac86,#d7c697,#bf9480] rank=[0,2,1,3] relay/Relay:d=[1.150,1.150,1.150,1.150] c=[#b2be99,#d7c697,#bf9480,#cdac86] rank=[0,1,3,2] header/Header:d=[1.150,1.150,1.150,1.150] c=[#cdac86,#bf9480,#d7c697,#b2be99] rank=[2,3,1,0] result/Result:d=[1.150,1.150,1.150,1.150] c=[#d7c697,#bf9480,#cdac86,#b2be99] rank=[1,3,2,0] link:p=1.000 o=1.000
frame=158 t=2212.6 wall=2212.7 interval=6.52 dt=6.49 cpu_prev=6.194 effect_us=108 action=1 since_click=1207.9 since_commit=600.0 animating=true repaint=now source/Source:d=[1.150,1.150,1.150,1.150] c=[#b2be99,#cdac86,#d7c697,#bf9480] rank=[0,2,1,3] relay/Relay:d=[1.150,1.150,1.150,1.150] c=[#b2be99,#d7c697,#bf9480,#cdac86] rank=[0,1,3,2] header/Header:d=[1.150,1.150,1.150,1.150] c=[#cdac86,#bf9480,#d7c697,#b2be99] rank=[2,3,1,0] result/Result:d=[1.150,1.150,1.150,1.150] c=[#d7c697,#bf9480,#cdac86,#b2be99] rank=[1,3,2,0] link:p=1.000 o=1.000
frame=159 t=2226.9 wall=2226.9 interval=14.23 dt=14.23 cpu_prev=5.872 effect_us=128 action=1 since_click=1222.2 since_commit=614.2 animating=true repaint=now source/Source:d=[1.150,1.150,1.150,1.150] c=[#b2be99,#cdac86,#d7c697,#bf9480] rank=[0,2,1,3] relay/Relay:d=[1.150,1.150,1.150,1.150] c=[#b2be99,#d7c697,#bf9480,#cdac86] rank=[0,1,3,2] header/Header:d=[1.150,1.150,1.150,1.150] c=[#cdac86,#bf9480,#d7c697,#b2be99] rank=[2,3,1,0] result/Result:d=[1.150,1.150,1.150,1.150] c=[#d7c697,#bf9480,#cdac86,#b2be99] rank=[1,3,2,0] link:p=1.000 o=1.000
frame=160 t=2235.1 wall=2235.1 interval=8.20 dt=8.20 cpu_prev=5.993 effect_us=123 action=1 since_click=1230.4 since_commit=622.4 animating=true repaint=now source/Source:d=[1.150,1.150,1.150,1.150] c=[#b2be99,#cdac86,#d7c697,#bf9480] rank=[0,2,1,3] relay/Relay:d=[1.150,1.150,1.150,1.150] c=[#b2be99,#d7c697,#bf9480,#cdac86] rank=[0,1,3,2] header/Header:d=[1.150,1.150,1.150,1.150] c=[#cdac86,#bf9480,#d7c697,#b2be99] rank=[2,3,1,0] result/Result:d=[1.150,1.150,1.150,1.150] c=[#d7c697,#bf9480,#cdac86,#b2be99] rank=[1,3,2,0] link:p=1.000 o=1.000
frame=161 t=2241.0 wall=2241.0 interval=5.89 dt=5.92 cpu_prev=5.684 effect_us=122 action=1 since_click=1236.3 since_commit=628.4 animating=true repaint=now source/Source:d=[1.150,1.150,1.150,1.150] c=[#b2be99,#cdac86,#d7c697,#bf9480] rank=[0,2,1,3] relay/Relay:d=[1.150,1.150,1.150,1.150] c=[#b2be99,#d7c697,#bf9480,#cdac86] rank=[0,1,3,2] header/Header:d=[1.150,1.150,1.150,1.150] c=[#cdac86,#bf9480,#d7c697,#b2be99] rank=[2,3,1,0] result/Result:d=[1.150,1.150,1.150,1.150] c=[#d7c697,#bf9480,#cdac86,#b2be99] rank=[1,3,2,0] link:p=1.000 o=1.000
frame=162 t=2247.3 wall=2247.3 interval=6.35 dt=6.33 cpu_prev=6.065 effect_us=112 action=1 since_click=1242.6 since_commit=634.7 animating=true repaint=now source/Source:d=[1.150,1.150,1.150,1.150] c=[#b2be99,#cdac86,#d7c697,#bf9480] rank=[0,2,1,3] relay/Relay:d=[1.150,1.150,1.150,1.150] c=[#b2be99,#d7c697,#bf9480,#cdac86] rank=[0,1,3,2] header/Header:d=[1.150,1.150,1.150,1.150] c=[#cdac86,#bf9480,#d7c697,#b2be99] rank=[2,3,1,0] result/Result:d=[1.150,1.150,1.150,1.150] c=[#d7c697,#bf9480,#cdac86,#b2be99] rank=[1,3,2,0] link:p=1.000 o=1.000
frame=163 t=2260.7 wall=2260.7 interval=13.38 dt=13.39 cpu_prev=6.050 effect_us=112 action=1 since_click=1256.0 since_commit=648.1 animating=true repaint=now source/Source:d=[1.150,1.150,1.150,1.150] c=[#b2be99,#cdac86,#d7c697,#bf9480] rank=[0,2,1,3] relay/Relay:d=[1.150,1.150,1.150,1.150] c=[#b2be99,#d7c697,#bf9480,#cdac86] rank=[0,1,3,2] header/Header:d=[1.150,1.150,1.150,1.150] c=[#cdac86,#bf9480,#d7c697,#b2be99] rank=[2,3,1,0] result/Result:d=[1.150,1.150,1.150,1.150] c=[#d7c697,#bf9480,#cdac86,#b2be99] rank=[1,3,2,0] link:p=1.000 o=1.000
frame=164 t=2268.4 wall=2268.4 interval=7.72 dt=7.71 cpu_prev=5.643 effect_us=127 action=1 since_click=1263.7 since_commit=655.8 animating=true repaint=now source/Source:d=[1.150,1.150,1.150,1.150] c=[#b2be99,#cdac86,#d7c697,#bf9480] rank=[0,2,1,3] relay/Relay:d=[1.150,1.150,1.150,1.150] c=[#b2be99,#d7c697,#bf9480,#cdac86] rank=[0,1,3,2] header/Header:d=[1.150,1.150,1.150,1.150] c=[#cdac86,#bf9480,#d7c697,#b2be99] rank=[2,3,1,0] result/Result:d=[1.150,1.150,1.150,1.150] c=[#d7c697,#bf9480,#cdac86,#b2be99] rank=[1,3,2,0] link:p=1.000 o=1.000
frame=165 t=2274.9 wall=2274.9 interval=6.46 dt=6.47 cpu_prev=6.208 effect_us=142 action=1 since_click=1270.2 since_commit=662.3 animating=true repaint=now source/Source:d=[1.150,1.150,1.150,1.150] c=[#b2be99,#cdac86,#d7c697,#bf9480] rank=[0,2,1,3] relay/Relay:d=[1.150,1.150,1.150,1.150] c=[#b2be99,#d7c697,#bf9480,#cdac86] rank=[0,1,3,2] header/Header:d=[1.150,1.150,1.150,1.150] c=[#cdac86,#bf9480,#d7c697,#b2be99] rank=[2,3,1,0] result/Result:d=[1.150,1.150,1.150,1.150] c=[#d7c697,#bf9480,#cdac86,#b2be99] rank=[1,3,2,0] link:p=1.000 o=1.000
frame=166 t=2280.9 wall=2280.9 interval=6.02 dt=6.00 cpu_prev=5.756 effect_us=125 action=1 since_click=1276.2 since_commit=668.3 animating=true repaint=now source/Source:d=[1.150,1.150,1.150,1.150] c=[#b2be99,#cdac86,#d7c697,#bf9480] rank=[0,2,1,3] relay/Relay:d=[1.150,1.150,1.150,1.150] c=[#b2be99,#d7c697,#bf9480,#cdac86] rank=[0,1,3,2] header/Header:d=[1.150,1.150,1.150,1.150] c=[#cdac86,#bf9480,#d7c697,#b2be99] rank=[2,3,1,0] result/Result:d=[1.150,1.150,1.150,1.150] c=[#d7c697,#bf9480,#cdac86,#b2be99] rank=[1,3,2,0] link:p=1.000 o=1.000
frame=167 t=2287.8 wall=2287.9 interval=6.95 dt=6.96 cpu_prev=6.619 effect_us=110 action=1 since_click=1283.1 since_commit=675.2 animating=true repaint=now source/Source:d=[1.150,1.150,1.150,1.150] c=[#b2be99,#cdac86,#d7c697,#bf9480] rank=[0,2,1,3] relay/Relay:d=[1.150,1.150,1.150,1.150] c=[#b2be99,#d7c697,#bf9480,#cdac86] rank=[0,1,3,2] header/Header:d=[1.150,1.150,1.150,1.150] c=[#cdac86,#bf9480,#d7c697,#b2be99] rank=[2,3,1,0] result/Result:d=[1.150,1.150,1.150,1.150] c=[#d7c697,#bf9480,#cdac86,#b2be99] rank=[1,3,2,0] link:p=1.000 o=1.000
frame=168 t=2301.7 wall=2301.8 interval=13.89 dt=13.88 cpu_prev=5.490 effect_us=122 action=1 since_click=1297.0 since_commit=689.1 animating=true repaint=now source/Source:d=[1.150,1.150,1.150,1.150] c=[#b2be99,#cdac86,#d7c697,#bf9480] rank=[0,2,1,3] relay/Relay:d=[1.150,1.150,1.150,1.150] c=[#b2be99,#d7c697,#bf9480,#cdac86] rank=[0,1,3,2] header/Header:d=[1.150,1.150,1.150,1.150] c=[#cdac86,#bf9480,#d7c697,#b2be99] rank=[2,3,1,0] result/Result:d=[1.150,1.150,1.150,1.150] c=[#d7c697,#bf9480,#cdac86,#b2be99] rank=[1,3,2,0] link:p=1.000 o=1.000
frame=169 t=2310.1 wall=2310.1 interval=8.34 dt=8.35 cpu_prev=5.495 effect_us=121 action=1 since_click=1305.4 since_commit=697.4 animating=true repaint=now source/Source:d=[1.150,1.150,1.150,1.150] c=[#b2be99,#cdac86,#d7c697,#bf9480] rank=[0,2,1,3] relay/Relay:d=[1.150,1.150,1.150,1.150] c=[#b2be99,#d7c697,#bf9480,#cdac86] rank=[0,1,3,2] header/Header:d=[1.150,1.150,1.150,1.150] c=[#cdac86,#bf9480,#d7c697,#b2be99] rank=[2,3,1,0] result/Result:d=[1.150,1.150,1.150,1.150] c=[#d7c697,#bf9480,#cdac86,#b2be99] rank=[1,3,2,0] link:p=1.000 o=1.000
frame=170 t=2315.9 wall=2315.9 interval=5.83 dt=5.82 cpu_prev=5.542 effect_us=123 action=1 since_click=1311.2 since_commit=703.3 animating=true repaint=now source/Source:d=[1.150,1.150,1.150,1.150] c=[#b2be99,#cdac86,#d7c697,#bf9480] rank=[0,2,1,3] relay/Relay:d=[1.150,1.150,1.150,1.150] c=[#b2be99,#d7c697,#bf9480,#cdac86] rank=[0,1,3,2] header/Header:d=[1.150,1.150,1.150,1.150] c=[#cdac86,#bf9480,#d7c697,#b2be99] rank=[2,3,1,0] result/Result:d=[1.150,1.150,1.150,1.150] c=[#d7c697,#bf9480,#cdac86,#b2be99] rank=[1,3,2,0] link:p=1.000 o=1.000
frame=171 t=2322.1 wall=2322.1 interval=6.21 dt=6.23 cpu_prev=5.950 effect_us=109 action=1 since_click=1317.4 since_commit=709.5 animating=true repaint=now source/Source:d=[1.150,1.150,1.150,1.150] c=[#b2be99,#cdac86,#d7c697,#bf9480] rank=[0,2,1,3] relay/Relay:d=[1.150,1.150,1.150,1.150] c=[#b2be99,#d7c697,#bf9480,#cdac86] rank=[0,1,3,2] header/Header:d=[1.150,1.150,1.150,1.150] c=[#cdac86,#bf9480,#d7c697,#b2be99] rank=[2,3,1,0] result/Result:d=[1.150,1.150,1.150,1.150] c=[#d7c697,#bf9480,#cdac86,#b2be99] rank=[1,3,2,0] link:p=1.000 o=1.000
frame=172 t=2329.2 wall=2329.3 interval=7.12 dt=7.10 cpu_prev=5.897 effect_us=113 action=1 since_click=1324.5 since_commit=716.6 animating=true repaint=now source/Source:d=[1.150,1.150,1.150,1.150] c=[#b2be99,#cdac86,#d7c697,#bf9480] rank=[0,2,1,3] relay/Relay:d=[1.150,1.150,1.150,1.150] c=[#b2be99,#d7c697,#bf9480,#cdac86] rank=[0,1,3,2] header/Header:d=[1.150,1.150,1.150,1.150] c=[#cdac86,#bf9480,#d7c697,#b2be99] rank=[2,3,1,0] result/Result:d=[1.150,1.150,1.150,1.150] c=[#d7c697,#bf9480,#cdac86,#b2be99] rank=[1,3,2,0] link:p=1.000 o=1.000
frame=173 t=2343.3 wall=2343.3 interval=14.08 dt=14.10 cpu_prev=5.653 effect_us=127 action=1 since_click=1338.6 since_commit=730.7 animating=true repaint=now source/Source:d=[1.150,1.150,1.150,1.150] c=[#b2be99,#cdac86,#d7c697,#bf9480] rank=[0,2,1,3] relay/Relay:d=[1.150,1.150,1.150,1.150] c=[#b2be99,#d7c697,#bf9480,#cdac86] rank=[0,1,3,2] header/Header:d=[1.150,1.150,1.150,1.150] c=[#cdac86,#bf9480,#d7c697,#b2be99] rank=[2,3,1,0] result/Result:d=[1.150,1.150,1.150,1.150] c=[#d7c697,#bf9480,#cdac86,#b2be99] rank=[1,3,2,0] link:p=1.000 o=1.000
frame=174 t=2351.7 wall=2351.7 interval=8.36 dt=8.34 cpu_prev=5.929 effect_us=122 action=1 since_click=1347.0 since_commit=739.0 animating=true repaint=now source/Source:d=[1.150,1.150,1.150,1.150] c=[#b2be99,#cdac86,#d7c697,#bf9480] rank=[0,2,1,3] relay/Relay:d=[1.150,1.150,1.150,1.150] c=[#b2be99,#d7c697,#bf9480,#cdac86] rank=[0,1,3,2] header/Header:d=[1.150,1.150,1.150,1.150] c=[#cdac86,#bf9480,#d7c697,#b2be99] rank=[2,3,1,0] result/Result:d=[1.150,1.150,1.150,1.150] c=[#d7c697,#bf9480,#cdac86,#b2be99] rank=[1,3,2,0] link:p=1.000 o=1.000
frame=175 t=2357.4 wall=2357.5 interval=5.76 dt=5.78 cpu_prev=5.435 effect_us=122 action=1 since_click=1352.7 since_commit=744.8 animating=true repaint=now source/Source:d=[1.150,1.150,1.150,1.150] c=[#b2be99,#cdac86,#d7c697,#bf9480] rank=[0,2,1,3] relay/Relay:d=[1.150,1.150,1.150,1.150] c=[#b2be99,#d7c697,#bf9480,#cdac86] rank=[0,1,3,2] header/Header:d=[1.150,1.150,1.150,1.150] c=[#cdac86,#bf9480,#d7c697,#b2be99] rank=[2,3,1,0] result/Result:d=[1.150,1.150,1.150,1.150] c=[#d7c697,#bf9480,#cdac86,#b2be99] rank=[1,3,2,0] link:p=1.000 o=1.000
frame=176 t=2363.6 wall=2363.6 interval=6.14 dt=6.13 cpu_prev=5.860 effect_us=119 action=1 since_click=1358.9 since_commit=750.9 animating=true repaint=now source/Source:d=[1.150,1.150,1.150,1.150] c=[#b2be99,#cdac86,#d7c697,#bf9480] rank=[0,2,1,3] relay/Relay:d=[1.150,1.150,1.150,1.150] c=[#b2be99,#d7c697,#bf9480,#cdac86] rank=[0,1,3,2] header/Header:d=[1.150,1.150,1.150,1.150] c=[#cdac86,#bf9480,#d7c697,#b2be99] rank=[2,3,1,0] result/Result:d=[1.150,1.150,1.150,1.150] c=[#d7c697,#bf9480,#cdac86,#b2be99] rank=[1,3,2,0] link:p=1.000 o=1.000
frame=177 t=2371.6 wall=2371.6 interval=8.04 dt=8.05 cpu_prev=5.510 effect_us=109 action=1 since_click=1366.9 since_commit=759.0 animating=true repaint=now source/Source:d=[1.150,1.150,1.150,1.150] c=[#b2be99,#cdac86,#d7c697,#bf9480] rank=[0,2,1,3] relay/Relay:d=[1.150,1.150,1.150,1.150] c=[#b2be99,#d7c697,#bf9480,#cdac86] rank=[0,1,3,2] header/Header:d=[1.150,1.150,1.150,1.150] c=[#cdac86,#bf9480,#d7c697,#b2be99] rank=[2,3,1,0] result/Result:d=[1.150,1.150,1.150,1.150] c=[#d7c697,#bf9480,#cdac86,#b2be99] rank=[1,3,2,0] link:p=1.000 o=1.000
frame=178 t=2379.9 wall=2379.9 interval=8.30 dt=8.28 cpu_prev=5.662 effect_us=117 action=1 since_click=1375.2 since_commit=767.3 animating=true repaint=now source/Source:d=[1.150,1.150,1.150,1.150] c=[#b2be99,#cdac86,#d7c697,#bf9480] rank=[0,2,1,3] relay/Relay:d=[1.150,1.150,1.150,1.150] c=[#b2be99,#d7c697,#bf9480,#cdac86] rank=[0,1,3,2] header/Header:d=[1.150,1.150,1.150,1.150] c=[#cdac86,#bf9480,#d7c697,#b2be99] rank=[2,3,1,0] result/Result:d=[1.150,1.150,1.150,1.150] c=[#d7c697,#bf9480,#cdac86,#b2be99] rank=[1,3,2,0] link:p=1.000 o=1.000
frame=179 t=2393.7 wall=2393.7 interval=13.81 dt=13.80 cpu_prev=5.320 effect_us=124 action=1 since_click=1389.0 since_commit=781.1 animating=true repaint=now source/Source:d=[1.150,1.150,1.150,1.150] c=[#b2be99,#cdac86,#d7c697,#bf9480] rank=[0,2,1,3] relay/Relay:d=[1.150,1.150,1.150,1.150] c=[#b2be99,#d7c697,#bf9480,#cdac86] rank=[0,1,3,2] header/Header:d=[1.150,1.150,1.150,1.150] c=[#cdac86,#bf9480,#d7c697,#b2be99] rank=[2,3,1,0] result/Result:d=[1.150,1.150,1.150,1.150] c=[#d7c697,#bf9480,#cdac86,#b2be99] rank=[1,3,2,0] link:p=1.000 o=1.000
frame=180 t=2401.7 wall=2401.8 interval=8.05 dt=8.01 cpu_prev=5.915 effect_us=130 action=1 since_click=1397.0 since_commit=789.1 animating=true repaint=now source/Source:d=[1.150,1.150,1.150,1.150] c=[#b2be99,#cdac86,#d7c697,#bf9480] rank=[0,2,1,3] relay/Relay:d=[1.150,1.150,1.150,1.150] c=[#b2be99,#d7c697,#bf9480,#cdac86] rank=[0,1,3,2] header/Header:d=[1.150,1.150,1.150,1.150] c=[#cdac86,#bf9480,#d7c697,#b2be99] rank=[2,3,1,0] result/Result:d=[1.150,1.150,1.150,1.150] c=[#d7c697,#bf9480,#cdac86,#b2be99] rank=[1,3,2,0] link:p=1.000 o=1.000
frame=181 t=2408.2 wall=2408.2 interval=6.43 dt=6.50 cpu_prev=6.210 effect_us=112 action=1 since_click=1403.5 since_commit=795.6 animating=true repaint=now source/Source:d=[1.150,1.150,1.150,1.150] c=[#b2be99,#cdac86,#d7c697,#bf9480] rank=[0,2,1,3] relay/Relay:d=[1.150,1.150,1.150,1.150] c=[#b2be99,#d7c697,#bf9480,#cdac86] rank=[0,1,3,2] header/Header:d=[1.150,1.150,1.150,1.150] c=[#cdac86,#bf9480,#d7c697,#b2be99] rank=[2,3,1,0] result/Result:d=[1.150,1.150,1.150,1.150] c=[#d7c697,#bf9480,#cdac86,#b2be99] rank=[1,3,2,0] link:p=1.000 o=1.000
frame=182 t=2414.5 wall=2414.5 interval=6.28 dt=6.26 cpu_prev=5.990 effect_us=130 action=1 since_click=1409.8 since_commit=801.9 animating=true repaint=now source/Source:d=[1.148,1.148,1.148,1.148] c=[#b2be99,#cdac86,#d7c597,#bf9480] rank=[0,2,1,3] relay/Relay:d=[1.148,1.148,1.148,1.148] c=[#b2be99,#d7c597,#bf9480,#cdac86] rank=[0,1,3,2] header/Header:d=[1.148,1.148,1.148,1.148] c=[#cdac86,#bf9480,#d7c597,#b2be99] rank=[2,3,1,0] result/Result:d=[1.148,1.148,1.148,1.148] c=[#d7c597,#bf9480,#cdac86,#b2be99] rank=[1,3,2,0] link:p=0.985 o=1.000
frame=183 t=2421.1 wall=2421.1 interval=6.60 dt=6.62 cpu_prev=5.329 effect_us=113 action=1 since_click=1416.4 since_commit=808.5 animating=true repaint=now source/Source:d=[1.145,1.145,1.145,1.145] c=[#b3bd99,#cdac86,#d6c597,#bf9580] rank=[0,2,1,3] relay/Relay:d=[1.145,1.145,1.145,1.145] c=[#b3bd99,#d6c597,#bf9580,#cdac86] rank=[0,1,3,2] header/Header:d=[1.145,1.145,1.145,1.145] c=[#cdac86,#bf9580,#d6c597,#b3bd99] rank=[2,3,1,0] result/Result:d=[1.145,1.145,1.145,1.145] c=[#d6c597,#bf9580,#cdac86,#b3bd99] rank=[1,3,2,0] link:p=0.965 o=1.000
frame=184 t=2430.2 wall=2430.2 interval=9.11 dt=9.09 cpu_prev=6.042 effect_us=114 action=1 since_click=1425.5 since_commit=817.6 animating=true repaint=now source/Source:d=[1.141,1.141,1.141,1.141] c=[#b3bc98,#cdab86,#d6c496,#c09581] rank=[0,2,1,3] relay/Relay:d=[1.141,1.141,1.141,1.141] c=[#b3bc98,#d6c496,#c09581,#cdab86] rank=[0,1,3,2] header/Header:d=[1.141,1.141,1.141,1.141] c=[#cdab86,#c09581,#d6c496,#b3bc98] rank=[2,3,1,0] result/Result:d=[1.141,1.141,1.141,1.141] c=[#d6c496,#c09581,#cdab86,#b3bc98] rank=[1,3,2,0] link:p=0.937 o=1.000
frame=185 t=2438.4 wall=2438.4 interval=8.18 dt=8.20 cpu_prev=5.264 effect_us=112 action=1 since_click=1433.7 since_commit=825.8 animating=true repaint=now source/Source:d=[1.137,1.137,1.137,1.137] c=[#b4bc98,#cdab86,#d6c396,#c09581] rank=[0,2,1,3] relay/Relay:d=[1.137,1.137,1.137,1.137] c=[#b4bc98,#d6c396,#c09581,#cdab86] rank=[0,1,3,2] header/Header:d=[1.137,1.137,1.137,1.137] c=[#cdab86,#c09581,#d6c396,#b4bc98] rank=[2,3,1,0] result/Result:d=[1.137,1.137,1.137,1.137] c=[#d6c396,#c09581,#cdab86,#b4bc98] rank=[1,3,2,0] link:p=0.912 o=1.000
frame=186 t=2446.3 wall=2446.3 interval=7.94 dt=7.92 cpu_prev=6.169 effect_us=112 action=1 since_click=1441.6 since_commit=833.7 animating=true repaint=now source/Source:d=[1.133,1.133,1.133,1.133] c=[#b4bb97,#ccab87,#d5c296,#c09681] rank=[0,2,1,3] relay/Relay:d=[1.133,1.133,1.133,1.133] c=[#b4bb97,#d5c296,#c09681,#ccab87] rank=[0,1,3,2] header/Header:d=[1.133,1.133,1.133,1.133] c=[#ccab87,#c09681,#d5c296,#b4bb97] rank=[2,3,1,0] result/Result:d=[1.133,1.133,1.133,1.133] c=[#d5c296,#c09681,#ccab87,#b4bb97] rank=[1,3,2,0] link:p=0.888 o=1.000
frame=187 t=2455.4 wall=2455.4 interval=9.09 dt=9.11 cpu_prev=5.792 effect_us=112 action=1 since_click=1450.7 since_commit=842.8 animating=true repaint=now source/Source:d=[1.129,1.129,1.129,1.129] c=[#b5ba97,#ccab87,#d5c195,#c09682] rank=[0,2,1,3] relay/Relay:d=[1.129,1.129,1.129,1.129] c=[#b5ba97,#d5c195,#c09682,#ccab87] rank=[0,1,3,2] header/Header:d=[1.129,1.129,1.129,1.129] c=[#ccab87,#c09682,#d5c195,#b5ba97] rank=[2,3,1,0] result/Result:d=[1.129,1.129,1.129,1.129] c=[#d5c195,#c09682,#ccab87,#b5ba97] rank=[1,3,2,0] link:p=0.860 o=1.000
frame=188 t=2462.8 wall=2462.8 interval=7.38 dt=7.36 cpu_prev=5.623 effect_us=112 action=1 since_click=1458.1 since_commit=850.2 animating=true repaint=now source/Source:d=[1.126,1.126,1.126,1.126] c=[#b6ba97,#ccab87,#d5c095,#c09782] rank=[0,2,1,3] relay/Relay:d=[1.126,1.126,1.126,1.126] c=[#b6ba97,#d5c095,#c09782,#ccab87] rank=[0,1,3,2] header/Header:d=[1.126,1.126,1.126,1.126] c=[#ccab87,#c09782,#d5c095,#b6ba97] rank=[2,3,1,0] result/Result:d=[1.126,1.126,1.126,1.126] c=[#d5c095,#c09782,#ccab87,#b6ba97] rank=[1,3,2,0] link:p=0.838 o=1.000
frame=189 t=2476.7 wall=2476.7 interval=13.89 dt=13.92 cpu_prev=5.172 effect_us=116 action=1 since_click=1472.0 since_commit=864.1 animating=true repaint=now source/Source:d=[1.119,1.119,1.119,1.119] c=[#b6b996,#ccaa87,#d4bf95,#c19782] rank=[0,2,1,3] relay/Relay:d=[1.119,1.119,1.119,1.119] c=[#b6b996,#d4bf95,#c19782,#ccaa87] rank=[0,1,3,2] header/Header:d=[1.119,1.119,1.119,1.119] c=[#ccaa87,#c19782,#d4bf95,#b6b996] rank=[2,3,1,0] result/Result:d=[1.119,1.119,1.119,1.119] c=[#d4bf95,#c19782,#ccaa87,#b6b996] rank=[1,3,2,0] link:p=0.796 o=1.000
frame=190 t=2485.0 wall=2485.0 interval=8.30 dt=8.29 cpu_prev=5.498 effect_us=113 action=1 since_click=1480.3 since_commit=872.4 animating=true repaint=now source/Source:d=[1.116,1.116,1.116,1.116] c=[#b7b896,#ccaa87,#d4be94,#c19883] rank=[0,2,1,3] relay/Relay:d=[1.116,1.116,1.116,1.116] c=[#b7b896,#d4be94,#c19883,#ccaa87] rank=[0,1,3,2] header/Header:d=[1.116,1.116,1.116,1.116] c=[#ccaa87,#c19883,#d4be94,#b7b896] rank=[2,3,1,0] result/Result:d=[1.116,1.116,1.116,1.116] c=[#d4be94,#c19883,#ccaa87,#b7b896] rank=[1,3,2,0] link:p=0.770 o=1.000
frame=191 t=2490.5 wall=2490.5 interval=5.46 dt=5.48 cpu_prev=5.252 effect_us=111 action=1 since_click=1485.7 since_commit=877.8 animating=true repaint=now source/Source:d=[1.113,1.113,1.113,1.113] c=[#b7b896,#ccaa87,#d3be94,#c19883] rank=[0,2,1,3] relay/Relay:d=[1.113,1.113,1.113,1.113] c=[#b7b896,#d3be94,#c19883,#ccaa87] rank=[0,1,3,2] header/Header:d=[1.113,1.113,1.113,1.113] c=[#ccaa87,#c19883,#d3be94,#b7b896] rank=[2,3,1,0] result/Result:d=[1.113,1.113,1.113,1.113] c=[#d3be94,#c19883,#ccaa87,#b7b896] rank=[1,3,2,0] link:p=0.754 o=1.000
frame=192 t=2496.5 wall=2496.5 interval=6.07 dt=6.04 cpu_prev=5.772 effect_us=112 action=1 since_click=1491.8 since_commit=883.9 animating=true repaint=now source/Source:d=[1.110,1.110,1.110,1.110] c=[#b8b795,#ccaa87,#d3bd94,#c19883] rank=[0,2,1,3] relay/Relay:d=[1.110,1.110,1.110,1.110] c=[#b8b795,#d3bd94,#c19883,#ccaa87] rank=[0,1,3,2] header/Header:d=[1.110,1.110,1.110,1.110] c=[#ccaa87,#c19883,#d3bd94,#b8b795] rank=[2,3,1,0] result/Result:d=[1.110,1.110,1.110,1.110] c=[#d3bd94,#c19883,#ccaa87,#b8b795] rank=[1,3,2,0] link:p=0.735 o=1.000
frame=193 t=2510.0 wall=2510.0 interval=13.51 dt=13.53 cpu_prev=5.259 effect_us=125 action=1 since_click=1505.3 since_commit=897.4 animating=true repaint=now source/Source:d=[1.104,1.104,1.104,1.104] c=[#b9b695,#cbaa88,#d2bc93,#c29983] rank=[0,2,1,3] relay/Relay:d=[1.104,1.104,1.104,1.104] c=[#b9b695,#d2bc93,#c29983,#cbaa88] rank=[0,1,3,2] header/Header:d=[1.104,1.104,1.104,1.104] c=[#cbaa88,#c29983,#d2bc93,#b9b695] rank=[2,3,1,0] result/Result:d=[1.104,1.104,1.104,1.104] c=[#d2bc93,#c29983,#cbaa88,#b9b695] rank=[1,3,2,0] link:p=0.694 o=1.000
frame=194 t=2518.4 wall=2518.4 interval=8.39 dt=8.37 cpu_prev=5.846 effect_us=124 action=1 since_click=1513.7 since_commit=905.8 animating=true repaint=now source/Source:d=[1.100,1.100,1.100,1.100] c=[#b9b594,#cba988,#d2bb93,#c29984] rank=[0,2,1,3] relay/Relay:d=[1.100,1.100,1.100,1.100] c=[#b9b594,#d2bb93,#c29984,#cba988] rank=[0,1,3,2] header/Header:d=[1.100,1.100,1.100,1.100] c=[#cba988,#c29984,#d2bb93,#b9b594] rank=[2,3,1,0] result/Result:d=[1.100,1.100,1.100,1.100] c=[#d2bb93,#c29984,#cba988,#b9b594] rank=[1,3,2,0] link:p=0.668 o=1.000
frame=195 t=2525.1 wall=2525.1 interval=6.71 dt=6.73 cpu_prev=6.425 effect_us=123 action=1 since_click=1520.4 since_commit=912.5 animating=true repaint=now source/Source:d=[1.097,1.097,1.097,1.097] c=[#bab594,#cba988,#d2ba93,#c29a84] rank=[0,2,1,3] relay/Relay:d=[1.097,1.097,1.097,1.097] c=[#bab594,#d2ba93,#c29a84,#cba988] rank=[0,1,3,2] header/Header:d=[1.097,1.097,1.097,1.097] c=[#cba988,#c29a84,#d2ba93,#bab594] rank=[2,3,1,0] result/Result:d=[1.097,1.097,1.097,1.097] c=[#d2ba93,#c29a84,#cba988,#bab594] rank=[1,3,2,0] link:p=0.648 o=1.000
frame=196 t=2531.4 wall=2531.4 interval=6.27 dt=6.26 cpu_prev=5.969 effect_us=114 action=1 since_click=1526.7 since_commit=918.7 animating=true repaint=now source/Source:d=[1.094,1.094,1.094,1.094] c=[#bab494,#cba988,#d1b993,#c29a84] rank=[0,2,1,3] relay/Relay:d=[1.094,1.094,1.094,1.094] c=[#bab494,#d1b993,#c29a84,#cba988] rank=[0,1,3,2] header/Header:d=[1.094,1.094,1.094,1.094] c=[#cba988,#c29a84,#d1b993,#bab494] rank=[2,3,1,0] result/Result:d=[1.094,1.094,1.094,1.094] c=[#d1b993,#c29a84,#cba988,#bab494] rank=[1,3,2,0] link:p=0.629 o=1.000
frame=197 t=2537.8 wall=2537.8 interval=6.43 dt=6.44 cpu_prev=6.026 effect_us=112 action=1 since_click=1533.1 since_commit=925.2 animating=true repaint=now source/Source:d=[1.091,1.091,1.091,1.091] c=[#bbb494,#cba988,#d1b992,#c39a84] rank=[0,2,1,3] relay/Relay:d=[1.091,1.091,1.091,1.091] c=[#bbb494,#d1b992,#c39a84,#cba988] rank=[0,1,3,2] header/Header:d=[1.091,1.091,1.091,1.091] c=[#cba988,#c39a84,#d1b992,#bbb494] rank=[2,3,1,0] result/Result:d=[1.091,1.091,1.091,1.091] c=[#d1b992,#c39a84,#cba988,#bbb494] rank=[1,3,2,0] link:p=0.609 o=1.000
frame=198 t=2547.0 wall=2547.0 interval=9.17 dt=9.15 cpu_prev=6.291 effect_us=111 action=1 since_click=1542.3 since_commit=934.3 animating=true repaint=now source/Source:d=[1.087,1.087,1.087,1.087] c=[#bbb393,#cba988,#d1b892,#c39b85] rank=[0,2,1,3] relay/Relay:d=[1.087,1.087,1.087,1.087] c=[#bbb393,#d1b892,#c39b85,#cba988] rank=[0,1,3,2] header/Header:d=[1.087,1.087,1.087,1.087] c=[#cba988,#c39b85,#d1b892,#bbb393] rank=[2,3,1,0] result/Result:d=[1.087,1.087,1.087,1.087] c=[#d1b892,#c39b85,#cba988,#bbb393] rank=[1,3,2,0] link:p=0.581 o=1.000
frame=199 t=2555.0 wall=2555.0 interval=7.98 dt=8.01 cpu_prev=5.572 effect_us=125 action=1 since_click=1550.3 since_commit=942.3 animating=true repaint=now source/Source:d=[1.084,1.084,1.084,1.084] c=[#bcb293,#cba888,#d0b792,#c39b85] rank=[0,2,1,3] relay/Relay:d=[1.084,1.084,1.084,1.084] c=[#bcb293,#d0b792,#c39b85,#cba888] rank=[0,1,3,2] header/Header:d=[1.084,1.084,1.084,1.084] c=[#cba888,#c39b85,#d0b792,#bcb293] rank=[2,3,1,0] result/Result:d=[1.084,1.084,1.084,1.084] c=[#d0b792,#c39b85,#cba888,#bcb293] rank=[1,3,2,0] link:p=0.557 o=1.000
frame=200 t=2562.8 wall=2562.9 interval=7.87 dt=7.85 cpu_prev=6.047 effect_us=116 action=1 since_click=1558.1 since_commit=950.2 animating=true repaint=now source/Source:d=[1.080,1.080,1.080,1.080] c=[#bcb292,#cba888,#d0b691,#c39b85] rank=[0,2,1,3] relay/Relay:d=[1.080,1.080,1.080,1.080] c=[#bcb292,#d0b691,#c39b85,#cba888] rank=[0,1,3,2] header/Header:d=[1.080,1.080,1.080,1.080] c=[#cba888,#c39b85,#d0b691,#bcb292] rank=[2,3,1,0] result/Result:d=[1.080,1.080,1.080,1.080] c=[#d0b691,#c39b85,#cba888,#bcb292] rank=[1,3,2,0] link:p=0.533 o=1.000
frame=201 t=2571.5 wall=2571.5 interval=8.62 dt=8.64 cpu_prev=6.264 effect_us=124 action=1 since_click=1566.8 since_commit=958.8 animating=true repaint=now source/Source:d=[1.076,1.076,1.076,1.076] c=[#bdb192,#cba888,#d0b591,#c39c85] rank=[0,2,1,3] relay/Relay:d=[1.076,1.076,1.076,1.076] c=[#bdb192,#d0b591,#c39c85,#cba888] rank=[0,1,3,2] header/Header:d=[1.076,1.076,1.076,1.076] c=[#cba888,#c39c85,#d0b591,#bdb192] rank=[2,3,1,0] result/Result:d=[1.076,1.076,1.076,1.076] c=[#d0b591,#c39c85,#cba888,#bdb192] rank=[1,3,2,0] link:p=0.507 o=1.000
frame=202 t=2579.3 wall=2579.3 interval=7.83 dt=7.80 cpu_prev=6.229 effect_us=133 action=1 since_click=1574.6 since_commit=966.6 animating=true repaint=now source/Source:d=[1.072,1.072,1.072,1.072] c=[#bdb192,#caa889,#cfb491,#c49c86] rank=[0,2,1,3] relay/Relay:d=[1.072,1.072,1.072,1.072] c=[#bdb192,#cfb491,#c49c86,#caa889] rank=[0,1,3,2] header/Header:d=[1.072,1.072,1.072,1.072] c=[#caa889,#c49c86,#cfb491,#bdb192] rank=[2,3,1,0] result/Result:d=[1.072,1.072,1.072,1.072] c=[#cfb491,#c49c86,#caa889,#bdb192] rank=[1,3,2,0] link:p=0.483 o=1.000
frame=203 t=2587.6 wall=2587.6 interval=8.32 dt=8.34 cpu_prev=6.570 effect_us=128 action=1 since_click=1582.9 since_commit=975.0 animating=true repaint=now source/Source:d=[1.069,1.069,1.069,1.069] c=[#beb091,#caa889,#cfb490,#c49d86] rank=[0,2,1,3] relay/Relay:d=[1.069,1.069,1.069,1.069] c=[#beb091,#cfb490,#c49d86,#caa889] rank=[0,1,3,2] header/Header:d=[1.069,1.069,1.069,1.069] c=[#caa889,#c49d86,#cfb490,#beb091] rank=[2,3,1,0] result/Result:d=[1.069,1.069,1.069,1.069] c=[#cfb490,#c49d86,#caa889,#beb091] rank=[1,3,2,0] link:p=0.457 o=1.000
frame=204 t=2595.2 wall=2595.2 interval=7.61 dt=7.59 cpu_prev=6.055 effect_us=135 action=1 since_click=1590.5 since_commit=982.6 animating=true repaint=now source/Source:d=[1.065,1.065,1.065,1.065] c=[#beaf91,#caa789,#cfb390,#c49d86] rank=[0,2,1,3] relay/Relay:d=[1.065,1.065,1.065,1.065] c=[#beaf91,#cfb390,#c49d86,#caa789] rank=[0,1,3,2] header/Header:d=[1.065,1.065,1.065,1.065] c=[#caa789,#c49d86,#cfb390,#beaf91] rank=[2,3,1,0] result/Result:d=[1.065,1.065,1.065,1.065] c=[#cfb390,#c49d86,#caa789,#beaf91] rank=[1,3,2,0] link:p=0.434 o=1.000
frame=205 t=2610.1 wall=2610.1 interval=14.88 dt=14.90 cpu_prev=6.176 effect_us=122 action=1 since_click=1605.4 since_commit=997.5 animating=true repaint=now source/Source:d=[1.058,1.058,1.058,1.058] c=[#bfae90,#caa789,#ceb190,#c59e87] rank=[0,2,1,3] relay/Relay:d=[1.058,1.058,1.058,1.058] c=[#bfae90,#ceb190,#c59e87,#caa789] rank=[0,1,3,2] header/Header:d=[1.058,1.058,1.058,1.058] c=[#caa789,#c59e87,#ceb190,#bfae90] rank=[2,3,1,0] result/Result:d=[1.058,1.058,1.058,1.058] c=[#ceb190,#c59e87,#caa789,#bfae90] rank=[1,3,2,0] link:p=0.389 o=1.000
frame=206 t=2618.4 wall=2618.5 interval=8.33 dt=8.30 cpu_prev=6.003 effect_us=128 action=1 since_click=1613.7 since_commit=1005.8 animating=true repaint=now source/Source:d=[1.055,1.055,1.055,1.055] c=[#c0ad90,#caa789,#cdb08f,#c59e87] rank=[0,2,1,3] relay/Relay:d=[1.055,1.055,1.055,1.055] c=[#c0ad90,#cdb08f,#c59e87,#caa789] rank=[0,1,3,2] header/Header:d=[1.055,1.055,1.055,1.055] c=[#caa789,#c59e87,#cdb08f,#c0ad90] rank=[2,3,1,0] result/Result:d=[1.055,1.055,1.055,1.055] c=[#cdb08f,#c59e87,#caa789,#c0ad90] rank=[1,3,2,0] link:p=0.363 o=1.000
frame=207 t=2624.6 wall=2624.7 interval=6.21 dt=6.25 cpu_prev=5.899 effect_us=128 action=1 since_click=1619.9 since_commit=1012.0 animating=true repaint=now source/Source:d=[1.052,1.052,1.052,1.052] c=[#c0ad90,#caa789,#cdb08f,#c59e87] rank=[0,2,1,3] relay/Relay:d=[1.052,1.052,1.052,1.052] c=[#c0ad90,#cdb08f,#c59e87,#caa789] rank=[0,1,3,2] header/Header:d=[1.052,1.052,1.052,1.052] c=[#caa789,#c59e87,#cdb08f,#c0ad90] rank=[2,3,1,0] result/Result:d=[1.052,1.052,1.052,1.052] c=[#cdb08f,#c59e87,#caa789,#c0ad90] rank=[1,3,2,0] link:p=0.344 o=1.000
frame=208 t=2631.4 wall=2631.5 interval=6.80 dt=6.78 cpu_prev=6.530 effect_us=124 action=1 since_click=1626.7 since_commit=1018.8 animating=true repaint=now source/Source:d=[1.049,1.049,1.049,1.049] c=[#c1ac90,#caa789,#cdaf8f,#c59f87] rank=[0,2,1,3] relay/Relay:d=[1.049,1.049,1.049,1.049] c=[#c1ac90,#cdaf8f,#c59f87,#caa789] rank=[0,1,3,2] header/Header:d=[1.049,1.049,1.049,1.049] c=[#caa789,#c59f87,#cdaf8f,#c1ac90] rank=[2,3,1,0] result/Result:d=[1.049,1.049,1.049,1.049] c=[#cdaf8f,#c59f87,#caa789,#c1ac90] rank=[1,3,2,0] link:p=0.324 o=1.000
frame=209 t=2637.9 wall=2637.9 interval=6.43 dt=6.44 cpu_prev=6.174 effect_us=111 action=1 since_click=1633.2 since_commit=1025.2 animating=true repaint=now source/Source:d=[1.046,1.046,1.046,1.046] c=[#c1ac8f,#caa689,#cdae8f,#c59f88] rank=[0,2,1,3] relay/Relay:d=[1.046,1.046,1.046,1.046] c=[#c1ac8f,#cdae8f,#c59f88,#caa689] rank=[0,1,3,2] header/Header:d=[1.046,1.046,1.046,1.046] c=[#caa689,#c59f88,#cdae8f,#c1ac8f] rank=[2,3,1,0] result/Result:d=[1.046,1.046,1.046,1.046] c=[#cdae8f,#c59f88,#caa689,#c1ac8f] rank=[1,3,2,0] link:p=0.304 o=1.000
frame=210 t=2646.0 wall=2646.0 interval=8.11 dt=8.10 cpu_prev=6.107 effect_us=134 action=1 since_click=1641.3 since_commit=1033.3 animating=true repaint=now source/Source:d=[1.042,1.042,1.042,1.042] c=[#c2ab8f,#c9a68a,#ccae8e,#c5a088] rank=[0,2,1,3] relay/Relay:d=[1.042,1.042,1.042,1.042] c=[#c2ab8f,#ccae8e,#c5a088,#c9a68a] rank=[0,1,3,2] header/Header:d=[1.042,1.042,1.042,1.042] c=[#c9a68a,#c5a088,#ccae8e,#c2ab8f] rank=[2,3,1,0] result/Result:d=[1.042,1.042,1.042,1.042] c=[#ccae8e,#c5a088,#c9a68a,#c2ab8f] rank=[1,3,2,0] link:p=0.279 o=1.000
frame=211 t=2654.3 wall=2654.3 interval=8.30 dt=8.32 cpu_prev=6.204 effect_us=130 action=1 since_click=1649.6 since_commit=1041.7 animating=true repaint=now source/Source:d=[1.038,1.038,1.038,1.038] c=[#c2ab8f,#c9a68a,#ccad8e,#c6a088] rank=[0,2,1,3] relay/Relay:d=[1.038,1.038,1.038,1.038] c=[#c2ab8f,#ccad8e,#c6a088,#c9a68a] rank=[0,1,3,2] header/Header:d=[1.038,1.038,1.038,1.038] c=[#c9a68a,#c6a088,#ccad8e,#c2ab8f] rank=[2,3,1,0] result/Result:d=[1.038,1.038,1.038,1.038] c=[#ccad8e,#c6a088,#c9a68a,#c2ab8f] rank=[1,3,2,0] link:p=0.254 o=1.000
frame=212 t=2662.8 wall=2662.8 interval=8.54 dt=8.52 cpu_prev=6.082 effect_us=113 action=1 since_click=1658.1 since_commit=1050.2 animating=true repaint=now source/Source:d=[1.034,1.034,1.034,1.034] c=[#c3aa8e,#c9a68a,#cbac8e,#c6a088] rank=[0,2,1,3] relay/Relay:d=[1.034,1.034,1.034,1.034] c=[#c3aa8e,#cbac8e,#c6a088,#c9a68a] rank=[0,1,3,2] header/Header:d=[1.034,1.034,1.034,1.034] c=[#c9a68a,#c6a088,#cbac8e,#c3aa8e] rank=[2,3,1,0] result/Result:d=[1.034,1.034,1.034,1.034] c=[#cbac8e,#c6a088,#c9a68a,#c3aa8e] rank=[1,3,2,0] link:p=0.228 o=1.000
frame=213 t=2671.9 wall=2671.9 interval=9.05 dt=9.06 cpu_prev=5.883 effect_us=111 action=1 since_click=1667.2 since_commit=1059.2 animating=true repaint=now source/Source:d=[1.030,1.030,1.030,1.030] c=[#c4a98e,#c9a68a,#cbab8d,#c6a189] rank=[0,2,1,3] relay/Relay:d=[1.030,1.030,1.030,1.030] c=[#c4a98e,#cbab8d,#c6a189,#c9a68a] rank=[0,1,3,2] header/Header:d=[1.030,1.030,1.030,1.030] c=[#c9a68a,#c6a189,#cbab8d,#c4a98e] rank=[2,3,1,0] result/Result:d=[1.030,1.030,1.030,1.030] c=[#cbab8d,#c6a189,#c9a68a,#c4a98e] rank=[1,3,2,0] link:p=0.200 o=1.000
frame=214 t=2679.6 wall=2679.7 interval=7.78 dt=7.77 cpu_prev=5.936 effect_us=113 action=1 since_click=1674.9 since_commit=1067.0 animating=true repaint=now source/Source:d=[1.027,1.027,1.027,1.027] c=[#c4a98d,#c9a58a,#cbaa8d,#c6a189] rank=[0,2,1,3] relay/Relay:d=[1.027,1.027,1.027,1.027] c=[#c4a98d,#cbaa8d,#c6a189,#c9a58a] rank=[0,1,3,2] header/Header:d=[1.027,1.027,1.027,1.027] c=[#c9a58a,#c6a189,#cbaa8d,#c4a98d] rank=[2,3,1,0] result/Result:d=[1.027,1.027,1.027,1.027] c=[#cbaa8d,#c6a189,#c9a58a,#c4a98d] rank=[1,3,2,0] link:p=0.177 o=1.000
frame=215 t=2687.8 wall=2687.8 interval=8.16 dt=8.19 cpu_prev=6.064 effect_us=110 action=1 since_click=1683.1 since_commit=1075.2 animating=true repaint=now source/Source:d=[1.023,1.023,1.023,1.023] c=[#c5a88d,#c9a58a,#caa98d,#c7a289] rank=[0,2,1,3] relay/Relay:d=[1.023,1.023,1.023,1.023] c=[#c5a88d,#caa98d,#c7a289,#c9a58a] rank=[0,1,3,2] header/Header:d=[1.023,1.023,1.023,1.023] c=[#c9a58a,#c7a289,#caa98d,#c5a88d] rank=[2,3,1,0] result/Result:d=[1.023,1.023,1.023,1.023] c=[#caa98d,#c7a289,#c9a58a,#c5a88d] rank=[1,3,2,0] link:p=0.152 o=1.000
frame=216 t=2696.0 wall=2696.0 interval=8.17 dt=8.15 cpu_prev=6.013 effect_us=130 action=1 since_click=1691.3 since_commit=1083.3 animating=true repaint=now source/Source:d=[1.019,1.019,1.019,1.019] c=[#c5a78d,#c9a58a,#caa88d,#c7a28a] rank=[0,2,1,3] relay/Relay:d=[1.019,1.019,1.019,1.019] c=[#c5a78d,#caa88d,#c7a28a,#c9a58a] rank=[0,1,3,2] header/Header:d=[1.019,1.019,1.019,1.019] c=[#c9a58a,#c7a28a,#caa88d,#c5a78d] rank=[2,3,1,0] result/Result:d=[1.019,1.019,1.019,1.019] c=[#caa88d,#c7a28a,#c9a58a,#c5a78d] rank=[1,3,2,0] link:p=0.127 o=1.000
frame=217 t=2704.2 wall=2704.2 interval=8.18 dt=8.19 cpu_prev=6.423 effect_us=110 action=1 since_click=1699.5 since_commit=1091.5 animating=true repaint=now source/Source:d=[1.015,1.015,1.015,1.015] c=[#c6a78c,#c9a58a,#caa78c,#c7a28a] rank=[0,2,1,3] relay/Relay:d=[1.015,1.015,1.015,1.015] c=[#c6a78c,#caa78c,#c7a28a,#c9a58a] rank=[0,1,3,2] header/Header:d=[1.015,1.015,1.015,1.015] c=[#c9a58a,#c7a28a,#caa78c,#c6a78c] rank=[2,3,1,0] result/Result:d=[1.015,1.015,1.015,1.015] c=[#caa78c,#c7a28a,#c9a58a,#c6a78c] rank=[1,3,2,0] link:p=0.102 o=1.000
frame=218 t=2718.5 wall=2718.5 interval=14.35 dt=14.34 cpu_prev=5.896 effect_us=117 action=1 since_click=1713.8 since_commit=1105.9 animating=true repaint=now source/Source:d=[1.009,1.009,1.009,1.009] c=[#c7a68c,#c8a48b,#c9a68c,#c7a38a] rank=[0,2,1,3] relay/Relay:d=[1.009,1.009,1.009,1.009] c=[#c7a68c,#c9a68c,#c7a38a,#c8a48b] rank=[0,1,3,2] header/Header:d=[1.009,1.009,1.009,1.009] c=[#c8a48b,#c7a38a,#c9a68c,#c7a68c] rank=[2,3,1,0] result/Result:d=[1.009,1.009,1.009,1.009] c=[#c9a68c,#c7a38a,#c8a48b,#c7a68c] rank=[1,3,2,0] link:p=0.058 o=1.000
frame=219 t=2726.8 wall=2726.9 interval=8.33 dt=8.34 cpu_prev=6.249 effect_us=117 action=1 since_click=1722.1 since_commit=1114.2 animating=true repaint=now source/Source:d=[1.005,1.005,1.005,1.005] c=[#c7a58b,#c8a48b,#c8a58b,#c8a38b] rank=[0,2,1,3] relay/Relay:d=[1.005,1.005,1.005,1.005] c=[#c7a58b,#c8a58b,#c8a38b,#c8a48b] rank=[0,1,3,2] header/Header:d=[1.005,1.005,1.005,1.005] c=[#c8a48b,#c8a38b,#c8a58b,#c7a58b] rank=[2,3,1,0] result/Result:d=[1.005,1.005,1.005,1.005] c=[#c8a58b,#c8a38b,#c8a48b,#c7a58b] rank=[1,3,2,0] link:p=0.033 o=1.000
frame=220 t=2733.2 wall=2733.2 interval=6.35 dt=6.33 cpu_prev=6.026 effect_us=134 action=1 since_click=1728.5 since_commit=1120.6 animating=true repaint=now source/Source:d=[1.002,1.002,1.002,1.002] c=[#c8a48b,#c8a48b,#c8a48b,#c8a48b] rank=[0,2,1,3] relay/Relay:d=[1.002,1.002,1.002,1.002] c=[#c8a48b,#c8a48b,#c8a48b,#c8a48b] rank=[0,1,3,2] header/Header:d=[1.002,1.002,1.002,1.002] c=[#c8a48b,#c8a48b,#c8a48b,#c8a48b] rank=[2,3,1,0] result/Result:d=[1.002,1.002,1.002,1.002] c=[#c8a48b,#c8a48b,#c8a48b,#c8a48b] rank=[1,3,2,0] link:p=0.014 o=1.000
frame=221 t=2740.2 wall=2740.2 interval=6.97 dt=6.99 cpu_prev=6.689 effect_us=128 action=1 since_click=1735.5 since_commit=1127.5 animating=false repaint=after(27ms) source/Source:d=[1.000,1.000,1.000,1.000] c=[#c8a48b,#c8a48b,#c8a48b,#c8a48b] rank=[0,2,1,3] relay/Relay:d=[1.000,1.000,1.000,1.000] c=[#c8a48b,#c8a48b,#c8a48b,#c8a48b] rank=[0,1,3,2] header/Header:d=[1.000,1.000,1.000,1.000] c=[#c8a48b,#c8a48b,#c8a48b,#c8a48b] rank=[2,3,1,0] result/Result:d=[1.000,1.000,1.000,1.000] c=[#c8a48b,#c8a48b,#c8a48b,#c8a48b] rank=[1,3,2,0] link:p=0.000 o=1.000
frame=222 t=2746.9 wall=2746.9 interval=6.71 dt=6.69 cpu_prev=6.389 effect_us=127 action=1 since_click=1742.2 since_commit=1134.2 animating=false repaint=after(21ms) source/Source:d=[1.000,1.000,1.000,1.000] c=[#c8a48b,#c8a48b,#c8a48b,#c8a48b] rank=[0,2,1,3] relay/Relay:d=[1.000,1.000,1.000,1.000] c=[#c8a48b,#c8a48b,#c8a48b,#c8a48b] rank=[0,1,3,2] header/Header:d=[1.000,1.000,1.000,1.000] c=[#c8a48b,#c8a48b,#c8a48b,#c8a48b] rank=[2,3,1,0] result/Result:d=[1.000,1.000,1.000,1.000] c=[#c8a48b,#c8a48b,#c8a48b,#c8a48b] rank=[1,3,2,0] link:p=0.000 o=1.000
frame=223 t=2754.6 wall=2754.6 interval=7.72 dt=7.74 cpu_prev=5.989 effect_us=113 action=1 since_click=1749.9 since_commit=1142.0 animating=false repaint=after(13ms) source/Source:d=[1.000,1.000,1.000,1.000] c=[#c8a48b,#c8a48b,#c8a48b,#c8a48b] rank=[0,2,1,3] relay/Relay:d=[1.000,1.000,1.000,1.000] c=[#c8a48b,#c8a48b,#c8a48b,#c8a48b] rank=[0,1,3,2] header/Header:d=[1.000,1.000,1.000,1.000] c=[#c8a48b,#c8a48b,#c8a48b,#c8a48b] rank=[2,3,1,0] result/Result:d=[1.000,1.000,1.000,1.000] c=[#c8a48b,#c8a48b,#c8a48b,#c8a48b] rank=[1,3,2,0] link:p=0.000 o=1.000
frame=224 t=2763.5 wall=2763.6 interval=8.94 dt=8.92 cpu_prev=6.447 effect_us=121 action=1 since_click=1758.8 since_commit=1150.9 animating=false repaint=after(4ms) source/Source:d=[1.000,1.000,1.000,1.000] c=[#c8a48b,#c8a48b,#c8a48b,#c8a48b] rank=[0,2,1,3] relay/Relay:d=[1.000,1.000,1.000,1.000] c=[#c8a48b,#c8a48b,#c8a48b,#c8a48b] rank=[0,1,3,2] header/Header:d=[1.000,1.000,1.000,1.000] c=[#c8a48b,#c8a48b,#c8a48b,#c8a48b] rank=[2,3,1,0] result/Result:d=[1.000,1.000,1.000,1.000] c=[#c8a48b,#c8a48b,#c8a48b,#c8a48b] rank=[1,3,2,0] link:p=0.000 o=1.000
frame=225 t=2771.7 wall=2771.8 interval=8.19 dt=8.21 cpu_prev=5.992 effect_us=84 action=1 since_click=1767.0 since_commit=1159.1 animating=false repaint=none source/Source:d=[1.000,1.000,1.000,1.000] c=[#c8a48b,#c8a48b,#c8a48b,#c8a48b] rank=[0,2,1,3] header/Header:d=[1.000,1.000,1.000,1.000] c=[#c8a48b,#c8a48b,#c8a48b,#c8a48b] rank=[2,3,1,0] result/Result:d=[1.000,1.000,1.000,1.000] c=[#c8a48b,#c8a48b,#c8a48b,#c8a48b] rank=[1,3,2,0] link:p=0.000 o=1.000
frame=226 t=2779.3 wall=2779.4 interval=7.63 dt=7.61 cpu_prev=5.933 effect_us=97 action=1 since_click=1774.6 since_commit=1166.7 animating=false repaint=none source/Source:d=[1.000,1.000,1.000,1.000] c=[#c8a48b,#c8a48b,#c8a48b,#c8a48b] rank=[0,2,1,3] header/Header:d=[1.000,1.000,1.000,1.000] c=[#c8a48b,#c8a48b,#c8a48b,#c8a48b] rank=[2,3,1,0] result/Result:d=[1.000,1.000,1.000,1.000] c=[#c8a48b,#c8a48b,#c8a48b,#c8a48b] rank=[1,3,2,0] link:p=0.000 o=1.000
frame=227 t=2787.7 wall=2787.7 interval=8.36 dt=8.37 cpu_prev=5.921 effect_us=90 action=1 since_click=1783.0 since_commit=1175.1 animating=false repaint=none source/Source:d=[1.000,1.000,1.000,1.000] c=[#c8a48b,#c8a48b,#c8a48b,#c8a48b] rank=[0,2,1,3] header/Header:d=[1.000,1.000,1.000,1.000] c=[#c8a48b,#c8a48b,#c8a48b,#c8a48b] rank=[2,3,1,0] result/Result:d=[1.000,1.000,1.000,1.000] c=[#c8a48b,#c8a48b,#c8a48b,#c8a48b] rank=[1,3,2,0] link:p=0.000 o=1.000
frame=228 t=2796.0 wall=2796.0 interval=8.29 dt=8.27 cpu_prev=6.087 effect_us=98 action=1 since_click=1791.3 since_commit=1183.4 animating=false repaint=none source/Source:d=[1.000,1.000,1.000,1.000] c=[#c8a48b,#c8a48b,#c8a48b,#c8a48b] rank=[0,2,1,3] header/Header:d=[1.000,1.000,1.000,1.000] c=[#c8a48b,#c8a48b,#c8a48b,#c8a48b] rank=[2,3,1,0] result/Result:d=[1.000,1.000,1.000,1.000] c=[#c8a48b,#c8a48b,#c8a48b,#c8a48b] rank=[1,3,2,0] link:p=0.000 o=1.000
frame=229 t=2804.2 wall=2804.2 interval=8.19 dt=8.21 cpu_prev=6.152 effect_us=94 action=1 since_click=1799.5 since_commit=1191.6 animating=false repaint=none source/Source:d=[1.000,1.000,1.000,1.000] c=[#c8a48b,#c8a48b,#c8a48b,#c8a48b] rank=[0,2,1,3] header/Header:d=[1.000,1.000,1.000,1.000] c=[#c8a48b,#c8a48b,#c8a48b,#c8a48b] rank=[2,3,1,0] result/Result:d=[1.000,1.000,1.000,1.000] c=[#c8a48b,#c8a48b,#c8a48b,#c8a48b] rank=[1,3,2,0] link:p=0.000 o=1.000
frame=230 t=2818.4 wall=2818.5 interval=14.24 dt=14.22 cpu_prev=5.982 effect_us=111 action=1 since_click=1813.7 since_commit=1205.8 animating=false repaint=none source/Source:d=[1.000,1.000,1.000,1.000] c=[#c8a48b,#c8a48b,#c8a48b,#c8a48b] rank=[0,2,1,3] header/Header:d=[1.000,1.000,1.000,1.000] c=[#c8a48b,#c8a48b,#c8a48b,#c8a48b] rank=[2,3,1,0] result/Result:d=[1.000,1.000,1.000,1.000] c=[#c8a48b,#c8a48b,#c8a48b,#c8a48b] rank=[1,3,2,0] link:p=0.000 o=1.000
frame=231 t=2826.7 wall=2826.7 interval=8.28 dt=8.31 cpu_prev=5.926 effect_us=98 action=1 since_click=1822.0 since_commit=1214.1 animating=false repaint=none source/Source:d=[1.000,1.000,1.000,1.000] c=[#c8a48b,#c8a48b,#c8a48b,#c8a48b] rank=[0,2,1,3] header/Header:d=[1.000,1.000,1.000,1.000] c=[#c8a48b,#c8a48b,#c8a48b,#c8a48b] rank=[2,3,1,0] result/Result:d=[1.000,1.000,1.000,1.000] c=[#c8a48b,#c8a48b,#c8a48b,#c8a48b] rank=[1,3,2,0] link:p=0.000 o=1.000
frame=232 t=2832.9 wall=2833.0 interval=6.22 dt=6.18 cpu_prev=5.825 effect_us=95 action=1 since_click=1828.2 since_commit=1220.3 animating=false repaint=none source/Source:d=[1.000,1.000,1.000,1.000] c=[#c8a48b,#c8a48b,#c8a48b,#c8a48b] rank=[0,2,1,3] header/Header:d=[1.000,1.000,1.000,1.000] c=[#c8a48b,#c8a48b,#c8a48b,#c8a48b] rank=[2,3,1,0] result/Result:d=[1.000,1.000,1.000,1.000] c=[#c8a48b,#c8a48b,#c8a48b,#c8a48b] rank=[1,3,2,0] link:p=0.000 o=1.000
frame=233 t=2839.2 wall=2839.2 interval=6.26 dt=6.31 cpu_prev=6.046 effect_us=94 action=1 since_click=1834.5 since_commit=1226.6 animating=false repaint=none source/Source:d=[1.000,1.000,1.000,1.000] c=[#c8a48b,#c8a48b,#c8a48b,#c8a48b] rank=[0,2,1,3] header/Header:d=[1.000,1.000,1.000,1.000] c=[#c8a48b,#c8a48b,#c8a48b,#c8a48b] rank=[2,3,1,0] result/Result:d=[1.000,1.000,1.000,1.000] c=[#c8a48b,#c8a48b,#c8a48b,#c8a48b] rank=[1,3,2,0] link:p=0.000 o=1.000
frame=234 t=2846.0 wall=2846.0 interval=6.82 dt=6.79 cpu_prev=5.823 effect_us=83 action=1 since_click=1841.3 since_commit=1233.4 animating=false repaint=none source/Source:d=[1.000,1.000,1.000,1.000] c=[#c8a48b,#c8a48b,#c8a48b,#c8a48b] rank=[0,2,1,3] header/Header:d=[1.000,1.000,1.000,1.000] c=[#c8a48b,#c8a48b,#c8a48b,#c8a48b] rank=[2,3,1,0] result/Result:d=[1.000,1.000,1.000,1.000] c=[#c8a48b,#c8a48b,#c8a48b,#c8a48b] rank=[1,3,2,0] link:p=0.000 o=1.000
frame=235 t=2860.1 wall=2860.2 interval=14.11 dt=14.13 cpu_prev=5.401 effect_us=93 action=1 since_click=1855.4 since_commit=1247.5 animating=false repaint=none source/Source:d=[1.000,1.000,1.000,1.000] c=[#c8a48b,#c8a48b,#c8a48b,#c8a48b] rank=[0,2,1,3] header/Header:d=[1.000,1.000,1.000,1.000] c=[#c8a48b,#c8a48b,#c8a48b,#c8a48b] rank=[2,3,1,0] result/Result:d=[1.000,1.000,1.000,1.000] c=[#c8a48b,#c8a48b,#c8a48b,#c8a48b] rank=[1,3,2,0] link:p=0.000 o=1.000
frame=236 t=2868.4 wall=2868.4 interval=8.27 dt=8.25 cpu_prev=6.428 effect_us=98 action=1 since_click=1863.7 since_commit=1255.8 animating=false repaint=none source/Source:d=[1.000,1.000,1.000,1.000] c=[#c8a48b,#c8a48b,#c8a48b,#c8a48b] rank=[0,2,1,3] header/Header:d=[1.000,1.000,1.000,1.000] c=[#c8a48b,#c8a48b,#c8a48b,#c8a48b] rank=[2,3,1,0] result/Result:d=[1.000,1.000,1.000,1.000] c=[#c8a48b,#c8a48b,#c8a48b,#c8a48b] rank=[1,3,2,0] link:p=0.000 o=1.000
frame=237 t=2874.9 wall=2874.9 interval=6.47 dt=6.49 cpu_prev=6.247 effect_us=97 action=1 since_click=1870.2 since_commit=1262.3 animating=false repaint=none source/Source:d=[1.000,1.000,1.000,1.000] c=[#c8a48b,#c8a48b,#c8a48b,#c8a48b] rank=[0,2,1,3] header/Header:d=[1.000,1.000,1.000,1.000] c=[#c8a48b,#c8a48b,#c8a48b,#c8a48b] rank=[2,3,1,0] result/Result:d=[1.000,1.000,1.000,1.000] c=[#c8a48b,#c8a48b,#c8a48b,#c8a48b] rank=[1,3,2,0] link:p=0.000 o=1.000
frame=238 t=2881.2 wall=2881.2 interval=6.33 dt=6.31 cpu_prev=6.088 effect_us=96 action=1 since_click=1876.5 since_commit=1268.6 animating=false repaint=none source/Source:d=[1.000,1.000,1.000,1.000] c=[#c8a48b,#c8a48b,#c8a48b,#c8a48b] rank=[0,2,1,3] header/Header:d=[1.000,1.000,1.000,1.000] c=[#c8a48b,#c8a48b,#c8a48b,#c8a48b] rank=[2,3,1,0] result/Result:d=[1.000,1.000,1.000,1.000] c=[#c8a48b,#c8a48b,#c8a48b,#c8a48b] rank=[1,3,2,0] link:p=0.000 o=1.000
frame=239 t=2887.6 wall=2887.6 interval=6.36 dt=6.38 cpu_prev=6.052 effect_us=96 action=1 since_click=1882.9 since_commit=1274.9 animating=false repaint=none source/Source:d=[1.000,1.000,1.000,1.000] c=[#c8a48b,#c8a48b,#c8a48b,#c8a48b] rank=[0,2,1,3] header/Header:d=[1.000,1.000,1.000,1.000] c=[#c8a48b,#c8a48b,#c8a48b,#c8a48b] rank=[2,3,1,0] result/Result:d=[1.000,1.000,1.000,1.000] c=[#c8a48b,#c8a48b,#c8a48b,#c8a48b] rank=[1,3,2,0] link:p=0.000 o=1.000
frame=240 t=2901.8 wall=2901.8 interval=14.26 dt=14.23 cpu_prev=5.982 effect_us=94 action=1 since_click=1897.1 since_commit=1289.2 animating=false repaint=none source/Source:d=[1.000,1.000,1.000,1.000] c=[#c8a48b,#c8a48b,#c8a48b,#c8a48b] rank=[0,2,1,3] header/Header:d=[1.000,1.000,1.000,1.000] c=[#c8a48b,#c8a48b,#c8a48b,#c8a48b] rank=[2,3,1,0] result/Result:d=[1.000,1.000,1.000,1.000] c=[#c8a48b,#c8a48b,#c8a48b,#c8a48b] rank=[1,3,2,0] link:p=0.000 o=1.000
frame=241 t=2912.7 wall=2912.8 interval=10.93 dt=10.95 cpu_prev=10.092 effect_us=102 action=1 since_click=1908.0 since_commit=1300.1 animating=false repaint=none source/Source:d=[1.000,1.000,1.000,1.000] c=[#c8a48b,#c8a48b,#c8a48b,#c8a48b] rank=[0,2,1,3] header/Header:d=[1.000,1.000,1.000,1.000] c=[#c8a48b,#c8a48b,#c8a48b,#c8a48b] rank=[2,3,1,0] result/Result:d=[1.000,1.000,1.000,1.000] c=[#c8a48b,#c8a48b,#c8a48b,#c8a48b] rank=[1,3,2,0] link:p=0.000 o=1.000
frame=242 t=2921.8 wall=2921.8 interval=9.07 dt=9.04 cpu_prev=6.418 effect_us=93 action=1 since_click=1917.1 since_commit=1309.2 animating=false repaint=none source/Source:d=[1.000,1.000,1.000,1.000] c=[#c8a48b,#c8a48b,#c8a48b,#c8a48b] rank=[0,2,1,3] header/Header:d=[1.000,1.000,1.000,1.000] c=[#c8a48b,#c8a48b,#c8a48b,#c8a48b] rank=[2,3,1,0] result/Result:d=[1.000,1.000,1.000,1.000] c=[#c8a48b,#c8a48b,#c8a48b,#c8a48b] rank=[1,3,2,0] link:p=0.000 o=1.000
frame=243 t=2930.2 wall=2930.2 interval=8.37 dt=8.40 cpu_prev=6.223 effect_us=87 action=1 since_click=1925.5 since_commit=1317.6 animating=false repaint=none source/Source:d=[1.000,1.000,1.000,1.000] c=[#c8a48b,#c8a48b,#c8a48b,#c8a48b] rank=[0,2,1,3] header/Header:d=[1.000,1.000,1.000,1.000] c=[#c8a48b,#c8a48b,#c8a48b,#c8a48b] rank=[2,3,1,0] result/Result:d=[1.000,1.000,1.000,1.000] c=[#c8a48b,#c8a48b,#c8a48b,#c8a48b] rank=[1,3,2,0] link:p=0.000 o=1.000
frame=244 t=2938.1 wall=2938.1 interval=7.92 dt=7.90 cpu_prev=6.170 effect_us=95 action=1 since_click=1933.4 since_commit=1325.5 animating=false repaint=none source/Source:d=[1.000,1.000,1.000,1.000] c=[#c8a48b,#c8a48b,#c8a48b,#c8a48b] rank=[0,2,1,3] header/Header:d=[1.000,1.000,1.000,1.000] c=[#c8a48b,#c8a48b,#c8a48b,#c8a48b] rank=[2,3,1,0] result/Result:d=[1.000,1.000,1.000,1.000] c=[#c8a48b,#c8a48b,#c8a48b,#c8a48b] rank=[1,3,2,0] link:p=0.000 o=1.000
frame=245 t=2946.4 wall=2946.4 interval=8.25 dt=8.27 cpu_prev=5.922 effect_us=94 action=1 since_click=1941.7 since_commit=1333.7 animating=false repaint=none source/Source:d=[1.000,1.000,1.000,1.000] c=[#c8a48b,#c8a48b,#c8a48b,#c8a48b] rank=[0,2,1,3] header/Header:d=[1.000,1.000,1.000,1.000] c=[#c8a48b,#c8a48b,#c8a48b,#c8a48b] rank=[2,3,1,0] result/Result:d=[1.000,1.000,1.000,1.000] c=[#c8a48b,#c8a48b,#c8a48b,#c8a48b] rank=[1,3,2,0] link:p=0.000 o=1.000
frame=246 t=2955.2 wall=2955.2 interval=8.86 dt=8.84 cpu_prev=5.575 effect_us=85 action=1 since_click=1950.5 since_commit=1342.6 animating=false repaint=none source/Source:d=[1.000,1.000,1.000,1.000] c=[#c8a48b,#c8a48b,#c8a48b,#c8a48b] rank=[0,2,1,3] header/Header:d=[1.000,1.000,1.000,1.000] c=[#c8a48b,#c8a48b,#c8a48b,#c8a48b] rank=[2,3,1,0] result/Result:d=[1.000,1.000,1.000,1.000] c=[#c8a48b,#c8a48b,#c8a48b,#c8a48b] rank=[1,3,2,0] link:p=0.000 o=1.000
frame=247 t=2963.5 wall=2963.5 interval=8.29 dt=8.31 cpu_prev=5.738 effect_us=96 action=1 since_click=1958.8 since_commit=1350.9 animating=false repaint=none source/Source:d=[1.000,1.000,1.000,1.000] c=[#c8a48b,#c8a48b,#c8a48b,#c8a48b] rank=[0,2,1,3] header/Header:d=[1.000,1.000,1.000,1.000] c=[#c8a48b,#c8a48b,#c8a48b,#c8a48b] rank=[2,3,1,0] result/Result:d=[1.000,1.000,1.000,1.000] c=[#c8a48b,#c8a48b,#c8a48b,#c8a48b] rank=[1,3,2,0] link:p=0.000 o=1.000
frame=248 t=2970.1 wall=2970.2 interval=6.65 dt=6.63 cpu_prev=5.867 effect_us=107 action=1 since_click=1965.4 since_commit=1357.5 animating=false repaint=none source/Source:d=[1.000,1.000,1.000,1.000] c=[#c8a48b,#c8a48b,#c8a48b,#c8a48b] rank=[0,2,1,3] header/Header:d=[1.000,1.000,1.000,1.000] c=[#c8a48b,#c8a48b,#c8a48b,#c8a48b] rank=[2,3,1,0] result/Result:d=[1.000,1.000,1.000,1.000] c=[#c8a48b,#c8a48b,#c8a48b,#c8a48b] rank=[1,3,2,0] link:p=0.000 o=1.000
frame=249 t=2985.1 wall=2985.1 interval=14.96 dt=14.98 cpu_prev=6.369 effect_us=105 action=1 since_click=1980.4 since_commit=1372.5 animating=false repaint=none source/Source:d=[1.000,1.000,1.000,1.000] c=[#c8a48b,#c8a48b,#c8a48b,#c8a48b] rank=[0,2,1,3] header/Header:d=[1.000,1.000,1.000,1.000] c=[#c8a48b,#c8a48b,#c8a48b,#c8a48b] rank=[2,3,1,0] result/Result:d=[1.000,1.000,1.000,1.000] c=[#c8a48b,#c8a48b,#c8a48b,#c8a48b] rank=[1,3,2,0] link:p=0.000 o=1.000
frame=250 t=2993.4 wall=2993.4 interval=8.27 dt=8.24 cpu_prev=6.070 effect_us=106 action=1 since_click=1988.7 since_commit=1380.7 animating=false repaint=none source/Source:d=[1.000,1.000,1.000,1.000] c=[#c8a48b,#c8a48b,#c8a48b,#c8a48b] rank=[0,2,1,3] header/Header:d=[1.000,1.000,1.000,1.000] c=[#c8a48b,#c8a48b,#c8a48b,#c8a48b] rank=[2,3,1,0] result/Result:d=[1.000,1.000,1.000,1.000] c=[#c8a48b,#c8a48b,#c8a48b,#c8a48b] rank=[1,3,2,0] link:p=0.000 o=1.000
frame=251 t=3000.1 wall=3000.1 interval=6.66 dt=6.69 cpu_prev=6.377 effect_us=89 action=1 since_click=1995.4 since_commit=1387.4 animating=false repaint=none source/Source:d=[1.000,1.000,1.000,1.000] c=[#c8a48b,#c8a48b,#c8a48b,#c8a48b] rank=[0,2,1,3] header/Header:d=[1.000,1.000,1.000,1.000] c=[#c8a48b,#c8a48b,#c8a48b,#c8a48b] rank=[2,3,1,0] result/Result:d=[1.000,1.000,1.000,1.000] c=[#c8a48b,#c8a48b,#c8a48b,#c8a48b] rank=[1,3,2,0] link:p=0.000 o=1.000
frame=252 t=3006.5 wall=3006.5 interval=6.41 dt=6.40 cpu_prev=6.068 effect_us=83 action=1 since_click=2001.7 since_commit=1393.8 animating=false repaint=none source/Source:d=[1.000,1.000,1.000,1.000] c=[#c8a48b,#c8a48b,#c8a48b,#c8a48b] rank=[0,2,1,3] header/Header:d=[1.000,1.000,1.000,1.000] c=[#c8a48b,#c8a48b,#c8a48b,#c8a48b] rank=[2,3,1,0] result/Result:d=[1.000,1.000,1.000,1.000] c=[#c8a48b,#c8a48b,#c8a48b,#c8a48b] rank=[1,3,2,0] link:p=0.000 o=1.000
frame=253 t=3018.3 wall=3018.3 interval=11.81 dt=11.83 cpu_prev=3.195 effect_us=82 action=1 since_click=2013.6 since_commit=1405.7 animating=false repaint=none source/Source:d=[1.000,1.000,1.000,1.000] c=[#c8a48b,#c8a48b,#c8a48b,#c8a48b] rank=[0,2,1,3] header/Header:d=[1.000,1.000,1.000,1.000] c=[#c8a48b,#c8a48b,#c8a48b,#c8a48b] rank=[2,3,1,0] result/Result:d=[1.000,1.000,1.000,1.000] c=[#c8a48b,#c8a48b,#c8a48b,#c8a48b] rank=[1,3,2,0] link:p=0.000 o=1.000
frame=254 t=3026.9 wall=3026.8 interval=8.50 dt=8.61 cpu_prev=0.359 effect_us=84 action=1 since_click=2022.2 since_commit=1414.3 animating=false repaint=none source/Source:d=[1.000,1.000,1.000,1.000] c=[#c8a48b,#c8a48b,#c8a48b,#c8a48b] rank=[0,2,1,3] header/Header:d=[1.000,1.000,1.000,1.000] c=[#c8a48b,#c8a48b,#c8a48b,#c8a48b] rank=[2,3,1,0] result/Result:d=[1.000,1.000,1.000,1.000] c=[#c8a48b,#c8a48b,#c8a48b,#c8a48b] rank=[1,3,2,0] link:p=0.000 o=1.000
frame=255 t=3029.3 wall=3029.2 interval=2.43 dt=2.44 cpu_prev=0.264 effect_us=82 action=1 since_click=2024.6 since_commit=1416.7 animating=false repaint=none source/Source:d=[1.000,1.000,1.000,1.000] c=[#c8a48b,#c8a48b,#c8a48b,#c8a48b] rank=[0,2,1,3] header/Header:d=[1.000,1.000,1.000,1.000] c=[#c8a48b,#c8a48b,#c8a48b,#c8a48b] rank=[2,3,1,0] result/Result:d=[1.000,1.000,1.000,1.000] c=[#c8a48b,#c8a48b,#c8a48b,#c8a48b] rank=[1,3,2,0] link:p=0.000 o=1.000
frame=256 t=3043.3 wall=3043.2 interval=13.94 dt=13.95 cpu_prev=0.191 effect_us=87 action=1 since_click=2038.6 since_commit=1430.6 animating=false repaint=none source/Source:d=[1.000,1.000,1.000,1.000] c=[#c8a48b,#c8a48b,#c8a48b,#c8a48b] rank=[0,2,1,3] header/Header:d=[1.000,1.000,1.000,1.000] c=[#c8a48b,#c8a48b,#c8a48b,#c8a48b] rank=[2,3,1,0] result/Result:d=[1.000,1.000,1.000,1.000] c=[#c8a48b,#c8a48b,#c8a48b,#c8a48b] rank=[1,3,2,0] link:p=0.000 o=1.000
frame=257 t=3051.9 wall=3051.8 interval=8.67 dt=8.67 cpu_prev=0.165 effect_us=98 action=1 since_click=2047.2 since_commit=1439.3 animating=false repaint=none source/Source:d=[1.000,1.000,1.000,1.000] c=[#c8a48b,#c8a48b,#c8a48b,#c8a48b] rank=[0,2,1,3] header/Header:d=[1.000,1.000,1.000,1.000] c=[#c8a48b,#c8a48b,#c8a48b,#c8a48b] rank=[2,3,1,0] result/Result:d=[1.000,1.000,1.000,1.000] c=[#c8a48b,#c8a48b,#c8a48b,#c8a48b] rank=[1,3,2,0] link:p=0.000 o=1.000
frame=258 t=3054.4 wall=3054.3 interval=2.49 dt=2.49 cpu_prev=0.179 effect_us=92 action=1 since_click=2049.7 since_commit=1441.8 animating=false repaint=none source/Source:d=[1.000,1.000,1.000,1.000] c=[#c8a48b,#c8a48b,#c8a48b,#c8a48b] rank=[0,2,1,3] header/Header:d=[1.000,1.000,1.000,1.000] c=[#c8a48b,#c8a48b,#c8a48b,#c8a48b] rank=[2,3,1,0] result/Result:d=[1.000,1.000,1.000,1.000] c=[#c8a48b,#c8a48b,#c8a48b,#c8a48b] rank=[1,3,2,0] link:p=0.000 o=1.000
frame=259 t=3068.5 wall=3068.4 interval=14.07 dt=14.07 cpu_prev=0.178 effect_us=103 action=1 since_click=2063.8 since_commit=1455.9 animating=false repaint=none source/Source:d=[1.000,1.000,1.000,1.000] c=[#c8a48b,#c8a48b,#c8a48b,#c8a48b] rank=[0,2,1,3] header/Header:d=[1.000,1.000,1.000,1.000] c=[#c8a48b,#c8a48b,#c8a48b,#c8a48b] rank=[2,3,1,0] result/Result:d=[1.000,1.000,1.000,1.000] c=[#c8a48b,#c8a48b,#c8a48b,#c8a48b] rank=[1,3,2,0] link:p=0.000 o=1.000
frame=260 t=3076.5 wall=3076.5 interval=8.05 dt=8.05 cpu_prev=0.232 effect_us=103 action=1 since_click=2071.8 since_commit=1463.9 animating=false repaint=none source/Source:d=[1.000,1.000,1.000,1.000] c=[#c8a48b,#c8a48b,#c8a48b,#c8a48b] rank=[0,2,1,3] header/Header:d=[1.000,1.000,1.000,1.000] c=[#c8a48b,#c8a48b,#c8a48b,#c8a48b] rank=[2,3,1,0] result/Result:d=[1.000,1.000,1.000,1.000] c=[#c8a48b,#c8a48b,#c8a48b,#c8a48b] rank=[1,3,2,0] link:p=0.000 o=1.000
frame=261 t=3093.3 wall=3093.2 interval=16.75 dt=16.75 cpu_prev=0.190 effect_us=115 action=1 since_click=2088.6 since_commit=1480.7 animating=false repaint=none source/Source:d=[1.000,1.000,1.000,1.000] c=[#c8a48b,#c8a48b,#c8a48b,#c8a48b] rank=[0,2,1,3] header/Header:d=[1.000,1.000,1.000,1.000] c=[#c8a48b,#c8a48b,#c8a48b,#c8a48b] rank=[2,3,1,0] result/Result:d=[1.000,1.000,1.000,1.000] c=[#c8a48b,#c8a48b,#c8a48b,#c8a48b] rank=[1,3,2,0] link:p=0.000 o=1.000
frame=262 t=3110.4 wall=3110.3 interval=17.07 dt=17.07 cpu_prev=0.219 effect_us=124 action=1 since_click=2105.7 since_commit=1497.7 animating=false repaint=none source/Source:d=[1.000,1.000,1.000,1.000] c=[#c8a48b,#c8a48b,#c8a48b,#c8a48b] rank=[0,2,1,3] header/Header:d=[1.000,1.000,1.000,1.000] c=[#c8a48b,#c8a48b,#c8a48b,#c8a48b] rank=[2,3,1,0] result/Result:d=[1.000,1.000,1.000,1.000] c=[#c8a48b,#c8a48b,#c8a48b,#c8a48b] rank=[1,3,2,0] link:p=0.000 o=1.000
frame=263 t=3118.3 wall=3118.2 interval=7.93 dt=7.93 cpu_prev=0.239 effect_us=123 action=1 since_click=2113.6 since_commit=1505.7 animating=false repaint=none source/Source:d=[1.000,1.000,1.000,1.000] c=[#c8a48b,#c8a48b,#c8a48b,#c8a48b] rank=[0,2,1,3] header/Header:d=[1.000,1.000,1.000,1.000] c=[#c8a48b,#c8a48b,#c8a48b,#c8a48b] rank=[2,3,1,0] result/Result:d=[1.000,1.000,1.000,1.000] c=[#c8a48b,#c8a48b,#c8a48b,#c8a48b] rank=[1,3,2,0] link:p=0.000 o=1.000
frame=264 t=3135.1 wall=3135.0 interval=16.82 dt=16.82 cpu_prev=0.239 effect_us=136 action=1 since_click=2130.4 since_commit=1522.5 animating=false repaint=none source/Source:d=[1.000,1.000,1.000,1.000] c=[#c8a48b,#c8a48b,#c8a48b,#c8a48b] rank=[0,2,1,3] header/Header:d=[1.000,1.000,1.000,1.000] c=[#c8a48b,#c8a48b,#c8a48b,#c8a48b] rank=[2,3,1,0] result/Result:d=[1.000,1.000,1.000,1.000] c=[#c8a48b,#c8a48b,#c8a48b,#c8a48b] rank=[1,3,2,0] link:p=0.000 o=1.000
frame=265 t=3151.7 wall=3151.6 interval=16.55 dt=16.55 cpu_prev=0.245 effect_us=150 action=1 since_click=2147.0 since_commit=1539.0 animating=false repaint=none source/Source:d=[1.000,1.000,1.000,1.000] c=[#c8a48b,#c8a48b,#c8a48b,#c8a48b] rank=[0,2,1,3] header/Header:d=[1.000,1.000,1.000,1.000] c=[#c8a48b,#c8a48b,#c8a48b,#c8a48b] rank=[2,3,1,0] result/Result:d=[1.000,1.000,1.000,1.000] c=[#c8a48b,#c8a48b,#c8a48b,#c8a48b] rank=[1,3,2,0] link:p=0.000 o=1.000
frame=266 t=3160.5 wall=3160.4 interval=8.88 dt=8.88 cpu_prev=0.268 effect_us=160 action=1 since_click=2155.8 since_commit=1547.9 animating=false repaint=none source/Source:d=[1.000,1.000,1.000,1.000] c=[#c8a48b,#c8a48b,#c8a48b,#c8a48b] rank=[0,2,1,3] header/Header:d=[1.000,1.000,1.000,1.000] c=[#c8a48b,#c8a48b,#c8a48b,#c8a48b] rank=[2,3,1,0] result/Result:d=[1.000,1.000,1.000,1.000] c=[#c8a48b,#c8a48b,#c8a48b,#c8a48b] rank=[1,3,2,0] link:p=0.000 o=1.000
frame=267 t=3162.9 wall=3162.8 interval=2.40 dt=2.40 cpu_prev=0.403 effect_us=158 action=1 since_click=2158.2 since_commit=1550.3 animating=false repaint=none source/Source:d=[1.000,1.000,1.000,1.000] c=[#c8a48b,#c8a48b,#c8a48b,#c8a48b] rank=[0,2,1,3] header/Header:d=[1.000,1.000,1.000,1.000] c=[#c8a48b,#c8a48b,#c8a48b,#c8a48b] rank=[2,3,1,0] result/Result:d=[1.000,1.000,1.000,1.000] c=[#c8a48b,#c8a48b,#c8a48b,#c8a48b] rank=[1,3,2,0] link:p=0.000 o=1.000
frame=268 t=3176.7 wall=3176.6 interval=13.77 dt=13.77 cpu_prev=0.297 effect_us=159 action=1 since_click=2172.0 since_commit=1564.1 animating=false repaint=none source/Source:d=[1.000,1.000,1.000,1.000] c=[#c8a48b,#c8a48b,#c8a48b,#c8a48b] rank=[0,2,1,3] header/Header:d=[1.000,1.000,1.000,1.000] c=[#c8a48b,#c8a48b,#c8a48b,#c8a48b] rank=[2,3,1,0] result/Result:d=[1.000,1.000,1.000,1.000] c=[#c8a48b,#c8a48b,#c8a48b,#c8a48b] rank=[1,3,2,0] link:p=0.000 o=1.000
frame=269 t=3185.0 wall=3184.9 interval=8.28 dt=8.28 cpu_prev=0.795 effect_us=153 action=1 since_click=2180.3 since_commit=1572.4 animating=false repaint=none source/Source:d=[1.000,1.000,1.000,1.000] c=[#c8a48b,#c8a48b,#c8a48b,#c8a48b] rank=[0,2,1,3] header/Header:d=[1.000,1.000,1.000,1.000] c=[#c8a48b,#c8a48b,#c8a48b,#c8a48b] rank=[2,3,1,0] result/Result:d=[1.000,1.000,1.000,1.000] c=[#c8a48b,#c8a48b,#c8a48b,#c8a48b] rank=[1,3,2,0] link:p=0.000 o=1.000
frame=270 t=3187.9 wall=3187.8 interval=2.91 dt=2.91 cpu_prev=0.296 effect_us=157 action=1 since_click=2183.2 since_commit=1575.3 animating=false repaint=none source/Source:d=[1.000,1.000,1.000,1.000] c=[#c8a48b,#c8a48b,#c8a48b,#c8a48b] rank=[0,2,1,3] header/Header:d=[1.000,1.000,1.000,1.000] c=[#c8a48b,#c8a48b,#c8a48b,#c8a48b] rank=[2,3,1,0] result/Result:d=[1.000,1.000,1.000,1.000] c=[#c8a48b,#c8a48b,#c8a48b,#c8a48b] rank=[1,3,2,0] link:p=0.000 o=1.000
frame=271 t=3201.6 wall=3201.5 interval=13.68 dt=13.69 cpu_prev=0.277 effect_us=151 action=1 since_click=2196.9 since_commit=1589.0 animating=false repaint=none source/Source:d=[1.000,1.000,1.000,1.000] c=[#c8a48b,#c8a48b,#c8a48b,#c8a48b] rank=[0,2,1,3] header/Header:d=[1.000,1.000,1.000,1.000] c=[#c8a48b,#c8a48b,#c8a48b,#c8a48b] rank=[2,3,1,0] result/Result:d=[1.000,1.000,1.000,1.000] c=[#c8a48b,#c8a48b,#c8a48b,#c8a48b] rank=[1,3,2,0] link:p=0.000 o=1.000
frame=272 t=3210.0 wall=3209.9 interval=8.39 dt=8.39 cpu_prev=0.258 effect_us=170 action=1 since_click=2205.3 since_commit=1597.4 animating=false repaint=none source/Source:d=[1.000,1.000,1.000,1.000] c=[#c8a48b,#c8a48b,#c8a48b,#c8a48b] rank=[0,2,1,3] header/Header:d=[1.000,1.000,1.000,1.000] c=[#c8a48b,#c8a48b,#c8a48b,#c8a48b] rank=[2,3,1,0] result/Result:d=[1.000,1.000,1.000,1.000] c=[#c8a48b,#c8a48b,#c8a48b,#c8a48b] rank=[1,3,2,0] link:p=0.000 o=1.000
frame=273 t=3213.1 wall=3213.0 interval=3.10 dt=3.10 cpu_prev=0.330 effect_us=171 action=1 since_click=2208.4 since_commit=1600.5 animating=false repaint=none source/Source:d=[1.000,1.000,1.000,1.000] c=[#c8a48b,#c8a48b,#c8a48b,#c8a48b] rank=[0,2,1,3] header/Header:d=[1.000,1.000,1.000,1.000] c=[#c8a48b,#c8a48b,#c8a48b,#c8a48b] rank=[2,3,1,0] result/Result:d=[1.000,1.000,1.000,1.000] c=[#c8a48b,#c8a48b,#c8a48b,#c8a48b] rank=[1,3,2,0] link:p=0.000 o=1.000
frame=274 t=3226.7 wall=3226.6 interval=13.60 dt=13.60 cpu_prev=0.276 effect_us=169 action=1 since_click=2222.0 since_commit=1614.1 animating=false repaint=none source/Source:d=[1.000,1.000,1.000,1.000] c=[#c8a48b,#c8a48b,#c8a48b,#c8a48b] rank=[0,2,1,3] header/Header:d=[1.000,1.000,1.000,1.000] c=[#c8a48b,#c8a48b,#c8a48b,#c8a48b] rank=[2,3,1,0] result/Result:d=[1.000,1.000,1.000,1.000] c=[#c8a48b,#c8a48b,#c8a48b,#c8a48b] rank=[1,3,2,0] link:p=0.000 o=1.000
frame=275 t=3235.0 wall=3234.9 interval=8.30 dt=8.30 cpu_prev=0.287 effect_us=169 action=1 since_click=2230.3 since_commit=1622.4 animating=false repaint=none source/Source:d=[1.000,1.000,1.000,1.000] c=[#c8a48b,#c8a48b,#c8a48b,#c8a48b] rank=[0,2,1,3] header/Header:d=[1.000,1.000,1.000,1.000] c=[#c8a48b,#c8a48b,#c8a48b,#c8a48b] rank=[2,3,1,0] result/Result:d=[1.000,1.000,1.000,1.000] c=[#c8a48b,#c8a48b,#c8a48b,#c8a48b] rank=[1,3,2,0] link:p=0.000 o=1.000
frame=276 t=3239.0 wall=3238.9 interval=4.02 dt=4.02 cpu_prev=0.282 effect_us=169 action=1 since_click=2234.3 since_commit=1626.4 animating=false repaint=none source/Source:d=[1.000,1.000,1.000,1.000] c=[#c8a48b,#c8a48b,#c8a48b,#c8a48b] rank=[0,2,1,3] header/Header:d=[1.000,1.000,1.000,1.000] c=[#c8a48b,#c8a48b,#c8a48b,#c8a48b] rank=[2,3,1,0] result/Result:d=[1.000,1.000,1.000,1.000] c=[#c8a48b,#c8a48b,#c8a48b,#c8a48b] rank=[1,3,2,0] link:p=0.000 o=1.000
frame=277 t=3251.6 wall=3251.5 interval=12.65 dt=12.65 cpu_prev=0.291 effect_us=169 action=1 since_click=2246.9 since_commit=1639.0 animating=false repaint=none source/Source:d=[1.000,1.000,1.000,1.000] c=[#c8a48b,#c8a48b,#c8a48b,#c8a48b] rank=[0,2,1,3] header/Header:d=[1.000,1.000,1.000,1.000] c=[#c8a48b,#c8a48b,#c8a48b,#c8a48b] rank=[2,3,1,0] result/Result:d=[1.000,1.000,1.000,1.000] c=[#c8a48b,#c8a48b,#c8a48b,#c8a48b] rank=[1,3,2,0] link:p=0.000 o=1.000
frame=278 t=3260.0 wall=3259.9 interval=8.35 dt=8.35 cpu_prev=0.286 effect_us=195 action=1 since_click=2255.3 since_commit=1647.4 animating=false repaint=none source/Source:d=[1.000,1.000,1.000,1.000] c=[#c8a48b,#c8a48b,#c8a48b,#c8a48b] rank=[0,2,1,3] header/Header:d=[1.000,1.000,1.000,1.000] c=[#c8a48b,#c8a48b,#c8a48b,#c8a48b] rank=[2,3,1,0] result/Result:d=[1.000,1.000,1.000,1.000] c=[#c8a48b,#c8a48b,#c8a48b,#c8a48b] rank=[1,3,2,0] link:p=0.000 o=1.000
frame=279 t=3267.2 wall=3267.1 interval=7.16 dt=7.16 cpu_prev=0.340 effect_us=118 action=1 since_click=2262.4 since_commit=1654.5 animating=false repaint=none source/Source:d=[1.000,1.000,1.000,1.000] c=[#c8a48b,#c8a48b,#c8a48b,#c8a48b] rank=[0,2,1,3] header/Header:d=[1.000,1.000,1.000,1.000] c=[#c8a48b,#c8a48b,#c8a48b,#c8a48b] rank=[2,3,1,0] result/Result:d=[1.000,1.000,1.000,1.000] c=[#c8a48b,#c8a48b,#c8a48b,#c8a48b] rank=[1,3,2,0] link:p=0.000 o=1.000
frame=280 t=3276.7 wall=3276.6 interval=9.59 dt=9.59 cpu_prev=0.374 effect_us=177 action=1 since_click=2272.0 since_commit=1664.1 animating=false repaint=none source/Source:d=[1.000,1.000,1.000,1.000] c=[#c8a48b,#c8a48b,#c8a48b,#c8a48b] rank=[0,2,1,3] header/Header:d=[1.000,1.000,1.000,1.000] c=[#c8a48b,#c8a48b,#c8a48b,#c8a48b] rank=[2,3,1,0] result/Result:d=[1.000,1.000,1.000,1.000] c=[#c8a48b,#c8a48b,#c8a48b,#c8a48b] rank=[1,3,2,0] link:p=0.000 o=1.000
frame=281 t=3285.0 wall=3284.9 interval=8.27 dt=8.27 cpu_prev=0.422 effect_us=153 action=1 since_click=2280.3 since_commit=1672.4 animating=false repaint=none source/Source:d=[1.000,1.000,1.000,1.000] c=[#c8a48b,#c8a48b,#c8a48b,#c8a48b] rank=[0,2,1,3] header/Header:d=[1.000,1.000,1.000,1.000] c=[#c8a48b,#c8a48b,#c8a48b,#c8a48b] rank=[2,3,1,0] result/Result:d=[1.000,1.000,1.000,1.000] c=[#c8a48b,#c8a48b,#c8a48b,#c8a48b] rank=[1,3,2,0] link:p=0.000 o=1.000
frame=282 t=3287.4 wall=3287.3 interval=2.37 dt=2.37 cpu_prev=0.391 effect_us=156 action=1 since_click=2282.7 since_commit=1674.8 animating=false repaint=none source/Source:d=[1.000,1.000,1.000,1.000] c=[#c8a48b,#c8a48b,#c8a48b,#c8a48b] rank=[0,2,1,3] header/Header:d=[1.000,1.000,1.000,1.000] c=[#c8a48b,#c8a48b,#c8a48b,#c8a48b] rank=[2,3,1,0] result/Result:d=[1.000,1.000,1.000,1.000] c=[#c8a48b,#c8a48b,#c8a48b,#c8a48b] rank=[1,3,2,0] link:p=0.000 o=1.000
frame=283 t=3301.7 wall=3301.6 interval=14.27 dt=14.27 cpu_prev=0.353 effect_us=137 action=1 since_click=2297.0 since_commit=1689.0 animating=false repaint=none source/Source:d=[1.000,1.000,1.000,1.000] c=[#c8a48b,#c8a48b,#c8a48b,#c8a48b] rank=[0,2,1,3] header/Header:d=[1.000,1.000,1.000,1.000] c=[#c8a48b,#c8a48b,#c8a48b,#c8a48b] rank=[2,3,1,0] result/Result:d=[1.000,1.000,1.000,1.000] c=[#c8a48b,#c8a48b,#c8a48b,#c8a48b] rank=[1,3,2,0] link:p=0.000 o=1.000
frame=284 t=3310.0 wall=3309.9 interval=8.33 dt=8.33 cpu_prev=0.267 effect_us=182 action=1 since_click=2305.3 since_commit=1697.4 animating=false repaint=none source/Source:d=[1.000,1.000,1.000,1.000] c=[#c8a48b,#c8a48b,#c8a48b,#c8a48b] rank=[0,2,1,3] header/Header:d=[1.000,1.000,1.000,1.000] c=[#c8a48b,#c8a48b,#c8a48b,#c8a48b] rank=[2,3,1,0] result/Result:d=[1.000,1.000,1.000,1.000] c=[#c8a48b,#c8a48b,#c8a48b,#c8a48b] rank=[1,3,2,0] link:p=0.000 o=1.000
