# pixels_per_point=2 script=supersede rows=0
# rect panel_a 12.0 68.0 262.0 482.0
# rect header 0.0 0.0 880.0 56.0
# rect panel_b 278.0 68.0 868.0 482.0
# rect source_key 98.0 157.0 248.0 209.0
frame=1 t=17.5 wall=18.2 interval=- dt=17.50 cpu_prev=- effect_us=1 action=0 since_click=- since_commit=- animating=false repaint=none
frame=2 t=33.6 wall=33.5 interval=15.33 dt=16.12 cpu_prev=21.303 effect_us=1 action=0 since_click=- since_commit=- animating=false repaint=none
frame=3 t=54.4 wall=54.3 interval=20.77 dt=20.77 cpu_prev=0.329 effect_us=1 action=0 since_click=- since_commit=- animating=false repaint=none
frame=4 t=54.9 wall=54.8 interval=0.53 dt=0.54 cpu_prev=0.294 effect_us=1 action=0 since_click=- since_commit=- animating=false repaint=none
frame=5 t=71.0 wall=70.9 interval=16.07 dt=16.07 cpu_prev=0.505 effect_us=1 action=0 since_click=- since_commit=- animating=false repaint=none
frame=6 t=925.0 wall=925.0 interval=854.08 dt=854.05 cpu_prev=0.209 effect_us=3 action=0 since_click=- since_commit=- animating=false repaint=none
frame=7 t=927.2 wall=927.1 interval=2.13 dt=2.14 cpu_prev=0.953 effect_us=1 action=0 since_click=- since_commit=- animating=false repaint=none
frame=8 t=929.7 wall=929.6 interval=2.47 dt=2.48 cpu_prev=0.556 effect_us=2 action=0 since_click=- since_commit=- animating=false repaint=none
frame=9 t=930.7 wall=930.6 interval=1.00 dt=1.00 cpu_prev=0.421 effect_us=1 action=0 since_click=- since_commit=- animating=false repaint=none
frame=10 t=931.7 wall=931.6 interval=1.04 dt=1.04 cpu_prev=0.361 effect_us=1 action=0 since_click=- since_commit=- animating=false repaint=none
frame=11 t=932.6 wall=932.5 interval=0.87 dt=0.87 cpu_prev=0.287 effect_us=1 action=0 since_click=- since_commit=- animating=false repaint=none
frame=12 t=934.1 wall=934.0 interval=1.51 dt=1.51 cpu_prev=0.294 effect_us=1 action=0 since_click=- since_commit=- animating=false repaint=none
frame=13 t=935.0 wall=934.9 interval=0.86 dt=0.86 cpu_prev=0.353 effect_us=1 action=0 since_click=- since_commit=- animating=false repaint=none
frame=14 t=935.6 wall=935.5 interval=0.59 dt=0.60 cpu_prev=0.264 effect_us=1 action=0 since_click=- since_commit=- animating=false repaint=none
frame=15 t=940.8 wall=940.7 interval=5.28 dt=5.27 cpu_prev=0.182 effect_us=1 action=0 since_click=- since_commit=- animating=false repaint=none
frame=16 t=951.8 wall=951.7 interval=10.98 dt=10.99 cpu_prev=0.228 effect_us=0 action=0 since_click=- since_commit=- animating=false repaint=none
frame=17 t=959.4 wall=959.3 interval=7.54 dt=7.54 cpu_prev=5.416 effect_us=1 action=0 since_click=- since_commit=- animating=false repaint=none
frame=18 t=969.4 wall=969.5 interval=10.21 dt=10.03 cpu_prev=9.677 effect_us=1 action=0 since_click=- since_commit=- animating=false repaint=none
frame=19 t=979.9 wall=979.9 interval=10.44 dt=10.49 cpu_prev=8.319 effect_us=1 action=0 since_click=- since_commit=- animating=false repaint=none
frame=20 t=987.7 wall=987.8 interval=7.85 dt=7.84 cpu_prev=7.548 effect_us=1 action=0 since_click=- since_commit=- animating=false repaint=none
frame=21 t=996.4 wall=996.5 interval=8.69 dt=8.70 cpu_prev=6.876 effect_us=1 action=0 since_click=- since_commit=- animating=false repaint=none
# pixels_per_point=2 script=supersede rows=0
# rect header 0.0 0.0 880.0 56.0
# rect panel_b 278.0 68.0 868.0 482.0
# rect source_key 98.0 157.0 248.0 209.0
# rect panel_a 12.0 68.0 262.0 482.0
# event t=1005.0ms click action=1 wall=1007.8
frame=22 t=1005.0 wall=1005.0 interval=8.58 dt=8.58 cpu_prev=6.743 effect_us=43 action=1 since_click=0.0 since_commit=- animating=true repaint=now source/Source(pending):d=[0.000,0.000,0.000,0.000] c=[#c8a48b,#c8a48b,#c8a48b,#c8a48b] rank=[0,2,1,3]
frame=23 t=1013.2 wall=1013.2 interval=8.17 dt=8.17 cpu_prev=6.145 effect_us=39 action=1 since_click=8.2 since_commit=- animating=true repaint=now source/Source(pending):d=[0.056,0.000,0.000,0.000] c=[#c8a48b,#c8a48b,#c8a48b,#c8a48b] rank=[0,2,1,3]
frame=24 t=1021.7 wall=1021.8 interval=8.57 dt=8.56 cpu_prev=6.406 effect_us=36 action=1 since_click=16.7 since_commit=- animating=true repaint=now source/Source(pending):d=[0.115,0.000,0.000,0.000] c=[#c8a48b,#c8a48b,#c8a48b,#c8a48b] rank=[0,2,1,3]
frame=25 t=1030.0 wall=1030.1 interval=8.29 dt=8.28 cpu_prev=6.264 effect_us=39 action=1 since_click=25.0 since_commit=- animating=true repaint=now source/Source(pending):d=[0.172,0.000,0.000,0.000] c=[#c8a48b,#c8a48b,#c8a48b,#c8a48b] rank=[0,2,1,3]
frame=26 t=1038.4 wall=1038.4 interval=8.35 dt=8.36 cpu_prev=6.387 effect_us=36 action=1 since_click=33.4 since_commit=- animating=true repaint=now source/Source(pending):d=[0.229,0.000,0.037,0.000] c=[#c8a48b,#c8a48b,#c8a48b,#c8a48b] rank=[0,2,1,3]
frame=27 t=1046.7 wall=1046.8 interval=8.37 dt=8.37 cpu_prev=5.844 effect_us=33 action=1 since_click=41.7 since_commit=- animating=true repaint=now source/Source(pending):d=[0.286,0.000,0.094,0.000] c=[#c8a48b,#c8a48b,#c8a48b,#c8a48b] rank=[0,2,1,3]
frame=28 t=1053.9 wall=1054.0 interval=7.20 dt=7.20 cpu_prev=6.111 effect_us=35 action=1 since_click=49.0 since_commit=- animating=true repaint=now source/Source(pending):d=[0.336,0.000,0.144,0.000] c=[#c8a48b,#c8a48b,#c8a48b,#c8a48b] rank=[0,2,1,3]
frame=29 t=1068.6 wall=1068.6 interval=14.61 dt=14.62 cpu_prev=5.865 effect_us=35 action=1 since_click=63.6 since_commit=- animating=true repaint=now source/Source(pending):d=[0.436,0.052,0.244,0.000] c=[#c8a48b,#c8a48b,#c8a48b,#c8a48b] rank=[0,2,1,3]
frame=30 t=1076.8 wall=1076.9 interval=8.27 dt=8.27 cpu_prev=5.955 effect_us=36 action=1 since_click=71.8 since_commit=- animating=true repaint=now source/Source(pending):d=[0.493,0.109,0.301,0.000] c=[#c8a48b,#c8a48b,#c8a48b,#c8a48b] rank=[0,2,1,3]
frame=31 t=1083.6 wall=1083.6 interval=6.77 dt=6.76 cpu_prev=6.431 effect_us=37 action=1 since_click=78.6 since_commit=- animating=true repaint=now source/Source(pending):d=[0.539,0.155,0.347,0.000] c=[#c8a48b,#c8a48b,#c8a48b,#c8a48b] rank=[0,2,1,3]
frame=32 t=1090.3 wall=1090.4 interval=6.75 dt=6.74 cpu_prev=6.365 effect_us=36 action=1 since_click=85.3 since_commit=- animating=true repaint=now source/Source(pending):d=[0.585,0.201,0.393,0.009] c=[#c8a48b,#c8a48b,#c8a48b,#c8a48b] rank=[0,2,1,3]
frame=33 t=1097.2 wall=1097.2 interval=6.82 dt=6.83 cpu_prev=6.545 effect_us=34 action=1 since_click=92.2 since_commit=- animating=true repaint=now source/Source(pending):d=[0.632,0.248,0.440,0.056] c=[#c8a48b,#c8a48b,#c8a48b,#c8a48b] rank=[0,2,1,3]
frame=34 t=1105.6 wall=1105.6 interval=8.42 dt=8.42 cpu_prev=5.324 effect_us=31 action=1 since_click=100.6 since_commit=- animating=true repaint=now source/Source(pending):d=[0.690,0.306,0.498,0.114] c=[#c8a48b,#c8a48b,#c8a48b,#c8a48b] rank=[0,2,1,3]
frame=35 t=1113.3 wall=1113.4 interval=7.73 dt=7.73 cpu_prev=5.717 effect_us=31 action=1 since_click=108.3 since_commit=- animating=true repaint=now source/Source(pending):d=[0.720,0.359,0.551,0.167] c=[#c8a48b,#c8a48b,#c8a48b,#c8a48b] rank=[0,2,1,3]
frame=36 t=1121.6 wall=1121.7 interval=8.31 dt=8.30 cpu_prev=5.730 effect_us=36 action=1 since_click=116.6 since_commit=- animating=true repaint=now source/Source(pending):d=[0.720,0.416,0.608,0.224] c=[#c8a48b,#c8a48b,#c8a48b,#c8a48b] rank=[0,2,1,3]
frame=37 t=1130.2 wall=1130.2 interval=8.53 dt=8.53 cpu_prev=5.693 effect_us=31 action=1 since_click=125.2 since_commit=- animating=true repaint=now source/Source(pending):d=[0.720,0.474,0.666,0.282] c=[#c8a48b,#c8a48b,#c8a48b,#c8a48b] rank=[0,2,1,3]
frame=38 t=1137.8 wall=1137.9 interval=7.69 dt=7.69 cpu_prev=5.670 effect_us=31 action=1 since_click=132.8 since_commit=- animating=true repaint=now source/Source(pending):d=[0.720,0.527,0.719,0.335] c=[#c8a48b,#c8a48b,#c8a48b,#c8a48b] rank=[0,2,1,3]
frame=39 t=1146.0 wall=1146.0 interval=8.16 dt=8.16 cpu_prev=6.513 effect_us=31 action=1 since_click=141.0 since_commit=- animating=true repaint=now source/Source(pending):d=[0.720,0.583,0.720,0.391] c=[#c8a48b,#c8a48b,#c8a48b,#c8a48b] rank=[0,2,1,3]
frame=40 t=1160.2 wall=1160.3 interval=14.23 dt=14.24 cpu_prev=6.066 effect_us=29 action=1 since_click=155.3 since_commit=- animating=true repaint=now source/Source(pending):d=[0.720,0.681,0.720,0.489] c=[#c8a48b,#c8a48b,#c8a48b,#c8a48b] rank=[0,2,1,3]
frame=41 t=1168.6 wall=1168.6 interval=8.31 dt=8.32 cpu_prev=5.696 effect_us=29 action=1 since_click=163.6 since_commit=- animating=true repaint=now source/Source(pending):d=[0.720,0.720,0.720,0.546] c=[#c8a48b,#c8a48b,#c8a48b,#c8a48b] rank=[0,2,1,3]
frame=42 t=1174.0 wall=1174.0 interval=5.42 dt=5.42 cpu_prev=5.159 effect_us=32 action=1 since_click=169.0 since_commit=- animating=true repaint=now source/Source(pending):d=[0.720,0.720,0.720,0.583] c=[#c8a48b,#c8a48b,#c8a48b,#c8a48b] rank=[0,2,1,3]
frame=43 t=1180.3 wall=1180.3 interval=6.30 dt=6.30 cpu_prev=5.998 effect_us=29 action=1 since_click=175.3 since_commit=- animating=true repaint=now source/Source(pending):d=[0.720,0.720,0.720,0.626] c=[#c8a48b,#c8a48b,#c8a48b,#c8a48b] rank=[0,2,1,3]
frame=44 t=1188.9 wall=1188.9 interval=8.62 dt=8.62 cpu_prev=5.725 effect_us=29 action=1 since_click=183.9 since_commit=- animating=true repaint=now source/Source(pending):d=[0.720,0.720,0.720,0.685] c=[#c8a48b,#c8a48b,#c8a48b,#c8a48b] rank=[0,2,1,3]
frame=45 t=1196.9 wall=1196.9 interval=7.99 dt=7.99 cpu_prev=5.369 effect_us=28 action=1 since_click=191.9 since_commit=- animating=false repaint=none source/Source(pending):d=[0.720,0.720,0.720,0.720] c=[#c8a48b,#c8a48b,#c8a48b,#c8a48b] rank=[0,2,1,3]
frame=46 t=1205.2 wall=1205.3 interval=8.36 dt=8.36 cpu_prev=5.395 effect_us=33 action=1 since_click=200.3 since_commit=- animating=false repaint=none source/Source(pending):d=[0.720,0.720,0.720,0.720] c=[#c8a48b,#c8a48b,#c8a48b,#c8a48b] rank=[0,2,1,3]
frame=47 t=1213.1 wall=1213.1 interval=7.81 dt=7.81 cpu_prev=5.844 effect_us=28 action=1 since_click=208.1 since_commit=- animating=false repaint=none source/Source(pending):d=[0.720,0.720,0.720,0.720] c=[#c8a48b,#c8a48b,#c8a48b,#c8a48b] rank=[0,2,1,3]
frame=48 t=1221.2 wall=1221.2 interval=8.12 dt=8.12 cpu_prev=6.043 effect_us=35 action=1 since_click=216.2 since_commit=- animating=false repaint=none source/Source(pending):d=[0.720,0.720,0.720,0.720] c=[#c8a48b,#c8a48b,#c8a48b,#c8a48b] rank=[0,2,1,3]
frame=49 t=1235.2 wall=1235.2 interval=14.00 dt=14.01 cpu_prev=5.913 effect_us=32 action=1 since_click=230.2 since_commit=- animating=false repaint=none source/Source(pending):d=[0.720,0.720,0.720,0.720] c=[#c8a48b,#c8a48b,#c8a48b,#c8a48b] rank=[0,2,1,3]
frame=50 t=1243.5 wall=1243.5 interval=8.32 dt=8.32 cpu_prev=5.958 effect_us=30 action=1 since_click=238.5 since_commit=- animating=false repaint=none source/Source(pending):d=[0.720,0.720,0.720,0.720] c=[#c8a48b,#c8a48b,#c8a48b,#c8a48b] rank=[0,2,1,3]
frame=51 t=1249.4 wall=1249.5 interval=5.92 dt=5.92 cpu_prev=5.635 effect_us=29 action=1 since_click=244.4 since_commit=- animating=false repaint=none source/Source(pending):d=[0.720,0.720,0.720,0.720] c=[#c8a48b,#c8a48b,#c8a48b,#c8a48b] rank=[0,2,1,3]
frame=52 t=1256.0 wall=1256.0 interval=6.55 dt=6.56 cpu_prev=6.309 effect_us=29 action=1 since_click=251.0 since_commit=- animating=false repaint=none source/Source(pending):d=[0.720,0.720,0.720,0.720] c=[#c8a48b,#c8a48b,#c8a48b,#c8a48b] rank=[0,2,1,3]
frame=53 t=1263.0 wall=1263.0 interval=7.02 dt=7.01 cpu_prev=6.012 effect_us=29 action=1 since_click=258.0 since_commit=- animating=false repaint=none source/Source(pending):d=[0.720,0.720,0.720,0.720] c=[#c8a48b,#c8a48b,#c8a48b,#c8a48b] rank=[0,2,1,3]
frame=54 t=1271.7 wall=1271.8 interval=8.74 dt=8.74 cpu_prev=5.949 effect_us=31 action=1 since_click=266.7 since_commit=- animating=false repaint=none source/Source(pending):d=[0.720,0.720,0.720,0.720] c=[#c8a48b,#c8a48b,#c8a48b,#c8a48b] rank=[0,2,1,3]
# pixels_per_point=2 script=supersede rows=0
# rect panel_a 12.0 68.0 262.0 482.0
# rect source_key 98.0 157.0 248.0 209.0
# rect panel_b 278.0 68.0 868.0 482.0
# rect header 0.0 0.0 880.0 56.0
# event t=1279.6ms click action=2 wall=1282.2
frame=55 t=1279.6 wall=1279.6 interval=7.85 dt=7.84 cpu_prev=6.106 effect_us=40 action=2 since_click=0.0 since_commit=- animating=true repaint=now source/Source(pending):d=[0.000,0.000,0.000,0.000] c=[#c8a48b,#c8a48b,#c8a48b,#c8a48b] rank=[0,2,1,3]
frame=56 t=1293.5 wall=1293.6 interval=13.94 dt=13.96 cpu_prev=5.774 effect_us=31 action=2 since_click=14.0 since_commit=- animating=true repaint=now source/Source(pending):d=[0.096,0.000,0.000,0.000] c=[#c8a48b,#c8a48b,#c8a48b,#c8a48b] rank=[0,2,1,3]
frame=57 t=1301.8 wall=1301.8 interval=8.28 dt=8.28 cpu_prev=5.807 effect_us=34 action=2 since_click=22.2 since_commit=- animating=true repaint=now source/Source(pending):d=[0.153,0.000,0.000,0.000] c=[#c8a48b,#c8a48b,#c8a48b,#c8a48b] rank=[0,2,1,3]
frame=58 t=1307.6 wall=1307.6 interval=5.76 dt=5.76 cpu_prev=5.517 effect_us=30 action=2 since_click=28.0 since_commit=- animating=true repaint=now source/Source(pending):d=[0.192,0.000,0.000,0.000] c=[#c8a48b,#c8a48b,#c8a48b,#c8a48b] rank=[0,2,1,3]
frame=59 t=1313.6 wall=1313.7 interval=6.08 dt=6.08 cpu_prev=5.787 effect_us=29 action=2 since_click=34.1 since_commit=- animating=true repaint=now source/Source(pending):d=[0.234,0.000,0.042,0.000] c=[#c8a48b,#c8a48b,#c8a48b,#c8a48b] rank=[0,2,1,3]
frame=60 t=1321.2 wall=1321.2 interval=7.56 dt=7.55 cpu_prev=5.535 effect_us=29 action=2 since_click=41.6 since_commit=- animating=true repaint=now source/Source(pending):d=[0.286,0.000,0.094,0.000] c=[#c8a48b,#c8a48b,#c8a48b,#c8a48b] rank=[0,2,1,3]
frame=61 t=1335.2 wall=1335.3 interval=14.02 dt=14.02 cpu_prev=5.647 effect_us=32 action=2 since_click=55.7 since_commit=- animating=true repaint=now source/Source(pending):d=[0.382,0.000,0.190,0.000] c=[#c8a48b,#c8a48b,#c8a48b,#c8a48b] rank=[0,2,1,3]
frame=62 t=1343.6 wall=1343.6 interval=8.38 dt=8.38 cpu_prev=5.770 effect_us=34 action=2 since_click=64.0 since_commit=- animating=true repaint=now source/Source(pending):d=[0.439,0.055,0.247,0.000] c=[#c8a48b,#c8a48b,#c8a48b,#c8a48b] rank=[0,2,1,3]
frame=63 t=1350.4 wall=1350.4 interval=6.78 dt=6.78 cpu_prev=6.514 effect_us=32 action=2 since_click=70.8 since_commit=- animating=true repaint=now source/Source(pending):d=[0.486,0.102,0.294,0.000] c=[#c8a48b,#c8a48b,#c8a48b,#c8a48b] rank=[0,2,1,3]
frame=64 t=1356.7 wall=1356.7 interval=6.32 dt=6.31 cpu_prev=6.051 effect_us=33 action=2 since_click=77.1 since_commit=- animating=true repaint=now source/Source(pending):d=[0.529,0.145,0.337,0.000] c=[#c8a48b,#c8a48b,#c8a48b,#c8a48b] rank=[0,2,1,3]
frame=65 t=1363.2 wall=1363.2 interval=6.48 dt=6.48 cpu_prev=6.169 effect_us=32 action=2 since_click=83.6 since_commit=- animating=true repaint=now source/Source(pending):d=[0.573,0.189,0.381,0.000] c=[#c8a48b,#c8a48b,#c8a48b,#c8a48b] rank=[0,2,1,3]
frame=66 t=1372.0 wall=1372.1 interval=8.84 dt=8.83 cpu_prev=5.987 effect_us=31 action=2 since_click=92.4 since_commit=- animating=true repaint=now source/Source(pending):d=[0.634,0.250,0.442,0.058] c=[#c8a48b,#c8a48b,#c8a48b,#c8a48b] rank=[0,2,1,3]
frame=67 t=1379.5 wall=1379.5 interval=7.47 dt=7.47 cpu_prev=5.494 effect_us=33 action=2 since_click=99.9 since_commit=- animating=true repaint=now source/Source(pending):d=[0.685,0.301,0.493,0.109] c=[#c8a48b,#c8a48b,#c8a48b,#c8a48b] rank=[0,2,1,3]
frame=68 t=1387.5 wall=1387.6 interval=8.05 dt=8.06 cpu_prev=6.121 effect_us=37 action=2 since_click=108.0 since_commit=- animating=true repaint=now source/Source(pending):d=[0.720,0.356,0.548,0.164] c=[#c8a48b,#c8a48b,#c8a48b,#c8a48b] rank=[0,2,1,3]
frame=69 t=1401.9 wall=1401.9 interval=14.35 dt=14.35 cpu_prev=5.569 effect_us=39 action=2 since_click=122.3 since_commit=- animating=true repaint=now source/Source(pending):d=[0.720,0.455,0.647,0.263] c=[#c8a48b,#c8a48b,#c8a48b,#c8a48b] rank=[0,2,1,3]
frame=70 t=1410.2 wall=1410.2 interval=8.28 dt=8.29 cpu_prev=6.088 effect_us=36 action=2 since_click=130.6 since_commit=- animating=true repaint=now source/Source(pending):d=[0.720,0.512,0.704,0.320] c=[#c8a48b,#c8a48b,#c8a48b,#c8a48b] rank=[0,2,1,3]
frame=71 t=1416.6 wall=1416.6 interval=6.39 dt=6.38 cpu_prev=6.104 effect_us=33 action=2 since_click=137.0 since_commit=- animating=true repaint=now source/Source(pending):d=[0.720,0.555,0.720,0.363] c=[#c8a48b,#c8a48b,#c8a48b,#c8a48b] rank=[0,2,1,3]
frame=72 t=1422.9 wall=1422.9 interval=6.35 dt=6.36 cpu_prev=6.108 effect_us=33 action=2 since_click=143.3 since_commit=- animating=true repaint=now source/Source(pending):d=[0.720,0.599,0.720,0.407] c=[#c8a48b,#c8a48b,#c8a48b,#c8a48b] rank=[0,2,1,3]
frame=73 t=1429.4 wall=1429.4 interval=6.50 dt=6.49 cpu_prev=6.218 effect_us=37 action=2 since_click=149.8 since_commit=- animating=true repaint=now source/Source(pending):d=[0.720,0.643,0.720,0.451] c=[#c8a48b,#c8a48b,#c8a48b,#c8a48b] rank=[0,2,1,3]
frame=74 t=1438.8 wall=1438.8 interval=9.35 dt=9.37 cpu_prev=9.114 effect_us=29 action=2 since_click=159.2 since_commit=- animating=true repaint=now source/Source(pending):d=[0.720,0.708,0.720,0.516] c=[#c8a48b,#c8a48b,#c8a48b,#c8a48b] rank=[0,2,1,3]
frame=75 t=1446.2 wall=1446.2 interval=7.44 dt=7.43 cpu_prev=5.751 effect_us=29 action=2 since_click=166.6 since_commit=- animating=true repaint=now source/Source(pending):d=[0.720,0.720,0.720,0.567] c=[#c8a48b,#c8a48b,#c8a48b,#c8a48b] rank=[0,2,1,3]
frame=76 t=1455.3 wall=1455.3 interval=9.07 dt=9.08 cpu_prev=6.250 effect_us=30 action=2 since_click=175.7 since_commit=- animating=true repaint=now source/Source(pending):d=[0.720,0.720,0.720,0.629] c=[#c8a48b,#c8a48b,#c8a48b,#c8a48b] rank=[0,2,1,3]
frame=77 t=1463.6 wall=1463.6 interval=8.30 dt=8.30 cpu_prev=5.801 effect_us=32 action=2 since_click=184.0 since_commit=- animating=true repaint=now source/Source(pending):d=[0.720,0.720,0.720,0.686] c=[#c8a48b,#c8a48b,#c8a48b,#c8a48b] rank=[0,2,1,3]
frame=78 t=1471.2 wall=1471.2 interval=7.63 dt=7.63 cpu_prev=5.809 effect_us=30 action=2 since_click=191.6 since_commit=- animating=false repaint=none source/Source(pending):d=[0.720,0.720,0.720,0.720] c=[#c8a48b,#c8a48b,#c8a48b,#c8a48b] rank=[0,2,1,3]
frame=79 t=1479.4 wall=1479.5 interval=8.24 dt=8.23 cpu_prev=6.216 effect_us=29 action=2 since_click=199.9 since_commit=- animating=false repaint=none source/Source(pending):d=[0.720,0.720,0.720,0.720] c=[#c8a48b,#c8a48b,#c8a48b,#c8a48b] rank=[0,2,1,3]
frame=80 t=1487.7 wall=1487.7 interval=8.25 dt=8.25 cpu_prev=6.310 effect_us=33 action=2 since_click=208.1 since_commit=- animating=false repaint=none source/Source(pending):d=[0.720,0.720,0.720,0.720] c=[#c8a48b,#c8a48b,#c8a48b,#c8a48b] rank=[0,2,1,3]
frame=81 t=1495.7 wall=1495.7 interval=8.00 dt=8.00 cpu_prev=6.186 effect_us=34 action=2 since_click=216.1 since_commit=- animating=false repaint=none source/Source(pending):d=[0.720,0.720,0.720,0.720] c=[#c8a48b,#c8a48b,#c8a48b,#c8a48b] rank=[0,2,1,3]
frame=82 t=1510.3 wall=1510.3 interval=14.57 dt=14.58 cpu_prev=6.020 effect_us=32 action=2 since_click=230.7 since_commit=- animating=false repaint=none source/Source(pending):d=[0.720,0.720,0.720,0.720] c=[#c8a48b,#c8a48b,#c8a48b,#c8a48b] rank=[0,2,1,3]
frame=83 t=1518.5 wall=1518.6 interval=8.28 dt=8.27 cpu_prev=6.505 effect_us=34 action=2 since_click=239.0 since_commit=- animating=false repaint=none source/Source(pending):d=[0.720,0.720,0.720,0.720] c=[#c8a48b,#c8a48b,#c8a48b,#c8a48b] rank=[0,2,1,3]
frame=84 t=1525.9 wall=1525.9 interval=7.37 dt=7.37 cpu_prev=7.037 effect_us=33 action=2 since_click=246.3 since_commit=- animating=false repaint=none source/Source(pending):d=[0.720,0.720,0.720,0.720] c=[#c8a48b,#c8a48b,#c8a48b,#c8a48b] rank=[0,2,1,3]
frame=85 t=1532.0 wall=1532.1 interval=6.12 dt=6.12 cpu_prev=5.829 effect_us=33 action=2 since_click=252.4 since_commit=- animating=false repaint=none source/Source(pending):d=[0.720,0.720,0.720,0.720] c=[#c8a48b,#c8a48b,#c8a48b,#c8a48b] rank=[0,2,1,3]
frame=86 t=1539.1 wall=1539.1 interval=7.05 dt=7.06 cpu_prev=6.763 effect_us=33 action=2 since_click=259.5 since_commit=- animating=false repaint=none source/Source(pending):d=[0.720,0.720,0.720,0.720] c=[#c8a48b,#c8a48b,#c8a48b,#c8a48b] rank=[0,2,1,3]
frame=87 t=1546.2 wall=1546.2 interval=7.09 dt=7.09 cpu_prev=6.270 effect_us=36 action=2 since_click=266.6 since_commit=- animating=false repaint=none source/Source(pending):d=[0.720,0.720,0.720,0.720] c=[#c8a48b,#c8a48b,#c8a48b,#c8a48b] rank=[0,2,1,3]
frame=88 t=1554.6 wall=1554.7 interval=8.47 dt=8.48 cpu_prev=6.459 effect_us=33 action=2 since_click=275.1 since_commit=- animating=false repaint=none source/Source(pending):d=[0.720,0.720,0.720,0.720] c=[#c8a48b,#c8a48b,#c8a48b,#c8a48b] rank=[0,2,1,3]
frame=89 t=1562.8 wall=1562.8 interval=8.12 dt=8.12 cpu_prev=5.892 effect_us=32 action=2 since_click=283.2 since_commit=- animating=false repaint=none source/Source(pending):d=[0.720,0.720,0.720,0.720] c=[#c8a48b,#c8a48b,#c8a48b,#c8a48b] rank=[0,2,1,3]
frame=90 t=1576.9 wall=1577.0 interval=14.17 dt=14.16 cpu_prev=5.625 effect_us=34 action=2 since_click=297.4 since_commit=- animating=false repaint=none source/Source(pending):d=[0.720,0.720,0.720,0.720] c=[#c8a48b,#c8a48b,#c8a48b,#c8a48b] rank=[0,2,1,3]
frame=91 t=1585.2 wall=1585.3 interval=8.27 dt=8.28 cpu_prev=6.132 effect_us=34 action=2 since_click=305.6 since_commit=- animating=false repaint=none source/Source(pending):d=[0.720,0.720,0.720,0.720] c=[#c8a48b,#c8a48b,#c8a48b,#c8a48b] rank=[0,2,1,3]
frame=92 t=1592.6 wall=1592.6 interval=7.35 dt=7.35 cpu_prev=7.051 effect_us=37 action=2 since_click=313.0 since_commit=- animating=false repaint=none source/Source(pending):d=[0.720,0.720,0.720,0.720] c=[#c8a48b,#c8a48b,#c8a48b,#c8a48b] rank=[0,2,1,3]
frame=93 t=1599.3 wall=1599.4 interval=6.75 dt=6.75 cpu_prev=6.424 effect_us=33 action=2 since_click=319.7 since_commit=- animating=false repaint=none source/Source(pending):d=[0.720,0.720,0.720,0.720] c=[#c8a48b,#c8a48b,#c8a48b,#c8a48b] rank=[0,2,1,3]
# pixels_per_point=2 script=supersede rows=0
# rect panel_a 12.0 68.0 262.0 482.0
# rect source_key 98.0 157.0 248.0 209.0
# rect header 0.0 0.0 880.0 56.0
# rect panel_b 278.0 68.0 868.0 482.0
# event t=1606.1ms click action=3 wall=1608.9
frame=94 t=1606.1 wall=1606.2 interval=6.82 dt=6.83 cpu_prev=6.599 effect_us=33 action=3 since_click=0.0 since_commit=- animating=true repaint=now source/Source(pending):d=[0.000,0.000,0.000,0.000] c=[#c8a48b,#c8a48b,#c8a48b,#c8a48b] rank=[0,2,1,3]
# pixels_per_point=2 script=supersede rows=0
# rect panel_b 278.0 68.0 868.0 482.0
# rect panel_a 12.0 68.0 262.0 482.0
# rect source_key 98.0 157.0 248.0 209.0
# rect header 0.0 0.0 880.0 56.0
# event t=1613.0ms stale commit action=1 ignored (current=3)
frame=95 t=1613.0 wall=1613.0 interval=6.85 dt=6.83 cpu_prev=6.185 effect_us=33 action=3 since_click=6.8 since_commit=- animating=true repaint=now source/Source(pending):d=[0.047,0.000,0.000,0.000] c=[#c8a48b,#c8a48b,#c8a48b,#c8a48b] rank=[0,2,1,3]
frame=96 t=1621.3 wall=1621.4 interval=8.34 dt=8.35 cpu_prev=6.628 effect_us=36 action=3 since_click=15.2 since_commit=- animating=true repaint=now source/Source(pending):d=[0.104,0.000,0.000,0.000] c=[#c8a48b,#c8a48b,#c8a48b,#c8a48b] rank=[0,2,1,3]
frame=97 t=1629.5 wall=1629.6 interval=8.21 dt=8.21 cpu_prev=6.573 effect_us=35 action=3 since_click=23.4 since_commit=- animating=true repaint=now source/Source(pending):d=[0.160,0.000,0.000,0.000] c=[#c8a48b,#c8a48b,#c8a48b,#c8a48b] rank=[0,2,1,3]
frame=98 t=1637.8 wall=1637.9 interval=8.31 dt=8.32 cpu_prev=6.401 effect_us=34 action=3 since_click=31.7 since_commit=- animating=true repaint=now source/Source(pending):d=[0.217,0.000,0.025,0.000] c=[#c8a48b,#c8a48b,#c8a48b,#c8a48b] rank=[0,2,1,3]
frame=99 t=1646.3 wall=1646.4 interval=8.47 dt=8.45 cpu_prev=6.375 effect_us=35 action=3 since_click=40.2 since_commit=- animating=true repaint=now source/Source(pending):d=[0.275,0.000,0.083,0.000] c=[#c8a48b,#c8a48b,#c8a48b,#c8a48b] rank=[0,2,1,3]
frame=100 t=1654.6 wall=1654.7 interval=8.33 dt=8.35 cpu_prev=6.282 effect_us=33 action=3 since_click=48.5 since_commit=- animating=true repaint=now source/Source(pending):d=[0.333,0.000,0.141,0.000] c=[#c8a48b,#c8a48b,#c8a48b,#c8a48b] rank=[0,2,1,3]
frame=101 t=1663.1 wall=1663.2 interval=8.48 dt=8.48 cpu_prev=6.145 effect_us=33 action=3 since_click=57.0 since_commit=- animating=true repaint=now source/Source(pending):d=[0.391,0.007,0.199,0.000] c=[#c8a48b,#c8a48b,#c8a48b,#c8a48b] rank=[0,2,1,3]
frame=102 t=1671.4 wall=1671.4 interval=8.23 dt=8.23 cpu_prev=6.053 effect_us=33 action=3 since_click=65.2 since_commit=- animating=true repaint=now source/Source(pending):d=[0.447,0.063,0.255,0.000] c=[#c8a48b,#c8a48b,#c8a48b,#c8a48b] rank=[0,2,1,3]
frame=103 t=1678.8 wall=1678.9 interval=7.49 dt=7.48 cpu_prev=5.895 effect_us=34 action=3 since_click=72.7 since_commit=- animating=true repaint=now source/Source(pending):d=[0.499,0.115,0.307,0.000] c=[#c8a48b,#c8a48b,#c8a48b,#c8a48b] rank=[0,2,1,3]
frame=104 t=1693.5 wall=1693.6 interval=14.67 dt=14.68 cpu_prev=6.123 effect_us=35 action=3 since_click=87.4 since_commit=- animating=true repaint=now source/Source(pending):d=[0.599,0.215,0.407,0.023] c=[#c8a48b,#c8a48b,#c8a48b,#c8a48b] rank=[0,2,1,3]
frame=105 t=1701.9 wall=1701.9 interval=8.39 dt=8.38 cpu_prev=6.600 effect_us=34 action=3 since_click=95.8 since_commit=- animating=true repaint=now source/Source(pending):d=[0.657,0.273,0.465,0.081] c=[#c8a48b,#c8a48b,#c8a48b,#c8a48b] rank=[0,2,1,3]
frame=106 t=1708.4 wall=1708.4 interval=6.48 dt=6.49 cpu_prev=6.220 effect_us=35 action=3 since_click=102.2 since_commit=- animating=true repaint=now source/Source(pending):d=[0.701,0.317,0.509,0.125] c=[#c8a48b,#c8a48b,#c8a48b,#c8a48b] rank=[0,2,1,3]
frame=107 t=1715.0 wall=1715.0 interval=6.57 dt=6.57 cpu_prev=6.268 effect_us=32 action=3 since_click=108.8 since_commit=- animating=true repaint=now source/Source(pending):d=[0.720,0.362,0.554,0.170] c=[#c8a48b,#c8a48b,#c8a48b,#c8a48b] rank=[0,2,1,3]
frame=108 t=1723.6 wall=1723.6 interval=8.59 dt=8.60 cpu_prev=8.329 effect_us=34 action=3 since_click=117.4 since_commit=- animating=true repaint=now source/Source(pending):d=[0.720,0.421,0.613,0.229] c=[#c8a48b,#c8a48b,#c8a48b,#c8a48b] rank=[0,2,1,3]
frame=109 t=1730.6 wall=1730.6 interval=7.01 dt=7.00 cpu_prev=6.730 effect_us=33 action=3 since_click=124.4 since_commit=- animating=true repaint=now source/Source(pending):d=[0.720,0.469,0.661,0.277] c=[#c8a48b,#c8a48b,#c8a48b,#c8a48b] rank=[0,2,1,3]
frame=110 t=1739.8 wall=1739.8 interval=9.24 dt=9.25 cpu_prev=8.972 effect_us=34 action=3 since_click=133.7 since_commit=- animating=true repaint=now source/Source(pending):d=[0.720,0.533,0.720,0.341] c=[#c8a48b,#c8a48b,#c8a48b,#c8a48b] rank=[0,2,1,3]
frame=111 t=1746.3 wall=1746.3 interval=6.49 dt=6.48 cpu_prev=6.104 effect_us=34 action=3 since_click=140.2 since_commit=- animating=true repaint=now source/Source(pending):d=[0.720,0.577,0.720,0.385] c=[#c8a48b,#c8a48b,#c8a48b,#c8a48b] rank=[0,2,1,3]
frame=112 t=1754.6 wall=1754.7 interval=8.35 dt=8.35 cpu_prev=5.839 effect_us=33 action=3 since_click=148.5 since_commit=- animating=true repaint=now source/Source(pending):d=[0.720,0.634,0.720,0.442] c=[#c8a48b,#c8a48b,#c8a48b,#c8a48b] rank=[0,2,1,3]
frame=113 t=1762.9 wall=1762.9 interval=8.23 dt=8.23 cpu_prev=7.333 effect_us=35 action=3 since_click=156.7 since_commit=- animating=true repaint=now source/Source(pending):d=[0.720,0.691,0.720,0.499] c=[#c8a48b,#c8a48b,#c8a48b,#c8a48b] rank=[0,2,1,3]
frame=114 t=1771.3 wall=1771.3 interval=8.39 dt=8.41 cpu_prev=6.803 effect_us=36 action=3 since_click=165.1 since_commit=- animating=true repaint=now source/Source(pending):d=[0.720,0.720,0.720,0.556] c=[#c8a48b,#c8a48b,#c8a48b,#c8a48b] rank=[0,2,1,3]
frame=115 t=1779.7 wall=1779.8 interval=8.45 dt=8.43 cpu_prev=6.156 effect_us=37 action=3 since_click=173.6 since_commit=- animating=true repaint=now source/Source(pending):d=[0.720,0.720,0.720,0.614] c=[#c8a48b,#c8a48b,#c8a48b,#c8a48b] rank=[0,2,1,3]
frame=116 t=1787.6 wall=1787.7 interval=7.93 dt=7.93 cpu_prev=6.065 effect_us=34 action=3 since_click=181.5 since_commit=- animating=true repaint=now source/Source(pending):d=[0.720,0.720,0.720,0.669] c=[#c8a48b,#c8a48b,#c8a48b,#c8a48b] rank=[0,2,1,3]
frame=117 t=1795.8 wall=1795.9 interval=8.21 dt=8.20 cpu_prev=6.382 effect_us=32 action=3 since_click=189.7 since_commit=- animating=false repaint=none source/Source(pending):d=[0.720,0.720,0.720,0.720] c=[#c8a48b,#c8a48b,#c8a48b,#c8a48b] rank=[0,2,1,3]
frame=118 t=1810.2 wall=1810.3 interval=14.37 dt=14.38 cpu_prev=5.950 effect_us=32 action=3 since_click=204.1 since_commit=- animating=false repaint=none source/Source(pending):d=[0.720,0.720,0.720,0.720] c=[#c8a48b,#c8a48b,#c8a48b,#c8a48b] rank=[0,2,1,3]
frame=119 t=1818.5 wall=1818.6 interval=8.30 dt=8.30 cpu_prev=6.114 effect_us=33 action=3 since_click=212.4 since_commit=- animating=false repaint=none source/Source(pending):d=[0.720,0.720,0.720,0.720] c=[#c8a48b,#c8a48b,#c8a48b,#c8a48b] rank=[0,2,1,3]
frame=120 t=1824.8 wall=1824.8 interval=6.25 dt=6.25 cpu_prev=5.990 effect_us=32 action=3 since_click=218.6 since_commit=- animating=false repaint=none source/Source(pending):d=[0.720,0.720,0.720,0.720] c=[#c8a48b,#c8a48b,#c8a48b,#c8a48b] rank=[0,2,1,3]
frame=121 t=1831.2 wall=1831.3 interval=6.45 dt=6.44 cpu_prev=6.178 effect_us=32 action=3 since_click=225.1 since_commit=- animating=false repaint=none source/Source(pending):d=[0.720,0.720,0.720,0.720] c=[#c8a48b,#c8a48b,#c8a48b,#c8a48b] rank=[0,2,1,3]
frame=122 t=1837.8 wall=1837.9 interval=6.61 dt=6.61 cpu_prev=6.058 effect_us=34 action=3 since_click=231.7 since_commit=- animating=false repaint=none source/Source(pending):d=[0.720,0.720,0.720,0.720] c=[#c8a48b,#c8a48b,#c8a48b,#c8a48b] rank=[0,2,1,3]
frame=123 t=1852.0 wall=1852.1 interval=14.19 dt=14.16 cpu_prev=5.875 effect_us=35 action=3 since_click=245.8 since_commit=- animating=false repaint=none source/Source(pending):d=[0.720,0.720,0.720,0.720] c=[#c8a48b,#c8a48b,#c8a48b,#c8a48b] rank=[0,2,1,3]
frame=124 t=1860.2 wall=1860.3 interval=8.22 dt=8.24 cpu_prev=6.247 effect_us=33 action=3 since_click=254.1 since_commit=- animating=false repaint=none source/Source(pending):d=[0.720,0.720,0.720,0.720] c=[#c8a48b,#c8a48b,#c8a48b,#c8a48b] rank=[0,2,1,3]
frame=125 t=1866.8 wall=1866.8 interval=6.52 dt=6.54 cpu_prev=6.237 effect_us=33 action=3 since_click=260.6 since_commit=- animating=false repaint=none source/Source(pending):d=[0.720,0.720,0.720,0.720] c=[#c8a48b,#c8a48b,#c8a48b,#c8a48b] rank=[0,2,1,3]
frame=126 t=1873.0 wall=1873.1 interval=6.25 dt=6.25 cpu_prev=5.964 effect_us=32 action=3 since_click=266.9 since_commit=- animating=false repaint=none source/Source(pending):d=[0.720,0.720,0.720,0.720] c=[#c8a48b,#c8a48b,#c8a48b,#c8a48b] rank=[0,2,1,3]
frame=127 t=1879.5 wall=1879.6 interval=6.51 dt=6.51 cpu_prev=5.977 effect_us=32 action=3 since_click=273.4 since_commit=- animating=false repaint=none source/Source(pending):d=[0.720,0.720,0.720,0.720] c=[#c8a48b,#c8a48b,#c8a48b,#c8a48b] rank=[0,2,1,3]
# pixels_per_point=2 script=supersede rows=0
# rect header 0.0 0.0 880.0 56.0
# rect source_key 98.0 157.0 248.0 209.0
# rect panel_a 12.0 68.0 262.0 482.0
# rect panel_b 278.0 68.0 868.0 482.0
# event t=1887.7ms stale commit action=2 ignored (current=3)
frame=128 t=1887.7 wall=1887.7 interval=8.18 dt=8.18 cpu_prev=6.248 effect_us=31 action=3 since_click=281.6 since_commit=- animating=false repaint=none source/Source(pending):d=[0.720,0.720,0.720,0.720] c=[#c8a48b,#c8a48b,#c8a48b,#c8a48b] rank=[0,2,1,3]
frame=129 t=1902.0 wall=1902.0 interval=14.29 dt=14.27 cpu_prev=5.936 effect_us=34 action=3 since_click=295.8 since_commit=- animating=false repaint=none source/Source(pending):d=[0.720,0.720,0.720,0.720] c=[#c8a48b,#c8a48b,#c8a48b,#c8a48b] rank=[0,2,1,3]
frame=130 t=1910.2 wall=1910.3 interval=8.22 dt=8.24 cpu_prev=6.650 effect_us=32 action=3 since_click=304.1 since_commit=- animating=false repaint=none source/Source(pending):d=[0.720,0.720,0.720,0.720] c=[#c8a48b,#c8a48b,#c8a48b,#c8a48b] rank=[0,2,1,3]
frame=131 t=1916.6 wall=1916.7 interval=6.45 dt=6.42 cpu_prev=6.112 effect_us=35 action=3 since_click=310.5 since_commit=- animating=false repaint=none source/Source(pending):d=[0.720,0.720,0.720,0.720] c=[#c8a48b,#c8a48b,#c8a48b,#c8a48b] rank=[0,2,1,3]
frame=132 t=1923.3 wall=1923.3 interval=6.62 dt=6.64 cpu_prev=6.355 effect_us=34 action=3 since_click=317.1 since_commit=- animating=false repaint=none source/Source(pending):d=[0.720,0.720,0.720,0.720] c=[#c8a48b,#c8a48b,#c8a48b,#c8a48b] rank=[0,2,1,3]
frame=133 t=1929.9 wall=1930.0 interval=6.63 dt=6.63 cpu_prev=6.329 effect_us=37 action=3 since_click=323.8 since_commit=- animating=false repaint=none source/Source(pending):d=[0.720,0.720,0.720,0.720] c=[#c8a48b,#c8a48b,#c8a48b,#c8a48b] rank=[0,2,1,3]
frame=134 t=1937.8 wall=1937.9 interval=7.90 dt=7.87 cpu_prev=7.606 effect_us=33 action=3 since_click=331.6 since_commit=- animating=false repaint=none source/Source(pending):d=[0.720,0.720,0.720,0.720] c=[#c8a48b,#c8a48b,#c8a48b,#c8a48b] rank=[0,2,1,3]
frame=135 t=1951.9 wall=1951.9 interval=14.06 dt=14.09 cpu_prev=5.929 effect_us=33 action=3 since_click=345.7 since_commit=- animating=false repaint=none source/Source(pending):d=[0.720,0.720,0.720,0.720] c=[#c8a48b,#c8a48b,#c8a48b,#c8a48b] rank=[0,2,1,3]
frame=136 t=1960.2 wall=1960.2 interval=8.28 dt=8.30 cpu_prev=5.935 effect_us=32 action=3 since_click=354.0 since_commit=- animating=false repaint=none source/Source(pending):d=[0.720,0.720,0.720,0.720] c=[#c8a48b,#c8a48b,#c8a48b,#c8a48b] rank=[0,2,1,3]
frame=137 t=1966.6 wall=1966.7 interval=6.46 dt=6.46 cpu_prev=6.123 effect_us=32 action=3 since_click=360.5 since_commit=- animating=false repaint=none source/Source(pending):d=[0.720,0.720,0.720,0.720] c=[#c8a48b,#c8a48b,#c8a48b,#c8a48b] rank=[0,2,1,3]
frame=138 t=1973.5 wall=1973.5 interval=6.88 dt=6.88 cpu_prev=6.579 effect_us=35 action=3 since_click=367.4 since_commit=- animating=false repaint=none source/Source(pending):d=[0.720,0.720,0.720,0.720] c=[#c8a48b,#c8a48b,#c8a48b,#c8a48b] rank=[0,2,1,3]
frame=139 t=1980.3 wall=1980.3 interval=6.81 dt=6.81 cpu_prev=6.520 effect_us=34 action=3 since_click=374.2 since_commit=- animating=false repaint=none source/Source(pending):d=[0.720,0.720,0.720,0.720] c=[#c8a48b,#c8a48b,#c8a48b,#c8a48b] rank=[0,2,1,3]
frame=140 t=1987.8 wall=1987.8 interval=7.49 dt=7.51 cpu_prev=6.436 effect_us=33 action=3 since_click=381.7 since_commit=- animating=false repaint=none source/Source(pending):d=[0.720,0.720,0.720,0.720] c=[#c8a48b,#c8a48b,#c8a48b,#c8a48b] rank=[0,2,1,3]
frame=141 t=1996.1 wall=1996.2 interval=8.34 dt=8.32 cpu_prev=6.308 effect_us=33 action=3 since_click=390.0 since_commit=- animating=false repaint=none source/Source(pending):d=[0.720,0.720,0.720,0.720] c=[#c8a48b,#c8a48b,#c8a48b,#c8a48b] rank=[0,2,1,3]
frame=142 t=2004.6 wall=2004.6 interval=8.42 dt=8.44 cpu_prev=7.257 effect_us=35 action=3 since_click=398.4 since_commit=- animating=false repaint=none source/Source(pending):d=[0.720,0.720,0.720,0.720] c=[#c8a48b,#c8a48b,#c8a48b,#c8a48b] rank=[0,2,1,3]
frame=143 t=2012.8 wall=2012.8 interval=8.21 dt=8.20 cpu_prev=6.991 effect_us=33 action=3 since_click=406.6 since_commit=- animating=false repaint=none source/Source(pending):d=[0.720,0.720,0.720,0.720] c=[#c8a48b,#c8a48b,#c8a48b,#c8a48b] rank=[0,2,1,3]
frame=144 t=2021.2 wall=2021.2 interval=8.40 dt=8.40 cpu_prev=6.314 effect_us=35 action=3 since_click=415.0 since_commit=- animating=false repaint=none source/Source(pending):d=[0.720,0.720,0.720,0.720] c=[#c8a48b,#c8a48b,#c8a48b,#c8a48b] rank=[0,2,1,3]
frame=145 t=2029.4 wall=2029.5 interval=8.24 dt=8.23 cpu_prev=6.327 effect_us=33 action=3 since_click=423.3 since_commit=- animating=false repaint=none source/Source(pending):d=[0.720,0.720,0.720,0.720] c=[#c8a48b,#c8a48b,#c8a48b,#c8a48b] rank=[0,2,1,3]
frame=146 t=2037.8 wall=2037.8 interval=8.39 dt=8.40 cpu_prev=6.613 effect_us=33 action=3 since_click=431.7 since_commit=- animating=false repaint=none source/Source(pending):d=[0.720,0.720,0.720,0.720] c=[#c8a48b,#c8a48b,#c8a48b,#c8a48b] rank=[0,2,1,3]
frame=147 t=2046.2 wall=2046.3 interval=8.45 dt=8.44 cpu_prev=6.452 effect_us=32 action=3 since_click=440.1 since_commit=- animating=false repaint=none source/Source(pending):d=[0.720,0.720,0.720,0.720] c=[#c8a48b,#c8a48b,#c8a48b,#c8a48b] rank=[0,2,1,3]
frame=148 t=2054.5 wall=2054.6 interval=8.29 dt=8.30 cpu_prev=7.089 effect_us=33 action=3 since_click=448.4 since_commit=- animating=false repaint=none source/Source(pending):d=[0.720,0.720,0.720,0.720] c=[#c8a48b,#c8a48b,#c8a48b,#c8a48b] rank=[0,2,1,3]
frame=149 t=2063.1 wall=2063.1 interval=8.53 dt=8.53 cpu_prev=6.226 effect_us=33 action=3 since_click=456.9 since_commit=- animating=false repaint=none source/Source(pending):d=[0.720,0.720,0.720,0.720] c=[#c8a48b,#c8a48b,#c8a48b,#c8a48b] rank=[0,2,1,3]
frame=150 t=2071.3 wall=2071.5 interval=8.39 dt=8.24 cpu_prev=6.693 effect_us=34 action=3 since_click=465.2 since_commit=- animating=false repaint=none source/Source(pending):d=[0.720,0.720,0.720,0.720] c=[#c8a48b,#c8a48b,#c8a48b,#c8a48b] rank=[0,2,1,3]
frame=151 t=2079.6 wall=2079.6 interval=8.14 dt=8.29 cpu_prev=6.885 effect_us=38 action=3 since_click=473.5 since_commit=- animating=false repaint=none source/Source(pending):d=[0.720,0.720,0.720,0.720] c=[#c8a48b,#c8a48b,#c8a48b,#c8a48b] rank=[0,2,1,3]
frame=152 t=2087.9 wall=2088.0 interval=8.34 dt=8.34 cpu_prev=6.450 effect_us=33 action=3 since_click=481.8 since_commit=- animating=false repaint=none source/Source(pending):d=[0.720,0.720,0.720,0.720] c=[#c8a48b,#c8a48b,#c8a48b,#c8a48b] rank=[0,2,1,3]
frame=153 t=2096.1 wall=2096.1 interval=8.16 dt=8.15 cpu_prev=6.531 effect_us=33 action=3 since_click=490.0 since_commit=- animating=false repaint=none source/Source(pending):d=[0.720,0.720,0.720,0.720] c=[#c8a48b,#c8a48b,#c8a48b,#c8a48b] rank=[0,2,1,3]
frame=154 t=2104.4 wall=2104.5 interval=8.33 dt=8.34 cpu_prev=6.650 effect_us=39 action=3 since_click=498.3 since_commit=- animating=false repaint=none source/Source(pending):d=[0.720,0.720,0.720,0.720] c=[#c8a48b,#c8a48b,#c8a48b,#c8a48b] rank=[0,2,1,3]
frame=155 t=2112.8 wall=2112.8 interval=8.34 dt=8.34 cpu_prev=6.463 effect_us=34 action=3 since_click=506.6 since_commit=- animating=false repaint=none source/Source(pending):d=[0.720,0.720,0.720,0.720] c=[#c8a48b,#c8a48b,#c8a48b,#c8a48b] rank=[0,2,1,3]
frame=156 t=2121.2 wall=2121.2 interval=8.40 dt=8.40 cpu_prev=6.424 effect_us=37 action=3 since_click=515.0 since_commit=- animating=false repaint=none source/Source(pending):d=[0.720,0.720,0.720,0.720] c=[#c8a48b,#c8a48b,#c8a48b,#c8a48b] rank=[0,2,1,3]
frame=157 t=2129.9 wall=2129.9 interval=8.69 dt=8.68 cpu_prev=6.621 effect_us=34 action=3 since_click=523.7 since_commit=- animating=false repaint=none source/Source(pending):d=[0.720,0.720,0.720,0.720] c=[#c8a48b,#c8a48b,#c8a48b,#c8a48b] rank=[0,2,1,3]
frame=158 t=2137.7 wall=2137.8 interval=7.88 dt=7.87 cpu_prev=6.946 effect_us=34 action=3 since_click=531.6 since_commit=- animating=false repaint=none source/Source(pending):d=[0.720,0.720,0.720,0.720] c=[#c8a48b,#c8a48b,#c8a48b,#c8a48b] rank=[0,2,1,3]
frame=159 t=2146.3 wall=2146.4 interval=8.61 dt=8.60 cpu_prev=6.510 effect_us=36 action=3 since_click=540.2 since_commit=- animating=false repaint=none source/Source(pending):d=[0.720,0.720,0.720,0.720] c=[#c8a48b,#c8a48b,#c8a48b,#c8a48b] rank=[0,2,1,3]
frame=160 t=2154.4 wall=2154.5 interval=8.07 dt=8.07 cpu_prev=6.764 effect_us=33 action=3 since_click=548.3 since_commit=- animating=false repaint=none source/Source(pending):d=[0.720,0.720,0.720,0.720] c=[#c8a48b,#c8a48b,#c8a48b,#c8a48b] rank=[0,2,1,3]
frame=161 t=2162.8 wall=2162.8 interval=8.37 dt=8.37 cpu_prev=6.353 effect_us=34 action=3 since_click=556.6 since_commit=- animating=false repaint=none source/Source(pending):d=[0.720,0.720,0.720,0.720] c=[#c8a48b,#c8a48b,#c8a48b,#c8a48b] rank=[0,2,1,3]
frame=162 t=2171.2 wall=2171.2 interval=8.39 dt=8.38 cpu_prev=6.251 effect_us=35 action=3 since_click=565.0 since_commit=- animating=false repaint=none source/Source(pending):d=[0.720,0.720,0.720,0.720] c=[#c8a48b,#c8a48b,#c8a48b,#c8a48b] rank=[0,2,1,3]
frame=163 t=2179.4 wall=2179.5 interval=8.27 dt=8.28 cpu_prev=7.960 effect_us=33 action=3 since_click=573.3 since_commit=- animating=false repaint=none source/Source(pending):d=[0.720,0.720,0.720,0.720] c=[#c8a48b,#c8a48b,#c8a48b,#c8a48b] rank=[0,2,1,3]
frame=164 t=2187.8 wall=2187.9 interval=8.38 dt=8.38 cpu_prev=6.224 effect_us=34 action=3 since_click=581.7 since_commit=- animating=false repaint=none source/Source(pending):d=[0.720,0.720,0.720,0.720] c=[#c8a48b,#c8a48b,#c8a48b,#c8a48b] rank=[0,2,1,3]
frame=165 t=2196.2 wall=2196.2 interval=8.38 dt=8.38 cpu_prev=7.121 effect_us=33 action=3 since_click=590.1 since_commit=- animating=false repaint=none source/Source(pending):d=[0.720,0.720,0.720,0.720] c=[#c8a48b,#c8a48b,#c8a48b,#c8a48b] rank=[0,2,1,3]
frame=166 t=2204.4 wall=2204.5 interval=8.24 dt=8.24 cpu_prev=5.977 effect_us=34 action=3 since_click=598.3 since_commit=- animating=false repaint=none source/Source(pending):d=[0.720,0.720,0.720,0.720] c=[#c8a48b,#c8a48b,#c8a48b,#c8a48b] rank=[0,2,1,3]
# pixels_per_point=2 script=supersede rows=0
# rect header 0.0 0.0 880.0 56.0
# rect source_key 98.0 157.0 248.0 209.0
# rect panel_b 278.0 68.0 868.0 482.0
# rect panel_a 12.0 68.0 262.0 482.0
# event t=2212.8ms commit action=3 (worker sent at wall 2211.2 ms)
frame=167 t=2212.8 wall=2212.8 interval=8.36 dt=8.35 cpu_prev=6.551 effect_us=131 action=3 since_click=606.7 since_commit=0.0 animating=true repaint=now source/Source:d=[0.000,0.000,0.000,0.000] c=[#c8a48b,#c8a48b,#c8a48b,#c8a48b] rank=[0,2,1,3] relay/Relay:d=[0.000,0.000,0.000,0.000] c=[#c8a48b,#c8a48b,#c8a48b,#c8a48b] rank=[0,1,3,2] header/Header:d=[0.000,0.000,0.000,0.000] c=[#c8a48b,#c8a48b,#c8a48b,#c8a48b] rank=[2,3,1,0] result/Result:d=[0.000,0.000,0.000,0.000] c=[#c8a48b,#c8a48b,#c8a48b,#c8a48b] rank=[1,3,2,0] link:p=0.000 o=0.000
frame=168 t=2221.1 wall=2221.1 interval=8.28 dt=8.28 cpu_prev=6.386 effect_us=126 action=3 since_click=614.9 since_commit=8.3 animating=true repaint=now source/Source:d=[0.079,0.000,0.000,0.000] c=[#c6a68c,#c8a48b,#c8a48b,#c8a48b] rank=[0,2,1,3] relay/Relay:d=[0.000,0.000,0.000,0.000] c=[#c8a48b,#c8a48b,#c8a48b,#c8a48b] rank=[0,1,3,2] header/Header:d=[0.000,0.000,0.000,0.000] c=[#c8a48b,#c8a48b,#c8a48b,#c8a48b] rank=[2,3,1,0] result/Result:d=[0.000,0.000,0.000,0.000] c=[#c8a48b,#c8a48b,#c8a48b,#c8a48b] rank=[1,3,2,0] link:p=0.059 o=0.059
frame=169 t=2229.5 wall=2229.6 interval=8.43 dt=8.44 cpu_prev=6.620 effect_us=119 action=3 since_click=623.4 since_commit=16.7 animating=true repaint=now source/Source:d=[0.159,0.000,0.000,0.000] c=[#c4a88d,#c8a48b,#c8a48b,#c8a48b] rank=[0,2,1,3] relay/Relay:d=[0.016,0.000,0.000,0.000] c=[#c8a48b,#c8a48b,#c8a48b,#c8a48b] rank=[0,1,3,2] header/Header:d=[0.000,0.000,0.000,0.000] c=[#c8a48b,#c8a48b,#c8a48b,#c8a48b] rank=[2,3,1,0] result/Result:d=[0.000,0.000,0.000,0.000] c=[#c8a48b,#c8a48b,#c8a48b,#c8a48b] rank=[1,3,2,0] link:p=0.119 o=0.119
frame=170 t=2238.1 wall=2238.2 interval=8.64 dt=8.63 cpu_prev=6.750 effect_us=133 action=3 since_click=632.0 since_commit=25.4 animating=true repaint=now source/Source:d=[0.241,0.000,0.000,0.000] c=[#c3aa8e,#c8a48b,#c8a48b,#c8a48b] rank=[0,2,1,3] relay/Relay:d=[0.099,0.000,0.000,0.000] c=[#c6a78c,#c8a48b,#c8a48b,#c8a48b] rank=[0,1,3,2] header/Header:d=[0.000,0.000,0.000,0.000] c=[#c8a48b,#c8a48b,#c8a48b,#c8a48b] rank=[2,3,1,0] result/Result:d=[0.000,0.000,0.000,0.000] c=[#c8a48b,#c8a48b,#c8a48b,#c8a48b] rank=[1,3,2,0] link:p=0.181 o=0.181
frame=171 t=2246.6 wall=2246.7 interval=8.49 dt=8.49 cpu_prev=6.854 effect_us=148 action=3 since_click=640.5 since_commit=33.8 animating=true repaint=now source/Source:d=[0.322,0.000,0.056,0.000] c=[#c1ac90,#c8a48b,#c9a68c,#c8a48b] rank=[0,2,1,3] relay/Relay:d=[0.179,0.000,0.000,0.000] c=[#c4a98e,#c8a48b,#c8a48b,#c8a48b] rank=[0,1,3,2] header/Header:d=[0.000,0.000,0.000,0.000] c=[#c8a48b,#c8a48b,#c8a48b,#c8a48b] rank=[2,3,1,0] result/Result:d=[0.000,0.000,0.000,0.000] c=[#c8a48b,#c8a48b,#c8a48b,#c8a48b] rank=[1,3,2,0] link:p=0.242 o=0.242
frame=172 t=2254.7 wall=2254.7 interval=8.05 dt=8.05 cpu_prev=7.611 effect_us=125 action=3 since_click=648.5 since_commit=41.9 animating=true repaint=now source/Source:d=[0.399,0.000,0.132,0.000] c=[#bfae91,#c8a48b,#caa88d,#c8a48b] rank=[0,2,1,3] relay/Relay:d=[0.256,0.000,0.000,0.000] c=[#c2ab8f,#c8a48b,#c8a48b,#c8a48b] rank=[0,1,3,2] header/Header:d=[0.000,0.000,0.000,0.018] c=[#c8a48b,#c8a48b,#c8a48b,#c8a48b] rank=[2,3,1,0] result/Result:d=[0.000,0.000,0.000,0.000] c=[#c8a48b,#c8a48b,#c8a48b,#c8a48b] rank=[1,3,2,0] link:p=0.299 o=0.299
frame=173 t=2262.8 wall=2262.8 interval=8.11 dt=8.12 cpu_prev=6.263 effect_us=129 action=3 since_click=656.7 since_commit=50.0 animating=true repaint=now source/Source:d=[0.476,0.000,0.210,0.000] c=[#beb092,#c8a48b,#cbab8e,#c8a48b] rank=[0,2,1,3] relay/Relay:d=[0.333,0.067,0.000,0.000] c=[#c1ad90,#c9a68c,#c8a48b,#c8a48b] rank=[0,1,3,2] header/Header:d=[0.000,0.000,0.000,0.095] c=[#c8a48b,#c8a48b,#c8a48b,#c6a68c] rank=[2,3,1,0] result/Result:d=[0.000,0.000,0.000,0.000] c=[#c8a48b,#c8a48b,#c8a48b,#c8a48b] rank=[1,3,2,0] link:p=0.357 o=0.357
frame=174 t=2271.1 wall=2271.2 interval=8.32 dt=8.32 cpu_prev=6.562 effect_us=124 action=3 since_click=665.0 since_commit=58.3 animating=true repaint=now source/Source:d=[0.556,0.022,0.289,0.000] c=[#bcb293,#c8a48b,#ccae8e,#c8a48b] rank=[0,2,1,3] relay/Relay:d=[0.413,0.146,0.000,0.000] c=[#bfaf91,#caa98d,#c8a48b,#c8a48b] rank=[0,1,3,2] header/Header:d=[0.000,0.000,0.000,0.175] c=[#c8a48b,#c8a48b,#c8a48b,#c4a98d] rank=[2,3,1,0] result/Result:d=[0.000,0.000,0.000,0.032] c=[#c8a48b,#c8a48b,#c8a48b,#c7a58b] rank=[1,3,2,0] link:p=0.417 o=0.417
frame=175 t=2279.5 wall=2279.6 interval=8.38 dt=8.40 cpu_prev=7.226 effect_us=125 action=3 since_click=673.4 since_commit=66.7 animating=true repaint=now source/Source:d=[0.635,0.102,0.369,0.000] c=[#bab594,#c9a58a,#ceb18f,#c8a48b] rank=[0,2,1,3] relay/Relay:d=[0.493,0.226,0.000,0.000] c=[#bdb192,#cbac8e,#c8a48b,#c8a48b] rank=[0,1,3,2] header/Header:d=[0.000,0.000,0.000,0.255] c=[#c8a48b,#c8a48b,#c8a48b,#c2ab8f] rank=[2,3,1,0] result/Result:d=[0.000,0.000,0.000,0.112] c=[#c8a48b,#c8a48b,#c8a48b,#c6a78d] rank=[1,3,2,0] link:p=0.477 o=0.477
frame=176 t=2288.1 wall=2288.1 interval=8.56 dt=8.55 cpu_prev=8.294 effect_us=124 action=3 since_click=681.9 since_commit=75.3 animating=true repaint=now source/Source:d=[0.717,0.184,0.450,0.000] c=[#b8b795,#c9a58a,#cfb390,#c8a48b] rank=[0,2,1,3] relay/Relay:d=[0.574,0.307,0.000,0.041] c=[#bbb393,#cdae8f,#c8a48b,#c8a48b] rank=[0,1,3,2] header/Header:d=[0.000,0.000,0.069,0.336] c=[#c8a48b,#c8a48b,#c9a68c,#c1ad90] rank=[2,3,1,0] result/Result:d=[0.000,0.000,0.000,0.193] c=[#c8a48b,#c8a48b,#c8a48b,#c4a98e] rank=[1,3,2,0] link:p=0.538 o=0.538
frame=177 t=2296.1 wall=2296.2 interval=8.05 dt=8.05 cpu_prev=6.416 effect_us=125 action=3 since_click=690.0 since_commit=83.3 animating=true repaint=now source/Source:d=[0.794,0.260,0.527,0.000] c=[#b7b996,#c9a68a,#d0b691,#c8a48b] rank=[0,2,1,3] relay/Relay:d=[0.651,0.384,0.000,0.117] c=[#bab594,#ceb190,#c8a48b,#c9a58a] rank=[0,1,3,2] header/Header:d=[0.000,0.000,0.146,0.413] c=[#c8a48b,#c8a48b,#caa98d,#bfaf91] rank=[2,3,1,0] result/Result:d=[0.003,0.000,0.000,0.270] c=[#c8a48b,#c8a48b,#c8a48b,#c2ab8f] rank=[1,3,2,0] link:p=0.595 o=0.595
frame=178 t=2304.2 wall=2304.3 interval=8.13 dt=8.13 cpu_prev=6.534 effect_us=128 action=3 since_click=698.1 since_commit=91.5 animating=true repaint=now source/Source:d=[0.871,0.338,0.604,0.071] c=[#b5bb97,#caa789,#d1b992,#c7a38a] rank=[0,2,1,3] relay/Relay:d=[0.728,0.461,0.000,0.195] c=[#b8b795,#cfb491,#c8a48b,#c9a68a] rank=[0,1,3,2] header/Header:d=[0.000,0.000,0.223,0.490] c=[#c8a48b,#c8a48b,#cbac8e,#bdb192] rank=[2,3,1,0] result/Result:d=[0.080,0.000,0.000,0.347] c=[#c9a78c,#c8a48b,#c8a48b,#c0ad90] rank=[1,3,2,0] link:p=0.653 o=0.653
frame=179 t=2312.8 wall=2312.9 interval=8.57 dt=8.58 cpu_prev=6.470 effect_us=125 action=3 since_click=706.7 since_commit=100.0 animating=true repaint=now source/Source:d=[0.953,0.419,0.686,0.153] c=[#b3bd98,#caa789,#d2bb93,#c7a289] rank=[0,2,1,3] relay/Relay:d=[0.810,0.543,0.010,0.276] c=[#b6b996,#d0b692,#c8a48b,#c9a68a] rank=[0,1,3,2] header/Header:d=[0.038,0.000,0.305,0.572] c=[#c8a48b,#c8a48b,#cdae8f,#bbb393] rank=[2,3,1,0] result/Result:d=[0.162,0.000,0.000,0.429] c=[#caaa8d,#c8a48b,#c8a48b,#bfaf91] rank=[1,3,2,0] link:p=0.714 o=0.714
frame=180 t=2321.1 wall=2321.2 interval=8.31 dt=8.30 cpu_prev=6.628 effect_us=126 action=3 since_click=715.0 since_commit=108.3 animating=true repaint=now source/Source:d=[1.004,0.498,0.765,0.232] c=[#b3be99,#caa889,#d3be94,#c6a088] rank=[0,2,1,3] relay/Relay:d=[0.889,0.622,0.089,0.356] c=[#b4bb97,#d1b992,#c7a38a,#caa789] rank=[0,1,3,2] header/Header:d=[0.117,0.000,0.384,0.651] c=[#c9a58a,#c8a48b,#ceb190,#bab594] rank=[2,3,1,0] result/Result:d=[0.241,0.000,0.000,0.508] c=[#ccac8e,#c8a48b,#c8a48b,#bdb192] rank=[1,3,2,0] link:p=0.774 o=0.774
frame=181 t=2329.4 wall=2329.4 interval=8.26 dt=8.27 cpu_prev=6.772 effect_us=124 action=3 since_click=723.3 since_commit=116.6 animating=true repaint=now source/Source:d=[1.014,0.577,0.844,0.310] c=[#b6bf99,#cba988,#d5c195,#c59f88] rank=[0,2,1,3] relay/Relay:d=[0.968,0.701,0.168,0.434] c=[#b3bd99,#d3bc93,#c6a189,#caa789] rank=[0,1,3,2] header/Header:d=[0.196,0.000,0.463,0.730] c=[#c9a68a,#c8a48b,#cfb491,#b8b795] rank=[2,3,1,0] result/Result:d=[0.320,0.000,0.053,0.587] c=[#cdaf8f,#c8a48b,#c8a48b,#bbb393] rank=[1,3,2,0] link:p=0.833 o=0.833
frame=182 t=2337.8 wall=2337.8 interval=8.39 dt=8.39 cpu_prev=6.429 effect_us=127 action=3 since_click=731.6 since_commit=125.0 animating=true repaint=now source/Source:d=[1.025,0.657,0.924,0.390] c=[#bac099,#cba988,#d6c396,#c49e87] rank=[0,2,1,3] relay/Relay:d=[1.006,0.781,0.248,0.514] c=[#b4be99,#d4bf94,#c6a088,#cba888] rank=[0,1,3,2] header/Header:d=[0.276,0.009,0.543,0.809] c=[#c9a68a,#c8a48b,#d0b692,#b6b996] rank=[2,3,1,0] result/Result:d=[0.400,0.000,0.133,0.667] c=[#ceb290,#c8a48b,#c9a58a,#b9b594] rank=[1,3,2,0] link:p=0.893 o=0.893
frame=183 t=2346.1 wall=2346.1 interval=8.29 dt=8.29 cpu_prev=6.463 effect_us=124 action=3 since_click=739.9 since_commit=133.3 animating=true repaint=now source/Source:d=[1.035,0.736,1.000,0.469] c=[#bdc098,#ccaa87,#d7c697,#c49c86] rank=[0,2,1,3] relay/Relay:d=[1.016,0.860,0.327,0.593] c=[#b7bf99,#d5c195,#c59f87,#cba988] rank=[0,1,3,2] header/Header:d=[0.355,0.088,0.622,0.888] c=[#caa789,#c7a38a,#d1b992,#b4bb97] rank=[2,3,1,0] result/Result:d=[0.479,0.000,0.212,0.746] c=[#cfb491,#c8a48b,#c9a68a,#b8b795] rank=[1,3,2,0] link:p=0.952 o=0.952
frame=184 t=2354.4 wall=2354.5 interval=8.38 dt=8.37 cpu_prev=6.436 effect_us=137 action=3 since_click=748.3 since_commit=141.7 animating=true repaint=now source/Source:d=[1.045,0.816,1.012,0.549] c=[#c0c198,#ccab87,#d6c395,#c39b85] rank=[0,2,1,3] relay/Relay:d=[1.027,0.940,0.406,0.673] c=[#bac099,#d6c496,#c49e87,#cba988] rank=[0,1,3,2] header/Header:d=[0.435,0.168,0.701,0.968] c=[#caa789,#c6a189,#d3bc93,#b3bd99] rank=[2,3,1,0] result/Result:d=[0.559,0.025,0.292,0.825] c=[#d0b792,#c8a48b,#c9a68a,#b6b997] rank=[1,3,2,0] link:p=1.000 o=1.000
frame=185 t=2362.7 wall=2362.8 interval=8.28 dt=8.28 cpu_prev=6.367 effect_us=132 action=3 since_click=756.6 since_commit=149.9 animating=true repaint=now source/Source:d=[1.056,0.895,1.023,0.628] c=[#c3c298,#ccab87,#d5c194,#c29a84] rank=[0,2,1,3] relay/Relay:d=[1.037,1.003,0.485,0.752] c=[#bdc098,#d7c597,#c49c86,#ccaa87] rank=[0,1,3,2] header/Header:d=[0.514,0.247,0.780,1.006] c=[#cba888,#c6a088,#d4bf94,#b4be99] rank=[2,3,1,0] result/Result:d=[0.637,0.104,0.371,0.904] c=[#d2ba93,#c7a28a,#caa789,#b4bc98] rank=[1,3,2,0] link:p=1.000 o=1.000
frame=186 t=2377.0 wall=2377.0 interval=14.25 dt=14.24 cpu_prev=5.932 effect_us=125 action=3 since_click=770.8 since_commit=164.2 animating=true repaint=now source/Source:d=[1.073,1.005,1.042,0.764] c=[#c9c398,#ccab86,#d4bd91,#c19883] rank=[0,2,1,3] relay/Relay:d=[1.055,1.022,0.621,0.887] c=[#c3c298,#d5c194,#c29a84,#ccab87] rank=[0,1,3,2] header/Header:d=[0.649,0.383,0.916,1.024] c=[#cba988,#c59e87,#d6c396,#b9c099] rank=[2,3,1,0] result/Result:d=[0.773,0.240,0.506,1.021] c=[#d4be94,#c6a088,#cba888,#b9bf99] rank=[1,3,2,0] link:p=1.000 o=1.000
frame=187 t=2385.2 wall=2385.2 interval=8.21 dt=8.22 cpu_prev=5.947 effect_us=129 action=3 since_click=779.0 since_commit=172.4 animating=true repaint=now source/Source:d=[1.084,1.017,1.053,0.842] c=[#ccc498,#cba985,#d3bb90,#c09782] rank=[0,2,1,3] relay/Relay:d=[1.065,1.033,0.699,0.966] c=[#c6c298,#d4bf92,#c29983,#cdac86] rank=[0,1,3,2] header/Header:d=[0.728,0.461,0.994,1.034] c=[#ccaa87,#c49d86,#d7c697,#bcc098] rank=[2,3,1,0] result/Result:d=[0.851,0.318,0.585,1.063] c=[#d5c195,#c59f88,#cba988,#c5c298] rank=[1,3,2,0] link:p=1.000 o=1.000
frame=188 t=2391.5 wall=2391.5 interval=6.32 dt=6.32 cpu_prev=6.003 effect_us=125 action=3 since_click=785.4 since_commit=178.7 animating=true repaint=now source/Source:d=[1.091,1.026,1.061,0.902] c=[#cec497,#caa785,#d2b98e,#c09681] rank=[0,2,1,3] relay/Relay:d=[1.073,1.041,0.759,1.004] c=[#c8c398,#d4bd91,#c19883,#cdab86] rank=[0,1,3,2] header/Header:d=[0.788,0.521,1.008,1.042] c=[#ccaa87,#c39c85,#d6c496,#bfc198] rank=[2,3,1,0] result/Result:d=[0.912,0.378,0.645,1.095] c=[#d6c396,#c59e87,#cba988,#cfc497] rank=[1,3,2,0] link:p=1.000 o=1.000
frame=189 t=2398.3 wall=2398.3 interval=6.78 dt=6.78 cpu_prev=6.505 effect_us=124 action=3 since_click=792.1 since_commit=185.5 animating=true repaint=now source/Source:d=[1.100,1.036,1.070,0.967] c=[#d1c597,#c9a584,#d1b78d,#bf9580] rank=[0,2,1,3] relay/Relay:d=[1.081,1.050,0.824,1.014] c=[#cbc398,#d3bb90,#c19782,#cba985] rank=[0,1,3,2] header/Header:d=[0.852,0.586,1.017,1.050] c=[#ccab87,#c39b85,#d6c295,#c1c198] rank=[2,3,1,0] result/Result:d=[0.976,0.443,0.709,1.111] c=[#d7c597,#c49d86,#ccaa87,#d6c496] rank=[1,3,2,0] link:p=1.000 o=1.000
frame=190 t=2405.1 wall=2405.1 interval=6.80 dt=6.80 cpu_prev=6.470 effect_us=125 action=3 since_click=798.9 since_commit=192.3 animating=true repaint=now source/Source:d=[1.108,1.045,1.079,1.005] c=[#d3c597,#c8a384,#d0b58c,#be9681] rank=[0,2,1,3] relay/Relay:d=[1.090,1.059,0.888,1.024] c=[#cec498,#d2b98f,#c09681,#caa785] rank=[0,1,3,2] header/Header:d=[0.917,0.650,1.026,1.059] c=[#cdab86,#c29a84,#d5c093,#c4c298] rank=[2,3,1,0] result/Result:d=[1.031,0.508,0.774,1.077] c=[#d4bf93,#c39c85,#ccaa87,#d3bd91] rank=[1,3,2,0] link:p=1.000 o=1.000
frame=191 t=2413.2 wall=2413.3 interval=8.16 dt=8.16 cpu_prev=7.854 effect_us=130 action=3 since_click=807.1 since_commit=200.4 animating=true repaint=now source/Source:d=[1.118,1.057,1.090,1.018] c=[#d7c697,#c6a183,#cfb28a,#bd9a84] rank=[0,2,1,3] relay/Relay:d=[1.100,1.070,0.966,1.035] c=[#d1c597,#d1b78d,#bf9580,#c9a584] rank=[0,1,3,2] header/Header:d=[0.995,0.728,1.037,1.069] c=[#cdac86,#c19883,#d4be92,#c7c398] rank=[2,3,1,0] result/Result:d=[1.089,0.585,0.852,1.036] c=[#d0b38a,#c39b85,#ccab87,#d0b48b] rank=[1,3,2,0] link:p=1.000 o=1.000
frame=192 t=2420.9 wall=2420.9 interval=7.65 dt=7.64 cpu_prev=6.469 effect_us=124 action=3 since_click=814.7 since_commit=208.1 animating=true repaint=now source/Source:d=[1.112,1.068,1.100,1.030] c=[#d6c496,#c59e83,#cfb089,#bc9f86] rank=[0,2,1,3] relay/Relay:d=[1.109,1.080,1.006,1.047] c=[#d4c597,#d0b58c,#be9681,#c8a384] rank=[0,1,3,2] header/Header:d=[1.010,0.801,1.047,1.078] c=[#ccaa85,#c19782,#d3bc90,#cac398] rank=[2,3,1,0] result/Result:d=[1.096,0.658,0.925,0.997] c=[#caa785,#c29984,#cdab86,#cdab86] rank=[1,3,2,0] link:p=1.000 o=1.000
frame=193 t=2429.4 wall=2429.4 interval=8.50 dt=8.50 cpu_prev=6.384 effect_us=133 action=3 since_click=823.2 since_commit=216.6 animating=true repaint=now source/Source:d=[1.102,1.081,1.112,1.044] c=[#d5c294,#c49c82,#ceae87,#baa389] rank=[0,2,1,3] relay/Relay:d=[1.120,1.092,1.020,1.059] c=[#d7c697,#cfb28a,#bd9b84,#c6a083] rank=[0,1,3,2] header/Header:d=[1.023,0.882,1.058,1.089] c=[#caa785,#c09681,#d2b98f,#cdc498] rank=[2,3,1,0] result/Result:d=[1.035,0.739,1.007,0.954] c=[#c39b82,#c19883,#ccab86,#c8a384] rank=[1,3,2,0] link:p=1.000 o=1.000
frame=194 t=2437.6 wall=2437.6 interval=8.22 dt=8.23 cpu_prev=6.504 effect_us=126 action=3 since_click=831.5 since_commit=224.8 animating=true repaint=now source/Source:d=[1.091,1.093,1.117,1.057] c=[#d5c093,#c29981,#cdab86,#b9a88c] rank=[0,2,1,3] relay/Relay:d=[1.110,1.103,1.033,1.071] c=[#d6c496,#ceb088,#bba087,#c59e82] rank=[0,1,3,2] header/Header:d=[1.035,0.960,1.069,1.099] c=[#c9a584,#bf9580,#d1b78d,#d1c597] rank=[2,3,1,0] result/Result:d=[0.976,0.817,1.108,0.913] c=[#bc9c85,#c19782,#c09681,#c39b82] rank=[1,3,2,0] link:p=1.000 o=1.000
frame=195 t=2446.2 wall=2446.3 interval=8.63 dt=8.63 cpu_prev=6.547 effect_us=125 action=3 since_click=840.1 since_commit=233.4 animating=true repaint=now source/Source:d=[1.081,1.105,1.106,1.070] c=[#d4bd91,#c19781,#cba985,#b7ad8f] rank=[0,2,1,3] relay/Relay:d=[1.099,1.114,1.047,1.083] c=[#d5c294,#cdad87,#baa48a,#c39b82] rank=[0,1,3,2] header/Header:d=[1.047,1.007,1.081,1.110] c=[#c8a384,#be9681,#d0b48c,#d4c597] rank=[2,3,1,0] result/Result:d=[0.914,0.899,1.025,0.905] c=[#b6b292,#c09681,#b5b594,#be9882] rank=[1,3,2,0] link:p=1.000 o=1.000
frame=196 t=2454.5 wall=2454.6 interval=8.31 dt=8.31 cpu_prev=6.390 effect_us=127 action=3 since_click=848.4 since_commit=241.7 animating=true repaint=now source/Source:d=[1.070,1.117,1.095,1.084] c=[#d3bb90,#bf9580,#caa785,#b6b191] rank=[0,2,1,3] relay/Relay:d=[1.089,1.115,1.060,1.095] c=[#d4bf93,#ccab86,#b9a98c,#c29981] rank=[0,1,3,2] header/Header:d=[1.059,1.020,1.092,1.120] c=[#c6a083,#bd9b84,#cfb28a,#d7c697] rank=[2,3,1,0] result/Result:d=[0.936,0.979,0.923,0.999] c=[#bac099,#bf9480,#cac398,#b9a78b] rank=[1,3,2,0] link:p=1.000 o=1.000
frame=197 t=2462.7 wall=2462.7 interval=8.13 dt=8.14 cpu_prev=6.286 effect_us=127 action=3 since_click=856.5 since_commit=249.9 animating=true repaint=now source/Source:d=[1.060,1.111,1.084,1.096] c=[#d2b98f,#be9782,#c9a584,#b5b694] rank=[0,2,1,3] relay/Relay:d=[1.079,1.104,1.073,1.107] c=[#d4bd91,#cba985,#b7ad8f,#c19781] rank=[0,1,3,2] header/Header:d=[1.071,1.033,1.103,1.110] c=[#c59e82,#bba087,#ceb088,#d6c496] rank=[2,3,1,0] result/Result:d=[1.068,0.983,1.008,1.092] c=[#ccc498,#d6c295,#d2ba8f,#b5b594] rank=[1,3,2,0] link:p=1.000 o=1.000
frame=198 t=2471.2 wall=2471.3 interval=8.56 dt=8.55 cpu_prev=6.135 effect_us=125 action=3 since_click=865.1 since_commit=258.4 animating=true repaint=now source/Source:d=[1.050,1.099,1.072,1.110] c=[#d1b78d,#bd9b84,#c7a284,#b3ba97] rank=[0,2,1,3] relay/Relay:d=[1.068,1.092,1.086,1.120] c=[#d3bb90,#caa685,#b6b292,#bf9480] rank=[0,1,3,2] header/Header:d=[1.083,1.047,1.114,1.099] c=[#c39b82,#baa48a,#cdad87,#d5c294] rank=[2,3,1,0] result/Result:d=[1.150,1.150,1.150,1.150] c=[#d7c697,#bf9480,#cdac86,#b2be99] rank=[1,3,2,0] link:p=1.000 o=1.000
frame=199 t=2479.4 wall=2479.5 interval=8.18 dt=8.19 cpu_prev=6.791 effect_us=137 action=3 since_click=873.3 since_commit=266.6 animating=true repaint=now source/Source:d=[1.040,1.087,1.061,1.117] c=[#d0b58c,#bba087,#c6a083,#b3be99] rank=[0,2,1,3] relay/Relay:d=[1.058,1.081,1.099,1.109] c=[#d2b98e,#c8a484,#b4b795,#be9882] rank=[0,1,3,2] header/Header:d=[1.095,1.060,1.115,1.089] c=[#c29981,#b9a98c,#ccab86,#d4bf93] rank=[2,3,1,0] result/Result:d=[1.150,1.150,1.150,1.150] c=[#d7c697,#bf9480,#cdac86,#b2be99] rank=[1,3,2,0] link:p=1.000 o=1.000
frame=200 t=2487.6 wall=2487.6 interval=8.15 dt=8.15 cpu_prev=6.409 effect_us=124 action=3 since_click=881.4 since_commit=274.8 animating=true repaint=now source/Source:d=[1.029,1.075,1.050,1.104] c=[#cfb28a,#baa489,#c59e83,#b7bf99] rank=[0,2,1,3] relay/Relay:d=[1.048,1.070,1.112,1.097] c=[#d1b68d,#c7a284,#b3bb97,#bc9c85] rank=[0,1,3,2] header/Header:d=[1.107,1.073,1.104,1.079] c=[#c19781,#b7ad8f,#cba985,#d4bd91] rank=[2,3,1,0] result/Result:d=[1.150,1.150,1.150,1.150] c=[#d7c697,#bf9480,#cdac86,#b2be99] rank=[1,3,2,0] link:p=1.000 o=1.000
frame=201 t=2496.1 wall=2496.1 interval=8.51 dt=8.51 cpu_prev=6.552 effect_us=134 action=3 since_click=889.9 since_commit=283.3 animating=true repaint=now source/Source:d=[1.019,1.063,1.039,1.091] c=[#cfb089,#b9a88c,#c49c82,#bbc099] rank=[0,2,1,3] relay/Relay:d=[1.037,1.059,1.114,1.084] c=[#d0b48b,#c6a083,#b4be99,#bba087] rank=[0,1,3,2] header/Header:d=[1.119,1.086,1.093,1.068] c=[#bf9480,#b6b292,#caa785,#d3bb90] rank=[2,3,1,0] result/Result:d=[1.150,1.150,1.150,1.150] c=[#d7c697,#bf9480,#cdac86,#b2be99] rank=[1,3,2,0] link:p=1.000 o=1.000
frame=202 t=2504.5 wall=2504.6 interval=8.46 dt=8.46 cpu_prev=6.473 effect_us=128 action=3 since_click=898.4 since_commit=291.7 animating=true repaint=now source/Source:d=[1.008,1.050,1.028,1.077] c=[#ceae87,#b7ac8e,#c29a81,#bfc198] rank=[0,2,1,3] relay/Relay:d=[1.027,1.048,1.101,1.072] c=[#cfb28a,#c59e82,#b8bf99,#baa58a] rank=[0,1,3,2] header/Header:d=[1.108,1.099,1.081,1.058] c=[#be9882,#b4b795,#c8a484,#d2b98e] rank=[2,3,1,0] result/Result:d=[1.150,1.150,1.150,1.150] c=[#d7c697,#bf9480,#cdac86,#b2be99] rank=[1,3,2,0] link:p=1.000 o=1.000
frame=203 t=2512.7 wall=2512.8 interval=8.18 dt=8.18 cpu_prev=6.968 effect_us=126 action=3 since_click=906.6 since_commit=299.9 animating=true repaint=now source/Source:d=[0.998,1.039,1.017,1.064] c=[#cdac86,#b6b191,#c19781,#c3c298] rank=[0,2,1,3] relay/Relay:d=[1.017,1.037,1.088,1.060] c=[#ceb088,#c39b82,#bcc098,#b9a98c] rank=[0,1,3,2] header/Header:d=[1.097,1.112,1.070,1.048] c=[#bc9c85,#b3bb97,#c7a284,#d1b68d] rank=[2,3,1,0] result/Result:d=[1.150,1.150,1.150,1.150] c=[#d7c697,#bf9480,#cdac86,#b2be99] rank=[1,3,2,0] link:p=1.000 o=1.000
frame=204 t=2521.0 wall=2521.0 interval=8.24 dt=8.24 cpu_prev=6.764 effect_us=126 action=3 since_click=914.8 since_commit=308.2 animating=true repaint=now source/Source:d=[0.988,1.027,1.006,1.051] c=[#ccaa85,#b5b593,#c09580,#c7c398] rank=[0,2,1,3] relay/Relay:d=[1.007,1.026,1.075,1.048] c=[#cead87,#c29981,#c0c198,#b7ad8f] rank=[0,1,3,2] header/Header:d=[1.085,1.115,1.059,1.038] c=[#bba087,#b4be99,#c6a083,#d0b48b] rank=[2,3,1,0] result/Result:d=[1.150,1.150,1.150,1.150] c=[#d7c697,#bf9480,#cdac86,#b2be99] rank=[1,3,2,0] link:p=1.000 o=1.000
frame=205 t=2529.4 wall=2529.5 interval=8.46 dt=8.47 cpu_prev=7.159 effect_us=122 action=3 since_click=923.3 since_commit=316.6 animating=true repaint=now source/Source:d=[0.978,1.014,0.994,1.038] c=[#caa885,#b4b996,#be9681,#cbc398] rank=[0,2,1,3] relay/Relay:d=[0.996,1.015,1.062,1.036] c=[#cdab86,#c19781,#c4c298,#b6b191] rank=[0,1,3,2] header/Header:d=[1.072,1.101,1.048,1.027] c=[#baa58a,#b8bf99,#c59e82,#cfb28a] rank=[2,3,1,0] result/Result:d=[1.150,1.150,1.150,1.150] c=[#d7c697,#bf9480,#cdac86,#b2be99] rank=[1,3,2,0] link:p=1.000 o=1.000
frame=206 t=2537.7 wall=2537.7 interval=8.25 dt=8.25 cpu_prev=6.064 effect_us=124 action=3 since_click=931.5 since_commit=324.9 animating=true repaint=now source/Source:d=[0.967,1.002,0.983,1.025] c=[#c9a584,#b2bd99,#bd9a83,#cfc497] rank=[0,2,1,3] relay/Relay:d=[0.986,1.003,1.049,1.024] c=[#cba985,#bf9580,#c8c398,#b5b694] rank=[0,1,3,2] header/Header:d=[1.060,1.088,1.037,1.017] c=[#b9a98c,#bcc098,#c39b82,#ceb088] rank=[2,3,1,0] result/Result:d=[1.150,1.150,1.150,1.150] c=[#d7c697,#bf9480,#cdac86,#b2be99] rank=[1,3,2,0] link:p=1.000 o=1.000
frame=207 t=2546.1 wall=2546.1 interval=8.43 dt=8.42 cpu_prev=6.698 effect_us=133 action=3 since_click=940.0 since_commit=333.3 animating=true repaint=now source/Source:d=[0.957,0.990,0.972,1.011] c=[#c8a384,#b5bf99,#bc9e86,#d3c597] rank=[0,2,1,3] relay/Relay:d=[0.975,0.992,1.035,1.012] c=[#caa785,#be9782,#ccc498,#b3ba97] rank=[0,1,3,2] header/Header:d=[1.048,1.075,1.026,1.006] c=[#b7ad8f,#c0c198,#c29981,#cead87] rank=[2,3,1,0] result/Result:d=[1.150,1.150,1.150,1.150] c=[#d7c697,#bf9480,#cdac86,#b2be99] rank=[1,3,2,0] link:p=1.000 o=1.000
frame=208 t=2554.4 wall=2554.4 interval=8.27 dt=8.27 cpu_prev=6.583 effect_us=124 action=3 since_click=948.2 since_commit=341.6 animating=true repaint=now source/Source:d=[0.947,0.978,0.961,0.998] c=[#c7a183,#b9bf99,#bba288,#d7c697] rank=[0,2,1,3] relay/Relay:d=[0.965,0.981,1.022,1.000] c=[#c9a584,#bd9b84,#d0c597,#b2be99] rank=[0,1,3,2] header/Header:d=[1.036,1.062,1.015,0.996] c=[#b6b191,#c4c298,#c19781,#cdab86] rank=[2,3,1,0] result/Result:d=[1.150,1.150,1.150,1.150] c=[#d7c697,#bf9480,#cdac86,#b2be99] rank=[1,3,2,0] link:p=1.000 o=1.000
frame=209 t=2562.7 wall=2562.7 interval=8.30 dt=8.31 cpu_prev=6.645 effect_us=150 action=3 since_click=956.5 since_commit=349.9 animating=true repaint=now source/Source:d=[0.936,0.966,0.950,0.985] c=[#c69f83,#bcc098,#baa58a,#d6c395] rank=[0,2,1,3] relay/Relay:d=[0.955,0.970,1.009,0.988] c=[#c8a384,#bc9e86,#d4c597,#b6bf99] rank=[0,1,3,2] header/Header:d=[1.024,1.048,1.003,0.986] c=[#b5b694,#c8c398,#bf9580,#cba985] rank=[2,3,1,0] result/Result:d=[1.150,1.150,1.150,1.150] c=[#d7c697,#bf9480,#cdac86,#b2be99] rank=[1,3,2,0] link:p=1.000 o=1.000
frame=210 t=2571.1 wall=2571.2 interval=8.45 dt=8.44 cpu_prev=6.153 effect_us=123 action=3 since_click=965.0 since_commit=358.3 animating=true repaint=now source/Source:d=[0.926,0.954,0.939,0.972] c=[#c49d82,#c0c198,#b8a98d,#d5c093] rank=[0,2,1,3] relay/Relay:d=[0.944,0.959,0.996,0.976] c=[#c7a183,#bba289,#d7c596,#bac099] rank=[0,1,3,2] header/Header:d=[1.012,1.035,0.992,0.975] c=[#b3ba97,#ccc498,#be9782,#caa785] rank=[2,3,1,0] result/Result:d=[1.150,1.150,1.150,1.150] c=[#d7c697,#bf9480,#cdac86,#b2be99] rank=[1,3,2,0] link:p=1.000 o=1.000
frame=211 t=2586.8 wall=2586.8 interval=15.65 dt=15.65 cpu_prev=15.363 effect_us=124 action=3 since_click=980.6 since_commit=374.0 animating=true repaint=now source/Source:d=[0.906,0.931,0.918,0.947] c=[#c29981,#c7c398,#b6b191,#d3bb8f] rank=[0,2,1,3] relay/Relay:d=[0.925,0.938,0.971,0.953] c=[#c49d82,#b8aa8d,#d5c093,#c1c198] rank=[0,1,3,2] header/Header:d=[0.989,1.010,0.971,0.956] c=[#b5bf99,#d4c597,#bc9e86,#c8a384] rank=[2,3,1,0] result/Result:d=[1.150,1.150,1.150,1.150] c=[#d7c697,#bf9480,#cdac86,#b2be99] rank=[1,3,2,0] link:p=1.000 o=1.000
frame=212 t=2593.5 wall=2593.6 interval=6.78 dt=6.78 cpu_prev=6.308 effect_us=131 action=3 since_click=987.4 since_commit=380.8 animating=true repaint=now source/Source:d=[0.898,0.921,0.909,0.936] c=[#c19881,#cac398,#b5b493,#d2b88e] rank=[0,2,1,3] relay/Relay:d=[0.917,0.929,0.960,0.943] c=[#c39b82,#b7ad8f,#d4bd91,#c4c298] rank=[0,1,3,2] header/Header:d=[0.979,1.000,0.962,0.948] c=[#b8bf99,#d7c697,#bba188,#c7a283] rank=[2,3,1,0] result/Result:d=[1.150,1.150,1.150,1.150] c=[#d7c697,#bf9480,#cdac86,#b2be99] rank=[1,3,2,0] link:p=1.000 o=1.000
frame=213 t=2600.3 wall=2600.3 interval=6.74 dt=6.74 cpu_prev=6.457 effect_us=127 action=3 since_click=994.2 since_commit=387.5 animating=true repaint=now source/Source:d=[0.890,0.912,0.900,0.926] c=[#c09680,#cdc498,#b4b795,#d1b68c] rank=[0,2,1,3] relay/Relay:d=[0.908,0.920,0.949,0.933] c=[#c29a81,#b6b091,#d3bb90,#c7c298] rank=[0,1,3,2] header/Header:d=[0.970,0.989,0.953,0.939] c=[#bbc098,#d6c495,#baa48a,#c6a083] rank=[2,3,1,0] result/Result:d=[1.150,1.150,1.150,1.150] c=[#d7c697,#bf9480,#cdac86,#b2be99] rank=[1,3,2,0] link:p=1.000 o=1.000
frame=214 t=2606.9 wall=2607.0 interval=6.64 dt=6.64 cpu_prev=6.379 effect_us=125 action=3 since_click=1000.8 since_commit=394.1 animating=true repaint=now source/Source:d=[0.881,0.902,0.891,0.915] c=[#bf9480,#d0c597,#b3ba97,#d0b48b] rank=[0,2,1,3] relay/Relay:d=[0.900,0.911,0.939,0.924] c=[#c19881,#b5b393,#d2b98e,#cac398] rank=[0,1,3,2] header/Header:d=[0.960,0.978,0.944,0.931] c=[#bec198,#d5c194,#b9a78c,#c59e83] rank=[2,3,1,0] result/Result:d=[1.150,1.150,1.150,1.150] c=[#d7c697,#bf9480,#cdac86,#b2be99] rank=[1,3,2,0] link:p=1.000 o=1.000
frame=215 t=2613.6 wall=2613.7 interval=6.70 dt=6.70 cpu_prev=6.452 effect_us=127 action=3 since_click=1007.5 since_commit=400.8 animating=true repaint=now source/Source:d=[0.896,0.892,0.882,0.904] c=[#be9681,#d3c597,#b2bd99,#cfb189] rank=[0,2,1,3] relay/Relay:d=[0.892,0.902,0.928,0.914] c=[#c09681,#b4b694,#d1b68d,#cdc498] rank=[0,1,3,2] header/Header:d=[0.950,0.968,0.935,0.923] c=[#c1c198,#d4bf92,#b8ab8d,#c49d82] rank=[2,3,1,0] result/Result:d=[1.150,1.150,1.150,1.150] c=[#d7c697,#bf9480,#cdac86,#b2be99] rank=[1,3,2,0] link:p=1.000 o=1.000
frame=216 t=2621.0 wall=2621.1 interval=7.40 dt=7.40 cpu_prev=6.420 effect_us=124 action=3 since_click=1014.9 since_commit=408.2 animating=true repaint=now source/Source:d=[0.916,0.881,0.898,0.893] c=[#bd9a83,#d7c697,#b4bf99,#ceaf88] rank=[0,2,1,3] relay/Relay:d=[0.883,0.892,0.916,0.903] c=[#bf9580,#b3ba96,#d0b48b,#d0c497] rank=[0,1,3,2] header/Header:d=[0.939,0.956,0.925,0.914] c=[#c5c298,#d3bc91,#b7ae90,#c39b82] rank=[2,3,1,0] result/Result:d=[1.150,1.150,1.150,1.150] c=[#d7c697,#bf9480,#cdac86,#b2be99] rank=[1,3,2,0] link:p=1.000 o=1.000
frame=217 t=2629.3 wall=2629.3 interval=8.26 dt=8.27 cpu_prev=6.464 effect_us=129 action=3 since_click=1023.2 since_commit=416.5 animating=true repaint=now source/Source:d=[0.939,0.904,0.923,0.881] c=[#bc9d85,#d6c496,#b8bf99,#cdac86] rank=[0,2,1,3] relay/Relay:d=[0.897,0.881,0.903,0.891] c=[#be9782,#b2be99,#cfb189,#d4c597] rank=[0,1,3,2] header/Header:d=[0.927,0.943,0.914,0.903] c=[#c8c398,#d2ba8f,#b6b292,#c29981] rank=[2,3,1,0] result/Result:d=[1.150,1.150,1.150,1.150] c=[#d7c697,#bf9480,#cdac86,#b2be99] rank=[1,3,2,0] link:p=1.000 o=1.000
frame=218 t=2637.7 wall=2637.7 interval=8.37 dt=8.36 cpu_prev=6.256 effect_us=133 action=3 since_click=1031.5 since_commit=424.9 animating=true repaint=now source/Source:d=[0.963,0.931,0.948,0.911] c=[#bba188,#d5c194,#bbc098,#cba985] rank=[0,2,1,3] relay/Relay:d=[0.921,0.903,0.890,0.882] c=[#bd9a84,#b5bf99,#ceae87,#d7c697] rank=[0,1,3,2] header/Header:d=[0.915,0.930,0.903,0.893] c=[#ccc498,#d1b78d,#b5b694,#c19781] rank=[2,3,1,0] result/Result:d=[1.150,1.150,1.150,1.150] c=[#d7c697,#bf9480,#cdac86,#b2be99] rank=[1,3,2,0] link:p=1.000 o=1.000
frame=219 t=2646.0 wall=2646.0 interval=8.31 dt=8.31 cpu_prev=6.342 effect_us=129 action=3 since_click=1039.8 since_commit=433.2 animating=true repaint=now source/Source:d=[0.986,0.958,0.973,0.940] c=[#baa48a,#d4be92,#bfc198,#caa785] rank=[0,2,1,3] relay/Relay:d=[0.944,0.928,0.887,0.909] c=[#bc9e86,#b9bf99,#cdab86,#d6c395] rank=[0,1,3,2] header/Header:d=[0.903,0.917,0.892,0.883] c=[#d0c497,#d0b48b,#b3ba96,#bf9580] rank=[2,3,1,0] result/Result:d=[1.150,1.150,1.150,1.150] c=[#d7c697,#bf9480,#cdac86,#b2be99] rank=[1,3,2,0] link:p=1.000 o=1.000
frame=220 t=2654.4 wall=2654.4 interval=8.42 dt=8.42 cpu_prev=6.251 effect_us=114 action=3 since_click=1048.3 since_commit=441.6 animating=true repaint=now source/Source:d=[1.009,0.986,0.998,0.970] c=[#b9a88c,#d3bc90,#c2c298,#c8a484] rank=[0,2,1,3] relay/Relay:d=[0.967,0.953,0.917,0.937] c=[#bba288,#bcc098,#cba985,#d5c193] rank=[0,1,3,2] header/Header:d=[0.891,0.903,0.881,0.898] c=[#d4c597,#cfb189,#b2be99,#be9782] rank=[2,3,1,0] result/Result:d=[1.150,1.150,1.150,1.150] c=[#d7c697,#bf9480,#cdac86,#b2be99] rank=[1,3,2,0] link:p=1.000 o=1.000
frame=221 t=2668.7 wall=2668.7 interval=14.31 dt=14.30 cpu_prev=5.826 effect_us=135 action=3 since_click=1062.5 since_commit=455.9 animating=true repaint=now source/Source:d=[1.049,1.032,1.041,1.021] c=[#b7ae90,#d1b78d,#c8c398,#c69f83] rank=[0,2,1,3] relay/Relay:d=[1.007,0.996,0.968,0.983] c=[#b9a88c,#c2c198,#c8a484,#d3bc90] rank=[0,1,3,2] header/Header:d=[0.902,0.881,0.921,0.938] c=[#d6c496,#cdac86,#b8bf99,#bc9d85] rank=[2,3,1,0] result/Result:d=[1.150,1.150,1.150,1.150] c=[#d7c697,#bf9480,#cdac86,#b2be99] rank=[1,3,2,0] link:p=1.000 o=1.000
frame=222 t=2676.9 wall=2677.0 interval=8.21 dt=8.23 cpu_prev=6.391 effect_us=136 action=3 since_click=1070.8 since_commit=464.1 animating=true repaint=now source/Source:d=[1.072,1.059,1.066,1.051] c=[#b6b292,#d0b58c,#ccc498,#c49d82] rank=[0,2,1,3] relay/Relay:d=[1.030,1.021,0.997,1.010] c=[#b8ab8e,#c5c298,#c7a283,#d2b98f] rank=[0,1,3,2] header/Header:d=[0.929,0.908,0.946,0.961] c=[#d5c194,#ccaa85,#bbc099,#bba187] rank=[2,3,1,0] result/Result:d=[1.150,1.150,1.150,1.150] c=[#d7c697,#bf9480,#cdac86,#b2be99] rank=[1,3,2,0] link:p=1.000 o=1.000
frame=223 t=2683.9 wall=2684.0 interval=7.01 dt=7.00 cpu_prev=6.439 effect_us=136 action=3 since_click=1077.8 since_commit=471.1 animating=true repaint=now source/Source:d=[1.092,1.082,1.087,1.076] c=[#b5b594,#d0b38a,#cec497,#c39b82] rank=[0,2,1,3] relay/Relay:d=[1.050,1.042,1.022,1.033] c=[#b7ae90,#c8c398,#c69f83,#d1b78d] rank=[0,1,3,2] header/Header:d=[0.951,0.933,0.967,0.980] c=[#d4bf93,#caa785,#bec198,#baa489] rank=[2,3,1,0] result/Result:d=[1.150,1.150,1.150,1.150] c=[#d7c697,#bf9480,#cdac86,#b2be99] rank=[1,3,2,0] link:p=1.000 o=1.000
frame=224 t=2690.3 wall=2690.3 interval=6.38 dt=6.39 cpu_prev=6.136 effect_us=127 action=3 since_click=1084.2 since_commit=477.5 animating=true repaint=now source/Source:d=[1.110,1.103,1.106,1.098] c=[#b4b895,#cfb189,#d1c597,#c29981] rank=[0,2,1,3] relay/Relay:d=[1.068,1.061,1.045,1.054] c=[#b6b191,#cbc398,#c49d82,#d1b58c] rank=[0,1,3,2] header/Header:d=[0.972,0.956,0.986,0.998] c=[#d4bd91,#c9a584,#c1c198,#b9a68b] rank=[2,3,1,0] result/Result:d=[1.150,1.150,1.150,1.150] c=[#d7c697,#bf9480,#cdac86,#b2be99] rank=[1,3,2,0] link:p=1.000 o=1.000
frame=225 t=2697.3 wall=2697.4 interval=7.03 dt=6.99 cpu_prev=6.582 effect_us=125 action=3 since_click=1091.2 since_commit=484.5 animating=true repaint=now source/Source:d=[1.129,1.126,1.127,1.123] c=[#b3bb97,#ceae88,#d4c597,#c09681] rank=[0,2,1,3] relay/Relay:d=[1.087,1.082,1.070,1.077] c=[#b5b493,#cec498,#c39b82,#d0b38b] rank=[0,1,3,2] header/Header:d=[0.995,0.981,1.007,1.017] c=[#d3bb90,#c8a384,#c3c298,#b8a98d] rank=[2,3,1,0] result/Result:d=[1.150,1.150,1.150,1.150] c=[#d7c697,#bf9480,#cdac86,#b2be99] rank=[1,3,2,0] link:p=1.000 o=1.000
frame=226 t=2704.5 wall=2704.6 interval=7.19 dt=7.22 cpu_prev=6.522 effect_us=124 action=3 since_click=1098.4 since_commit=491.7 animating=true repaint=now source/Source:d=[1.149,1.149,1.149,1.149] c=[#b2be99,#cdac86,#d7c697,#bf9480] rank=[0,2,1,3] relay/Relay:d=[1.107,1.104,1.096,1.100] c=[#b4b795,#d1c597,#c29981,#cfb189] rank=[0,1,3,2] header/Header:d=[1.019,1.006,1.029,1.038] c=[#d2b98e,#c6a183,#c6c298,#b7ad8f] rank=[2,3,1,0] result/Result:d=[1.150,1.150,1.150,1.150] c=[#d7c697,#bf9480,#cdac86,#b2be99] rank=[1,3,2,0] link:p=1.000 o=1.000
frame=227 t=2712.7 wall=2712.7 interval=8.15 dt=8.15 cpu_prev=6.607 effect_us=123 action=3 since_click=1106.5 since_commit=499.9 animating=true repaint=now source/Source:d=[1.150,1.150,1.150,1.150] c=[#b2be99,#cdac86,#d7c697,#bf9480] rank=[0,2,1,3] relay/Relay:d=[1.130,1.129,1.125,1.127] c=[#b3bb97,#d4c597,#c09681,#ceae87] rank=[0,1,3,2] header/Header:d=[1.045,1.035,1.053,1.060] c=[#d1b68d,#c59e83,#cac398,#b6b091] rank=[2,3,1,0] result/Result:d=[1.150,1.150,1.150,1.150] c=[#d7c697,#bf9480,#cdac86,#b2be99] rank=[1,3,2,0] link:p=1.000 o=1.000
frame=228 t=2721.0 wall=2721.1 interval=8.36 dt=8.36 cpu_prev=6.425 effect_us=128 action=3 since_click=1114.9 since_commit=508.2 animating=true repaint=now source/Source:d=[1.150,1.150,1.150,1.150] c=[#b2be99,#cdac86,#d7c697,#bf9480] rank=[0,2,1,3] relay/Relay:d=[1.150,1.150,1.150,1.150] c=[#b2be99,#d7c697,#bf9480,#cdac86] rank=[0,1,3,2] header/Header:d=[1.072,1.065,1.078,1.084] c=[#d0b38b,#c39c82,#cdc498,#b5b493] rank=[2,3,1,0] result/Result:d=[1.150,1.150,1.150,1.150] c=[#d7c697,#bf9480,#cdac86,#b2be99] rank=[1,3,2,0] link:p=1.000 o=1.000
frame=229 t=2729.3 wall=2729.4 interval=8.30 dt=8.30 cpu_prev=6.308 effect_us=126 action=3 since_click=1123.2 since_commit=516.5 animating=true repaint=now source/Source:d=[1.150,1.150,1.150,1.150] c=[#b2be99,#cdac86,#d7c697,#bf9480] rank=[0,2,1,3] relay/Relay:d=[1.150,1.150,1.150,1.150] c=[#b2be99,#d7c697,#bf9480,#cdac86] rank=[0,1,3,2] header/Header:d=[1.100,1.095,1.103,1.107] c=[#cfb189,#c29981,#d1c597,#b4b795] rank=[2,3,1,0] result/Result:d=[1.150,1.150,1.150,1.150] c=[#d7c697,#bf9480,#cdac86,#b2be99] rank=[1,3,2,0] link:p=1.000 o=1.000
frame=230 t=2743.9 wall=2743.9 interval=14.58 dt=14.58 cpu_prev=14.297 effect_us=127 action=3 since_click=1137.8 since_commit=531.1 animating=true repaint=now source/Source:d=[1.150,1.150,1.150,1.150] c=[#b2be99,#cdac86,#d7c697,#bf9480] rank=[0,2,1,3] relay/Relay:d=[1.150,1.150,1.150,1.150] c=[#b2be99,#d7c697,#bf9480,#cdac86] rank=[0,1,3,2] header/Header:d=[1.147,1.147,1.147,1.148] c=[#cdac86,#bf9480,#d7c697,#b2be99] rank=[2,3,1,0] result/Result:d=[1.150,1.150,1.150,1.150] c=[#d7c697,#bf9480,#cdac86,#b2be99] rank=[1,3,2,0] link:p=1.000 o=1.000
frame=231 t=2751.9 wall=2751.9 interval=7.96 dt=7.96 cpu_prev=6.478 effect_us=126 action=3 since_click=1145.7 since_commit=539.1 animating=true repaint=now source/Source:d=[1.150,1.150,1.150,1.150] c=[#b2be99,#cdac86,#d7c697,#bf9480] rank=[0,2,1,3] relay/Relay:d=[1.150,1.150,1.150,1.150] c=[#b2be99,#d7c697,#bf9480,#cdac86] rank=[0,1,3,2] header/Header:d=[1.150,1.150,1.150,1.150] c=[#cdac86,#bf9480,#d7c697,#b2be99] rank=[2,3,1,0] result/Result:d=[1.150,1.150,1.150,1.150] c=[#d7c697,#bf9480,#cdac86,#b2be99] rank=[1,3,2,0] link:p=1.000 o=1.000
frame=232 t=2758.8 wall=2758.8 interval=6.89 dt=6.89 cpu_prev=6.594 effect_us=132 action=3 since_click=1152.6 since_commit=546.0 animating=true repaint=now source/Source:d=[1.150,1.150,1.150,1.150] c=[#b2be99,#cdac86,#d7c697,#bf9480] rank=[0,2,1,3] relay/Relay:d=[1.150,1.150,1.150,1.150] c=[#b2be99,#d7c697,#bf9480,#cdac86] rank=[0,1,3,2] header/Header:d=[1.150,1.150,1.150,1.150] c=[#cdac86,#bf9480,#d7c697,#b2be99] rank=[2,3,1,0] result/Result:d=[1.150,1.150,1.150,1.150] c=[#d7c697,#bf9480,#cdac86,#b2be99] rank=[1,3,2,0] link:p=1.000 o=1.000
frame=233 t=2765.0 wall=2765.0 interval=6.25 dt=6.23 cpu_prev=5.852 effect_us=136 action=3 since_click=1158.8 since_commit=552.2 animating=true repaint=now source/Source:d=[1.150,1.150,1.150,1.150] c=[#b2be99,#cdac86,#d7c697,#bf9480] rank=[0,2,1,3] relay/Relay:d=[1.150,1.150,1.150,1.150] c=[#b2be99,#d7c697,#bf9480,#cdac86] rank=[0,1,3,2] header/Header:d=[1.150,1.150,1.150,1.150] c=[#cdac86,#bf9480,#d7c697,#b2be99] rank=[2,3,1,0] result/Result:d=[1.150,1.150,1.150,1.150] c=[#d7c697,#bf9480,#cdac86,#b2be99] rank=[1,3,2,0] link:p=1.000 o=1.000
frame=234 t=2774.2 wall=2774.3 interval=9.22 dt=9.23 cpu_prev=8.914 effect_us=124 action=3 since_click=1168.1 since_commit=561.4 animating=true repaint=now source/Source:d=[1.150,1.150,1.150,1.150] c=[#b2be99,#cdac86,#d7c697,#bf9480] rank=[0,2,1,3] relay/Relay:d=[1.150,1.150,1.150,1.150] c=[#b2be99,#d7c697,#bf9480,#cdac86] rank=[0,1,3,2] header/Header:d=[1.150,1.150,1.150,1.150] c=[#cdac86,#bf9480,#d7c697,#b2be99] rank=[2,3,1,0] result/Result:d=[1.150,1.150,1.150,1.150] c=[#d7c697,#bf9480,#cdac86,#b2be99] rank=[1,3,2,0] link:p=1.000 o=1.000
frame=235 t=2781.7 wall=2781.7 interval=7.47 dt=7.48 cpu_prev=7.162 effect_us=124 action=3 since_click=1175.6 since_commit=568.9 animating=true repaint=now source/Source:d=[1.150,1.150,1.150,1.150] c=[#b2be99,#cdac86,#d7c697,#bf9480] rank=[0,2,1,3] relay/Relay:d=[1.150,1.150,1.150,1.150] c=[#b2be99,#d7c697,#bf9480,#cdac86] rank=[0,1,3,2] header/Header:d=[1.150,1.150,1.150,1.150] c=[#cdac86,#bf9480,#d7c697,#b2be99] rank=[2,3,1,0] result/Result:d=[1.150,1.150,1.150,1.150] c=[#d7c697,#bf9480,#cdac86,#b2be99] rank=[1,3,2,0] link:p=1.000 o=1.000
frame=236 t=2789.6 wall=2789.6 interval=7.86 dt=7.86 cpu_prev=7.551 effect_us=123 action=3 since_click=1183.4 since_commit=576.8 animating=true repaint=now source/Source:d=[1.150,1.150,1.150,1.150] c=[#b2be99,#cdac86,#d7c697,#bf9480] rank=[0,2,1,3] relay/Relay:d=[1.150,1.150,1.150,1.150] c=[#b2be99,#d7c697,#bf9480,#cdac86] rank=[0,1,3,2] header/Header:d=[1.150,1.150,1.150,1.150] c=[#cdac86,#bf9480,#d7c697,#b2be99] rank=[2,3,1,0] result/Result:d=[1.150,1.150,1.150,1.150] c=[#d7c697,#bf9480,#cdac86,#b2be99] rank=[1,3,2,0] link:p=1.000 o=1.000
frame=237 t=2796.6 wall=2796.6 interval=7.02 dt=7.02 cpu_prev=6.686 effect_us=128 action=3 since_click=1190.4 since_commit=583.8 animating=true repaint=now source/Source:d=[1.150,1.150,1.150,1.150] c=[#b2be99,#cdac86,#d7c697,#bf9480] rank=[0,2,1,3] relay/Relay:d=[1.150,1.150,1.150,1.150] c=[#b2be99,#d7c697,#bf9480,#cdac86] rank=[0,1,3,2] header/Header:d=[1.150,1.150,1.150,1.150] c=[#cdac86,#bf9480,#d7c697,#b2be99] rank=[2,3,1,0] result/Result:d=[1.150,1.150,1.150,1.150] c=[#d7c697,#bf9480,#cdac86,#b2be99] rank=[1,3,2,0] link:p=1.000 o=1.000
frame=238 t=2804.5 wall=2804.6 interval=7.95 dt=7.95 cpu_prev=6.223 effect_us=129 action=3 since_click=1198.4 since_commit=591.7 animating=true repaint=now source/Source:d=[1.150,1.150,1.150,1.150] c=[#b2be99,#cdac86,#d7c697,#bf9480] rank=[0,2,1,3] relay/Relay:d=[1.150,1.150,1.150,1.150] c=[#b2be99,#d7c697,#bf9480,#cdac86] rank=[0,1,3,2] header/Header:d=[1.150,1.150,1.150,1.150] c=[#cdac86,#bf9480,#d7c697,#b2be99] rank=[2,3,1,0] result/Result:d=[1.150,1.150,1.150,1.150] c=[#d7c697,#bf9480,#cdac86,#b2be99] rank=[1,3,2,0] link:p=1.000 o=1.000
frame=239 t=2820.3 wall=2820.3 interval=15.74 dt=15.74 cpu_prev=8.520 effect_us=140 action=3 since_click=1214.1 since_commit=607.5 animating=true repaint=now source/Source:d=[1.150,1.150,1.150,1.150] c=[#b2be99,#cdac86,#d7c697,#bf9480] rank=[0,2,1,3] relay/Relay:d=[1.150,1.150,1.150,1.150] c=[#b2be99,#d7c697,#bf9480,#cdac86] rank=[0,1,3,2] header/Header:d=[1.150,1.150,1.150,1.150] c=[#cdac86,#bf9480,#d7c697,#b2be99] rank=[2,3,1,0] result/Result:d=[1.150,1.150,1.150,1.150] c=[#d7c697,#bf9480,#cdac86,#b2be99] rank=[1,3,2,0] link:p=1.000 o=1.000
frame=240 t=2843.7 wall=2843.8 interval=23.46 dt=23.44 cpu_prev=6.402 effect_us=124 action=3 since_click=1237.6 since_commit=630.9 animating=true repaint=now source/Source:d=[1.150,1.150,1.150,1.150] c=[#b2be99,#cdac86,#d7c697,#bf9480] rank=[0,2,1,3] relay/Relay:d=[1.150,1.150,1.150,1.150] c=[#b2be99,#d7c697,#bf9480,#cdac86] rank=[0,1,3,2] header/Header:d=[1.150,1.150,1.150,1.150] c=[#cdac86,#bf9480,#d7c697,#b2be99] rank=[2,3,1,0] result/Result:d=[1.150,1.150,1.150,1.150] c=[#d7c697,#bf9480,#cdac86,#b2be99] rank=[1,3,2,0] link:p=1.000 o=1.000
frame=241 t=2860.4 wall=2860.5 interval=16.73 dt=16.74 cpu_prev=6.507 effect_us=128 action=3 since_click=1254.3 since_commit=647.7 animating=true repaint=now source/Source:d=[1.150,1.150,1.150,1.150] c=[#b2be99,#cdac86,#d7c697,#bf9480] rank=[0,2,1,3] relay/Relay:d=[1.150,1.150,1.150,1.150] c=[#b2be99,#d7c697,#bf9480,#cdac86] rank=[0,1,3,2] header/Header:d=[1.150,1.150,1.150,1.150] c=[#cdac86,#bf9480,#d7c697,#b2be99] rank=[2,3,1,0] result/Result:d=[1.150,1.150,1.150,1.150] c=[#d7c697,#bf9480,#cdac86,#b2be99] rank=[1,3,2,0] link:p=1.000 o=1.000
frame=242 t=2871.0 wall=2871.0 interval=10.52 dt=10.52 cpu_prev=10.087 effect_us=124 action=3 since_click=1264.8 since_commit=658.2 animating=true repaint=now source/Source:d=[1.150,1.150,1.150,1.150] c=[#b2be99,#cdac86,#d7c697,#bf9480] rank=[0,2,1,3] relay/Relay:d=[1.150,1.150,1.150,1.150] c=[#b2be99,#d7c697,#bf9480,#cdac86] rank=[0,1,3,2] header/Header:d=[1.150,1.150,1.150,1.150] c=[#cdac86,#bf9480,#d7c697,#b2be99] rank=[2,3,1,0] result/Result:d=[1.150,1.150,1.150,1.150] c=[#d7c697,#bf9480,#cdac86,#b2be99] rank=[1,3,2,0] link:p=1.000 o=1.000
frame=243 t=2879.6 wall=2879.7 interval=8.67 dt=8.68 cpu_prev=6.532 effect_us=125 action=3 since_click=1273.5 since_commit=666.8 animating=true repaint=now source/Source:d=[1.150,1.150,1.150,1.150] c=[#b2be99,#cdac86,#d7c697,#bf9480] rank=[0,2,1,3] relay/Relay:d=[1.150,1.150,1.150,1.150] c=[#b2be99,#d7c697,#bf9480,#cdac86] rank=[0,1,3,2] header/Header:d=[1.150,1.150,1.150,1.150] c=[#cdac86,#bf9480,#d7c697,#b2be99] rank=[2,3,1,0] result/Result:d=[1.150,1.150,1.150,1.150] c=[#d7c697,#bf9480,#cdac86,#b2be99] rank=[1,3,2,0] link:p=1.000 o=1.000
frame=244 t=2924.7 wall=2924.8 interval=45.14 dt=45.10 cpu_prev=44.566 effect_us=128 action=3 since_click=1318.6 since_commit=711.9 animating=true repaint=now source/Source:d=[1.150,1.150,1.150,1.150] c=[#b2be99,#cdac86,#d7c697,#bf9480] rank=[0,2,1,3] relay/Relay:d=[1.150,1.150,1.150,1.150] c=[#b2be99,#d7c697,#bf9480,#cdac86] rank=[0,1,3,2] header/Header:d=[1.150,1.150,1.150,1.150] c=[#cdac86,#bf9480,#d7c697,#b2be99] rank=[2,3,1,0] result/Result:d=[1.150,1.150,1.150,1.150] c=[#d7c697,#bf9480,#cdac86,#b2be99] rank=[1,3,2,0] link:p=1.000 o=1.000
frame=245 t=2931.5 wall=2931.5 interval=6.68 dt=6.72 cpu_prev=6.409 effect_us=130 action=3 since_click=1325.3 since_commit=718.7 animating=true repaint=now source/Source:d=[1.150,1.150,1.150,1.150] c=[#b2be99,#cdac86,#d7c697,#bf9480] rank=[0,2,1,3] relay/Relay:d=[1.150,1.150,1.150,1.150] c=[#b2be99,#d7c697,#bf9480,#cdac86] rank=[0,1,3,2] header/Header:d=[1.150,1.150,1.150,1.150] c=[#cdac86,#bf9480,#d7c697,#b2be99] rank=[2,3,1,0] result/Result:d=[1.150,1.150,1.150,1.150] c=[#d7c697,#bf9480,#cdac86,#b2be99] rank=[1,3,2,0] link:p=1.000 o=1.000
frame=246 t=2938.6 wall=2938.6 interval=7.13 dt=7.14 cpu_prev=6.847 effect_us=129 action=3 since_click=1332.5 since_commit=725.8 animating=true repaint=now source/Source:d=[1.150,1.150,1.150,1.150] c=[#b2be99,#cdac86,#d7c697,#bf9480] rank=[0,2,1,3] relay/Relay:d=[1.150,1.150,1.150,1.150] c=[#b2be99,#d7c697,#bf9480,#cdac86] rank=[0,1,3,2] header/Header:d=[1.150,1.150,1.150,1.150] c=[#cdac86,#bf9480,#d7c697,#b2be99] rank=[2,3,1,0] result/Result:d=[1.150,1.150,1.150,1.150] c=[#d7c697,#bf9480,#cdac86,#b2be99] rank=[1,3,2,0] link:p=1.000 o=1.000
frame=247 t=2946.0 wall=2946.0 interval=7.40 dt=7.40 cpu_prev=6.398 effect_us=125 action=3 since_click=1339.9 since_commit=733.2 animating=true repaint=now source/Source:d=[1.150,1.150,1.150,1.150] c=[#b2be99,#cdac86,#d7c697,#bf9480] rank=[0,2,1,3] relay/Relay:d=[1.150,1.150,1.150,1.150] c=[#b2be99,#d7c697,#bf9480,#cdac86] rank=[0,1,3,2] header/Header:d=[1.150,1.150,1.150,1.150] c=[#cdac86,#bf9480,#d7c697,#b2be99] rank=[2,3,1,0] result/Result:d=[1.150,1.150,1.150,1.150] c=[#d7c697,#bf9480,#cdac86,#b2be99] rank=[1,3,2,0] link:p=1.000 o=1.000
frame=248 t=2954.4 wall=2954.4 interval=8.39 dt=8.38 cpu_prev=6.455 effect_us=127 action=3 since_click=1348.2 since_commit=741.6 animating=true repaint=now source/Source:d=[1.150,1.150,1.150,1.150] c=[#b2be99,#cdac86,#d7c697,#bf9480] rank=[0,2,1,3] relay/Relay:d=[1.150,1.150,1.150,1.150] c=[#b2be99,#d7c697,#bf9480,#cdac86] rank=[0,1,3,2] header/Header:d=[1.150,1.150,1.150,1.150] c=[#cdac86,#bf9480,#d7c697,#b2be99] rank=[2,3,1,0] result/Result:d=[1.150,1.150,1.150,1.150] c=[#d7c697,#bf9480,#cdac86,#b2be99] rank=[1,3,2,0] link:p=1.000 o=1.000
frame=249 t=2962.8 wall=2962.8 interval=8.39 dt=8.39 cpu_prev=6.475 effect_us=130 action=3 since_click=1356.6 since_commit=750.0 animating=true repaint=now source/Source:d=[1.150,1.150,1.150,1.150] c=[#b2be99,#cdac86,#d7c697,#bf9480] rank=[0,2,1,3] relay/Relay:d=[1.150,1.150,1.150,1.150] c=[#b2be99,#d7c697,#bf9480,#cdac86] rank=[0,1,3,2] header/Header:d=[1.150,1.150,1.150,1.150] c=[#cdac86,#bf9480,#d7c697,#b2be99] rank=[2,3,1,0] result/Result:d=[1.150,1.150,1.150,1.150] c=[#d7c697,#bf9480,#cdac86,#b2be99] rank=[1,3,2,0] link:p=1.000 o=1.000
frame=250 t=2971.4 wall=2971.5 interval=8.67 dt=8.67 cpu_prev=8.053 effect_us=123 action=3 since_click=1365.3 since_commit=758.6 animating=true repaint=now source/Source:d=[1.150,1.150,1.150,1.150] c=[#b2be99,#cdac86,#d7c697,#bf9480] rank=[0,2,1,3] relay/Relay:d=[1.150,1.150,1.150,1.150] c=[#b2be99,#d7c697,#bf9480,#cdac86] rank=[0,1,3,2] header/Header:d=[1.150,1.150,1.150,1.150] c=[#cdac86,#bf9480,#d7c697,#b2be99] rank=[2,3,1,0] result/Result:d=[1.150,1.150,1.150,1.150] c=[#d7c697,#bf9480,#cdac86,#b2be99] rank=[1,3,2,0] link:p=1.000 o=1.000
frame=251 t=2979.4 wall=2979.5 interval=7.99 dt=7.99 cpu_prev=6.786 effect_us=127 action=3 since_click=1373.3 since_commit=766.6 animating=true repaint=now source/Source:d=[1.150,1.150,1.150,1.150] c=[#b2be99,#cdac86,#d7c697,#bf9480] rank=[0,2,1,3] relay/Relay:d=[1.150,1.150,1.150,1.150] c=[#b2be99,#d7c697,#bf9480,#cdac86] rank=[0,1,3,2] header/Header:d=[1.150,1.150,1.150,1.150] c=[#cdac86,#bf9480,#d7c697,#b2be99] rank=[2,3,1,0] result/Result:d=[1.150,1.150,1.150,1.150] c=[#d7c697,#bf9480,#cdac86,#b2be99] rank=[1,3,2,0] link:p=1.000 o=1.000
frame=252 t=2987.7 wall=2987.8 interval=8.31 dt=8.31 cpu_prev=6.254 effect_us=130 action=3 since_click=1381.6 since_commit=774.9 animating=true repaint=now source/Source:d=[1.150,1.150,1.150,1.150] c=[#b2be99,#cdac86,#d7c697,#bf9480] rank=[0,2,1,3] relay/Relay:d=[1.150,1.150,1.150,1.150] c=[#b2be99,#d7c697,#bf9480,#cdac86] rank=[0,1,3,2] header/Header:d=[1.150,1.150,1.150,1.150] c=[#cdac86,#bf9480,#d7c697,#b2be99] rank=[2,3,1,0] result/Result:d=[1.150,1.150,1.150,1.150] c=[#d7c697,#bf9480,#cdac86,#b2be99] rank=[1,3,2,0] link:p=1.000 o=1.000
frame=253 t=2996.0 wall=2996.1 interval=8.30 dt=8.30 cpu_prev=6.332 effect_us=128 action=3 since_click=1389.9 since_commit=783.2 animating=true repaint=now source/Source:d=[1.150,1.150,1.150,1.150] c=[#b2be99,#cdac86,#d7c697,#bf9480] rank=[0,2,1,3] relay/Relay:d=[1.150,1.150,1.150,1.150] c=[#b2be99,#d7c697,#bf9480,#cdac86] rank=[0,1,3,2] header/Header:d=[1.150,1.150,1.150,1.150] c=[#cdac86,#bf9480,#d7c697,#b2be99] rank=[2,3,1,0] result/Result:d=[1.150,1.150,1.150,1.150] c=[#d7c697,#bf9480,#cdac86,#b2be99] rank=[1,3,2,0] link:p=1.000 o=1.000
frame=254 t=3004.5 wall=3004.5 interval=8.46 dt=8.46 cpu_prev=6.596 effect_us=125 action=3 since_click=1398.4 since_commit=791.7 animating=true repaint=now source/Source:d=[1.150,1.150,1.150,1.150] c=[#b2be99,#cdac86,#d7c697,#bf9480] rank=[0,2,1,3] relay/Relay:d=[1.150,1.150,1.150,1.150] c=[#b2be99,#d7c697,#bf9480,#cdac86] rank=[0,1,3,2] header/Header:d=[1.150,1.150,1.150,1.150] c=[#cdac86,#bf9480,#d7c697,#b2be99] rank=[2,3,1,0] result/Result:d=[1.150,1.150,1.150,1.150] c=[#d7c697,#bf9480,#cdac86,#b2be99] rank=[1,3,2,0] link:p=1.000 o=1.000
frame=255 t=3012.7 wall=3012.8 interval=8.25 dt=8.25 cpu_prev=6.080 effect_us=127 action=3 since_click=1406.6 since_commit=800.0 animating=true repaint=now source/Source:d=[1.149,1.149,1.149,1.149] c=[#b2be99,#cdac86,#d7c697,#bf9480] rank=[0,2,1,3] relay/Relay:d=[1.149,1.149,1.149,1.149] c=[#b2be99,#d7c697,#bf9480,#cdac86] rank=[0,1,3,2] header/Header:d=[1.149,1.149,1.149,1.149] c=[#cdac86,#bf9480,#d7c697,#b2be99] rank=[2,3,1,0] result/Result:d=[1.149,1.149,1.149,1.149] c=[#d7c697,#bf9480,#cdac86,#b2be99] rank=[1,3,2,0] link:p=0.991 o=1.000
frame=256 t=3021.0 wall=3021.0 interval=8.22 dt=8.21 cpu_prev=6.412 effect_us=129 action=3 since_click=1414.8 since_commit=808.2 animating=true repaint=now source/Source:d=[1.145,1.145,1.145,1.145] c=[#b3bd99,#cdac86,#d6c597,#bf9580] rank=[0,2,1,3] relay/Relay:d=[1.145,1.145,1.145,1.145] c=[#b3bd99,#d6c597,#bf9580,#cdac86] rank=[0,1,3,2] header/Header:d=[1.145,1.145,1.145,1.145] c=[#cdac86,#bf9580,#d6c597,#b3bd99] rank=[2,3,1,0] result/Result:d=[1.145,1.145,1.145,1.145] c=[#d6c597,#bf9580,#cdac86,#b3bd99] rank=[1,3,2,0] link:p=0.966 o=1.000
frame=257 t=3029.5 wall=3029.5 interval=8.54 dt=8.55 cpu_prev=6.776 effect_us=122 action=3 since_click=1423.4 since_commit=816.7 animating=true repaint=now source/Source:d=[1.141,1.141,1.141,1.141] c=[#b3bc98,#cdac86,#d6c496,#c09581] rank=[0,2,1,3] relay/Relay:d=[1.141,1.141,1.141,1.141] c=[#b3bc98,#d6c496,#c09581,#cdac86] rank=[0,1,3,2] header/Header:d=[1.141,1.141,1.141,1.141] c=[#cdac86,#c09581,#d6c496,#b3bc98] rank=[2,3,1,0] result/Result:d=[1.141,1.141,1.141,1.141] c=[#d6c496,#c09581,#cdac86,#b3bc98] rank=[1,3,2,0] link:p=0.940 o=1.000
frame=258 t=3037.9 wall=3037.9 interval=8.36 dt=8.36 cpu_prev=6.824 effect_us=126 action=3 since_click=1431.7 since_commit=825.1 animating=true repaint=now source/Source:d=[1.137,1.137,1.137,1.137] c=[#b4bc98,#cdab86,#d6c396,#c09581] rank=[0,2,1,3] relay/Relay:d=[1.137,1.137,1.137,1.137] c=[#b4bc98,#d6c396,#c09581,#cdab86] rank=[0,1,3,2] header/Header:d=[1.137,1.137,1.137,1.137] c=[#cdab86,#c09581,#d6c396,#b4bc98] rank=[2,3,1,0] result/Result:d=[1.137,1.137,1.137,1.137] c=[#d6c396,#c09581,#cdab86,#b4bc98] rank=[1,3,2,0] link:p=0.914 o=1.000
frame=259 t=3046.0 wall=3046.0 interval=8.11 dt=8.11 cpu_prev=6.378 effect_us=125 action=3 since_click=1439.8 since_commit=833.2 animating=true repaint=now source/Source:d=[1.133,1.133,1.133,1.133] c=[#b4bb97,#ccab87,#d5c296,#c09681] rank=[0,2,1,3] relay/Relay:d=[1.133,1.133,1.133,1.133] c=[#b4bb97,#d5c296,#c09681,#ccab87] rank=[0,1,3,2] header/Header:d=[1.133,1.133,1.133,1.133] c=[#ccab87,#c09681,#d5c296,#b4bb97] rank=[2,3,1,0] result/Result:d=[1.133,1.133,1.133,1.133] c=[#d5c296,#c09681,#ccab87,#b4bb97] rank=[1,3,2,0] link:p=0.890 o=1.000
frame=260 t=3054.3 wall=3054.4 interval=8.36 dt=8.35 cpu_prev=6.507 effect_us=129 action=3 since_click=1448.2 since_commit=841.5 animating=true repaint=now source/Source:d=[1.130,1.130,1.130,1.130] c=[#b5ba97,#ccab87,#d5c195,#c09681] rank=[0,2,1,3] relay/Relay:d=[1.130,1.130,1.130,1.130] c=[#b5ba97,#d5c195,#c09681,#ccab87] rank=[0,1,3,2] header/Header:d=[1.130,1.130,1.130,1.130] c=[#ccab87,#c09681,#d5c195,#b5ba97] rank=[2,3,1,0] result/Result:d=[1.130,1.130,1.130,1.130] c=[#d5c195,#c09681,#ccab87,#b5ba97] rank=[1,3,2,0] link:p=0.864 o=1.000
frame=261 t=3062.8 wall=3062.8 interval=8.43 dt=8.44 cpu_prev=6.268 effect_us=127 action=3 since_click=1456.6 since_commit=850.0 animating=true repaint=now source/Source:d=[1.126,1.126,1.126,1.126] c=[#b6ba97,#ccab87,#d5c195,#c09782] rank=[0,2,1,3] relay/Relay:d=[1.126,1.126,1.126,1.126] c=[#b6ba97,#d5c195,#c09782,#ccab87] rank=[0,1,3,2] header/Header:d=[1.126,1.126,1.126,1.126] c=[#ccab87,#c09782,#d5c195,#b6ba97] rank=[2,3,1,0] result/Result:d=[1.126,1.126,1.126,1.126] c=[#d5c195,#c09782,#ccab87,#b6ba97] rank=[1,3,2,0] link:p=0.839 o=1.000
frame=262 t=3071.2 wall=3071.2 interval=8.42 dt=8.42 cpu_prev=6.676 effect_us=129 action=3 since_click=1465.0 since_commit=858.4 animating=true repaint=now source/Source:d=[1.122,1.122,1.122,1.122] c=[#b6b996,#ccab87,#d4c095,#c19782] rank=[0,2,1,3] relay/Relay:d=[1.122,1.122,1.122,1.122] c=[#b6b996,#d4c095,#c19782,#ccab87] rank=[0,1,3,2] header/Header:d=[1.122,1.122,1.122,1.122] c=[#ccab87,#c19782,#d4c095,#b6b996] rank=[2,3,1,0] result/Result:d=[1.122,1.122,1.122,1.122] c=[#d4c095,#c19782,#ccab87,#b6b996] rank=[1,3,2,0] link:p=0.813 o=1.000
frame=263 t=3079.4 wall=3079.5 interval=8.25 dt=8.24 cpu_prev=6.348 effect_us=123 action=3 since_click=1473.3 since_commit=866.6 animating=true repaint=now source/Source:d=[1.118,1.118,1.118,1.118] c=[#b7b896,#ccaa87,#d4bf94,#c19782] rank=[0,2,1,3] relay/Relay:d=[1.118,1.118,1.118,1.118] c=[#b7b896,#d4bf94,#c19782,#ccaa87] rank=[0,1,3,2] header/Header:d=[1.118,1.118,1.118,1.118] c=[#ccaa87,#c19782,#d4bf94,#b7b896] rank=[2,3,1,0] result/Result:d=[1.118,1.118,1.118,1.118] c=[#d4bf94,#c19782,#ccaa87,#b7b896] rank=[1,3,2,0] link:p=0.788 o=1.000
frame=264 t=3087.4 wall=3087.4 interval=7.92 dt=7.93 cpu_prev=6.272 effect_us=127 action=3 since_click=1481.2 since_commit=874.6 animating=true repaint=now source/Source:d=[1.115,1.115,1.115,1.115] c=[#b7b896,#ccaa87,#d3be94,#c19883] rank=[0,2,1,3] relay/Relay:d=[1.115,1.115,1.115,1.115] c=[#b7b896,#d3be94,#c19883,#ccaa87] rank=[0,1,3,2] header/Header:d=[1.115,1.115,1.115,1.115] c=[#ccaa87,#c19883,#d3be94,#b7b896] rank=[2,3,1,0] result/Result:d=[1.115,1.115,1.115,1.115] c=[#d3be94,#c19883,#ccaa87,#b7b896] rank=[1,3,2,0] link:p=0.764 o=1.000
frame=265 t=3096.1 wall=3096.1 interval=8.74 dt=8.74 cpu_prev=6.837 effect_us=128 action=3 since_click=1490.0 since_commit=883.3 animating=true repaint=now source/Source:d=[1.111,1.111,1.111,1.111] c=[#b8b795,#ccaa87,#d3bd94,#c19883] rank=[0,2,1,3] relay/Relay:d=[1.111,1.111,1.111,1.111] c=[#b8b795,#d3bd94,#c19883,#ccaa87] rank=[0,1,3,2] header/Header:d=[1.111,1.111,1.111,1.111] c=[#ccaa87,#c19883,#d3bd94,#b8b795] rank=[2,3,1,0] result/Result:d=[1.111,1.111,1.111,1.111] c=[#d3bd94,#c19883,#ccaa87,#b8b795] rank=[1,3,2,0] link:p=0.737 o=1.000
frame=266 t=3105.1 wall=3105.2 interval=9.04 dt=8.96 cpu_prev=7.028 effect_us=135 action=3 since_click=1498.9 since_commit=892.3 animating=true repaint=now source/Source:d=[1.106,1.106,1.106,1.106] c=[#b8b695,#ccaa87,#d3bc94,#c29983] rank=[0,2,1,3] relay/Relay:d=[1.106,1.106,1.106,1.106] c=[#b8b695,#d3bc94,#c29983,#ccaa87] rank=[0,1,3,2] header/Header:d=[1.106,1.106,1.106,1.106] c=[#ccaa87,#c29983,#d3bc94,#b8b695] rank=[2,3,1,0] result/Result:d=[1.106,1.106,1.106,1.106] c=[#d3bc94,#c29983,#ccaa87,#b8b695] rank=[1,3,2,0] link:p=0.710 o=1.000
frame=267 t=3112.9 wall=3112.9 interval=7.76 dt=7.85 cpu_prev=6.826 effect_us=126 action=3 since_click=1506.8 since_commit=900.1 animating=true repaint=now source/Source:d=[1.103,1.103,1.103,1.103] c=[#b9b695,#cba988,#d2bb93,#c29983] rank=[0,2,1,3] relay/Relay:d=[1.103,1.103,1.103,1.103] c=[#b9b695,#d2bb93,#c29983,#cba988] rank=[0,1,3,2] header/Header:d=[1.103,1.103,1.103,1.103] c=[#cba988,#c29983,#d2bb93,#b9b695] rank=[2,3,1,0] result/Result:d=[1.103,1.103,1.103,1.103] c=[#d2bb93,#c29983,#cba988,#b9b695] rank=[1,3,2,0] link:p=0.686 o=1.000
frame=268 t=3121.1 wall=3121.2 interval=8.26 dt=8.24 cpu_prev=6.558 effect_us=126 action=3 since_click=1515.0 since_commit=908.4 animating=true repaint=now source/Source:d=[1.099,1.099,1.099,1.099] c=[#b9b594,#cba988,#d2ba93,#c29984] rank=[0,2,1,3] relay/Relay:d=[1.099,1.099,1.099,1.099] c=[#b9b594,#d2ba93,#c29984,#cba988] rank=[0,1,3,2] header/Header:d=[1.099,1.099,1.099,1.099] c=[#cba988,#c29984,#d2ba93,#b9b594] rank=[2,3,1,0] result/Result:d=[1.099,1.099,1.099,1.099] c=[#d2ba93,#c29984,#cba988,#b9b594] rank=[1,3,2,0] link:p=0.660 o=1.000
frame=269 t=3129.4 wall=3129.5 interval=8.26 dt=8.26 cpu_prev=6.668 effect_us=128 action=3 since_click=1523.3 since_commit=916.6 animating=true repaint=now source/Source:d=[1.095,1.095,1.095,1.095] c=[#bab594,#cba988,#d2ba93,#c29a84] rank=[0,2,1,3] relay/Relay:d=[1.095,1.095,1.095,1.095] c=[#bab594,#d2ba93,#c29a84,#cba988] rank=[0,1,3,2] header/Header:d=[1.095,1.095,1.095,1.095] c=[#cba988,#c29a84,#d2ba93,#bab594] rank=[2,3,1,0] result/Result:d=[1.095,1.095,1.095,1.095] c=[#d2ba93,#c29a84,#cba988,#bab594] rank=[1,3,2,0] link:p=0.635 o=1.000
frame=270 t=3138.0 wall=3138.0 interval=8.58 dt=8.58 cpu_prev=6.553 effect_us=125 action=3 since_click=1531.9 since_commit=925.2 animating=true repaint=now source/Source:d=[1.091,1.091,1.091,1.091] c=[#bbb494,#cba988,#d1b992,#c39a84] rank=[0,2,1,3] relay/Relay:d=[1.091,1.091,1.091,1.091] c=[#bbb494,#d1b992,#c39a84,#cba988] rank=[0,1,3,2] header/Header:d=[1.091,1.091,1.091,1.091] c=[#cba988,#c39a84,#d1b992,#bbb494] rank=[2,3,1,0] result/Result:d=[1.091,1.091,1.091,1.091] c=[#d1b992,#c39a84,#cba988,#bbb494] rank=[1,3,2,0] link:p=0.609 o=1.000
frame=271 t=3146.1 wall=3146.2 interval=8.14 dt=8.14 cpu_prev=6.314 effect_us=128 action=3 since_click=1540.0 since_commit=933.3 animating=true repaint=now source/Source:d=[1.088,1.088,1.088,1.088] c=[#bbb393,#cba988,#d1b892,#c39b85] rank=[0,2,1,3] relay/Relay:d=[1.088,1.088,1.088,1.088] c=[#bbb393,#d1b892,#c39b85,#cba988] rank=[0,1,3,2] header/Header:d=[1.088,1.088,1.088,1.088] c=[#cba988,#c39b85,#d1b892,#bbb393] rank=[2,3,1,0] result/Result:d=[1.088,1.088,1.088,1.088] c=[#d1b892,#c39b85,#cba988,#bbb393] rank=[1,3,2,0] link:p=0.584 o=1.000
frame=272 t=3154.6 wall=3154.7 interval=8.49 dt=8.47 cpu_prev=6.545 effect_us=126 action=3 since_click=1548.5 since_commit=941.8 animating=true repaint=now source/Source:d=[1.084,1.084,1.084,1.084] c=[#bcb393,#cba888,#d0b792,#c39b85] rank=[0,2,1,3] relay/Relay:d=[1.084,1.084,1.084,1.084] c=[#bcb393,#d0b792,#c39b85,#cba888] rank=[0,1,3,2] header/Header:d=[1.084,1.084,1.084,1.084] c=[#cba888,#c39b85,#d0b792,#bcb393] rank=[2,3,1,0] result/Result:d=[1.084,1.084,1.084,1.084] c=[#d0b792,#c39b85,#cba888,#bcb393] rank=[1,3,2,0] link:p=0.558 o=1.000
frame=273 t=3162.8 wall=3162.8 interval=8.14 dt=8.16 cpu_prev=6.558 effect_us=123 action=3 since_click=1556.6 since_commit=950.0 animating=true repaint=now source/Source:d=[1.080,1.080,1.080,1.080] c=[#bcb292,#cba888,#d0b691,#c39b85] rank=[0,2,1,3] relay/Relay:d=[1.080,1.080,1.080,1.080] c=[#bcb292,#d0b691,#c39b85,#cba888] rank=[0,1,3,2] header/Header:d=[1.080,1.080,1.080,1.080] c=[#cba888,#c39b85,#d0b691,#bcb292] rank=[2,3,1,0] result/Result:d=[1.080,1.080,1.080,1.080] c=[#d0b691,#c39b85,#cba888,#bcb292] rank=[1,3,2,0] link:p=0.534 o=1.000
frame=274 t=3171.1 wall=3171.1 interval=8.29 dt=8.29 cpu_prev=6.285 effect_us=128 action=3 since_click=1564.9 since_commit=958.3 animating=true repaint=now source/Source:d=[1.076,1.076,1.076,1.076] c=[#bdb192,#cba888,#d0b591,#c39c85] rank=[0,2,1,3] relay/Relay:d=[1.076,1.076,1.076,1.076] c=[#bdb192,#d0b591,#c39c85,#cba888] rank=[0,1,3,2] header/Header:d=[1.076,1.076,1.076,1.076] c=[#cba888,#c39c85,#d0b591,#bdb192] rank=[2,3,1,0] result/Result:d=[1.076,1.076,1.076,1.076] c=[#d0b591,#c39c85,#cba888,#bdb192] rank=[1,3,2,0] link:p=0.508 o=1.000
frame=275 t=3179.7 wall=3179.7 interval=8.60 dt=8.61 cpu_prev=6.773 effect_us=112 action=3 since_click=1573.5 since_commit=966.9 animating=true repaint=now source/Source:d=[1.072,1.072,1.072,1.072] c=[#bdb192,#caa889,#cfb491,#c49c86] rank=[0,2,1,3] relay/Relay:d=[1.072,1.072,1.072,1.072] c=[#bdb192,#cfb491,#c49c86,#caa889] rank=[0,1,3,2] header/Header:d=[1.072,1.072,1.072,1.072] c=[#caa889,#c49c86,#cfb491,#bdb192] rank=[2,3,1,0] result/Result:d=[1.072,1.072,1.072,1.072] c=[#cfb491,#c49c86,#caa889,#bdb192] rank=[1,3,2,0] link:p=0.482 o=1.000
frame=276 t=3188.7 wall=3188.8 interval=9.07 dt=9.07 cpu_prev=6.195 effect_us=126 action=3 since_click=1582.6 since_commit=975.9 animating=true repaint=now source/Source:d=[1.068,1.068,1.068,1.068] c=[#beb091,#caa889,#cfb390,#c49d86] rank=[0,2,1,3] relay/Relay:d=[1.068,1.068,1.068,1.068] c=[#beb091,#cfb390,#c49d86,#caa889] rank=[0,1,3,2] header/Header:d=[1.068,1.068,1.068,1.068] c=[#caa889,#c49d86,#cfb390,#beb091] rank=[2,3,1,0] result/Result:d=[1.068,1.068,1.068,1.068] c=[#cfb390,#c49d86,#caa889,#beb091] rank=[1,3,2,0] link:p=0.454 o=1.000
frame=277 t=3196.1 wall=3196.1 interval=7.35 dt=7.36 cpu_prev=6.484 effect_us=113 action=3 since_click=1590.0 since_commit=983.3 animating=true repaint=now source/Source:d=[1.065,1.065,1.065,1.065] c=[#beaf91,#caa789,#ceb390,#c49d86] rank=[0,2,1,3] relay/Relay:d=[1.065,1.065,1.065,1.065] c=[#beaf91,#ceb390,#c49d86,#caa789] rank=[0,1,3,2] header/Header:d=[1.065,1.065,1.065,1.065] c=[#caa789,#c49d86,#ceb390,#beaf91] rank=[2,3,1,0] result/Result:d=[1.065,1.065,1.065,1.065] c=[#ceb390,#c49d86,#caa789,#beaf91] rank=[1,3,2,0] link:p=0.432 o=1.000
frame=278 t=3204.9 wall=3205.0 interval=8.84 dt=8.83 cpu_prev=6.087 effect_us=127 action=3 since_click=1598.8 since_commit=992.1 animating=true repaint=now source/Source:d=[1.061,1.061,1.061,1.061] c=[#bfaf91,#caa789,#ceb290,#c49e87] rank=[0,2,1,3] relay/Relay:d=[1.061,1.061,1.061,1.061] c=[#bfaf91,#ceb290,#c49e87,#caa789] rank=[0,1,3,2] header/Header:d=[1.061,1.061,1.061,1.061] c=[#caa789,#c49e87,#ceb290,#bfaf91] rank=[2,3,1,0] result/Result:d=[1.061,1.061,1.061,1.061] c=[#ceb290,#c49e87,#caa789,#bfaf91] rank=[1,3,2,0] link:p=0.405 o=1.000
frame=279 t=3212.7 wall=3212.8 interval=7.79 dt=7.80 cpu_prev=6.161 effect_us=124 action=3 since_click=1606.6 since_commit=999.9 animating=true repaint=now source/Source:d=[1.057,1.057,1.057,1.057] c=[#c0ae90,#caa789,#ceb190,#c59e87] rank=[0,2,1,3] relay/Relay:d=[1.057,1.057,1.057,1.057] c=[#c0ae90,#ceb190,#c59e87,#caa789] rank=[0,1,3,2] header/Header:d=[1.057,1.057,1.057,1.057] c=[#caa789,#c59e87,#ceb190,#c0ae90] rank=[2,3,1,0] result/Result:d=[1.057,1.057,1.057,1.057] c=[#ceb190,#c59e87,#caa789,#c0ae90] rank=[1,3,2,0] link:p=0.381 o=1.000
frame=280 t=3220.8 wall=3220.8 interval=8.08 dt=8.07 cpu_prev=6.474 effect_us=123 action=3 since_click=1614.7 since_commit=1008.0 animating=true repaint=now source/Source:d=[1.054,1.054,1.054,1.054] c=[#c0ad90,#caa789,#cdb08f,#c59e87] rank=[0,2,1,3] relay/Relay:d=[1.054,1.054,1.054,1.054] c=[#c0ad90,#cdb08f,#c59e87,#caa789] rank=[0,1,3,2] header/Header:d=[1.054,1.054,1.054,1.054] c=[#caa789,#c59e87,#cdb08f,#c0ad90] rank=[2,3,1,0] result/Result:d=[1.054,1.054,1.054,1.054] c=[#cdb08f,#c59e87,#caa789,#c0ad90] rank=[1,3,2,0] link:p=0.357 o=1.000
frame=281 t=3235.2 wall=3235.2 interval=14.40 dt=14.41 cpu_prev=6.179 effect_us=128 action=3 since_click=1629.1 since_commit=1022.4 animating=true repaint=now source/Source:d=[1.047,1.047,1.047,1.047] c=[#c1ac8f,#caa789,#cdaf8f,#c59f88] rank=[0,2,1,3] relay/Relay:d=[1.047,1.047,1.047,1.047] c=[#c1ac8f,#cdaf8f,#c59f88,#caa789] rank=[0,1,3,2] header/Header:d=[1.047,1.047,1.047,1.047] c=[#caa789,#c59f88,#cdaf8f,#c1ac8f] rank=[2,3,1,0] result/Result:d=[1.047,1.047,1.047,1.047] c=[#cdaf8f,#c59f88,#caa789,#c1ac8f] rank=[1,3,2,0] link:p=0.313 o=1.000
frame=282 t=3243.5 wall=3243.6 interval=8.32 dt=8.31 cpu_prev=6.704 effect_us=148 action=3 since_click=1637.4 since_commit=1030.7 animating=true repaint=now source/Source:d=[1.043,1.043,1.043,1.043] c=[#c2ab8f,#c9a68a,#ccae8e,#c59f88] rank=[0,2,1,3] relay/Relay:d=[1.043,1.043,1.043,1.043] c=[#c2ab8f,#ccae8e,#c59f88,#c9a68a] rank=[0,1,3,2] header/Header:d=[1.043,1.043,1.043,1.043] c=[#c9a68a,#c59f88,#ccae8e,#c2ab8f] rank=[2,3,1,0] result/Result:d=[1.043,1.043,1.043,1.043] c=[#ccae8e,#c59f88,#c9a68a,#c2ab8f] rank=[1,3,2,0] link:p=0.287 o=1.000
frame=283 t=3250.2 wall=3250.3 interval=6.71 dt=6.71 cpu_prev=6.411 effect_us=125 action=3 since_click=1644.1 since_commit=1037.4 animating=true repaint=now source/Source:d=[1.040,1.040,1.040,1.040] c=[#c2ab8f,#c9a68a,#ccad8e,#c6a088] rank=[0,2,1,3] relay/Relay:d=[1.040,1.040,1.040,1.040] c=[#c2ab8f,#ccad8e,#c6a088,#c9a68a] rank=[0,1,3,2] header/Header:d=[1.040,1.040,1.040,1.040] c=[#c9a68a,#c6a088,#ccad8e,#c2ab8f] rank=[2,3,1,0] result/Result:d=[1.040,1.040,1.040,1.040] c=[#ccad8e,#c6a088,#c9a68a,#c2ab8f] rank=[1,3,2,0] link:p=0.267 o=1.000
frame=284 t=3256.7 wall=3256.7 interval=6.42 dt=6.42 cpu_prev=6.192 effect_us=123 action=3 since_click=1650.5 since_commit=1043.9 animating=true repaint=now source/Source:d=[1.037,1.037,1.037,1.037] c=[#c3aa8e,#c9a68a,#ccac8e,#c6a088] rank=[0,2,1,3] relay/Relay:d=[1.037,1.037,1.037,1.037] c=[#c3aa8e,#ccac8e,#c6a088,#c9a68a] rank=[0,1,3,2] header/Header:d=[1.037,1.037,1.037,1.037] c=[#c9a68a,#c6a088,#ccac8e,#c3aa8e] rank=[2,3,1,0] result/Result:d=[1.037,1.037,1.037,1.037] c=[#ccac8e,#c6a088,#c9a68a,#c3aa8e] rank=[1,3,2,0] link:p=0.247 o=1.000
frame=285 t=3263.6 wall=3263.6 interval=6.95 dt=6.96 cpu_prev=6.711 effect_us=122 action=3 since_click=1657.5 since_commit=1050.8 animating=true repaint=now source/Source:d=[1.034,1.034,1.034,1.034] c=[#c3aa8e,#c9a68a,#cbac8e,#c6a089] rank=[0,2,1,3] relay/Relay:d=[1.034,1.034,1.034,1.034] c=[#c3aa8e,#cbac8e,#c6a089,#c9a68a] rank=[0,1,3,2] header/Header:d=[1.034,1.034,1.034,1.034] c=[#c9a68a,#c6a089,#cbac8e,#c3aa8e] rank=[2,3,1,0] result/Result:d=[1.034,1.034,1.034,1.034] c=[#cbac8e,#c6a089,#c9a68a,#c3aa8e] rank=[1,3,2,0] link:p=0.226 o=1.000
frame=286 t=3271.0 wall=3271.0 interval=7.41 dt=7.40 cpu_prev=5.939 effect_us=123 action=3 since_click=1664.9 since_commit=1058.2 animating=true repaint=now source/Source:d=[1.031,1.031,1.031,1.031] c=[#c4a98e,#c9a68a,#cbab8d,#c6a189] rank=[0,2,1,3] relay/Relay:d=[1.031,1.031,1.031,1.031] c=[#c4a98e,#cbab8d,#c6a189,#c9a68a] rank=[0,1,3,2] header/Header:d=[1.031,1.031,1.031,1.031] c=[#c9a68a,#c6a189,#cbab8d,#c4a98e] rank=[2,3,1,0] result/Result:d=[1.031,1.031,1.031,1.031] c=[#cbab8d,#c6a189,#c9a68a,#c4a98e] rank=[1,3,2,0] link:p=0.204 o=1.000
frame=287 t=3285.6 wall=3285.6 interval=14.56 dt=14.56 cpu_prev=5.956 effect_us=127 action=3 since_click=1679.4 since_commit=1072.8 animating=true repaint=now source/Source:d=[1.024,1.024,1.024,1.024] c=[#c4a88d,#c9a58a,#caa98d,#c7a189] rank=[0,2,1,3] relay/Relay:d=[1.024,1.024,1.024,1.024] c=[#c4a88d,#caa98d,#c7a189,#c9a58a] rank=[0,1,3,2] header/Header:d=[1.024,1.024,1.024,1.024] c=[#c9a58a,#c7a189,#caa98d,#c4a88d] rank=[2,3,1,0] result/Result:d=[1.024,1.024,1.024,1.024] c=[#caa98d,#c7a189,#c9a58a,#c4a88d] rank=[1,3,2,0] link:p=0.159 o=1.000
frame=288 t=3293.5 wall=3293.5 interval=7.93 dt=7.94 cpu_prev=6.410 effect_us=125 action=3 since_click=1687.4 since_commit=1080.7 animating=true repaint=now source/Source:d=[1.020,1.020,1.020,1.020] c=[#c5a88d,#c9a58a,#caa98d,#c7a28a] rank=[0,2,1,3] relay/Relay:d=[1.020,1.020,1.020,1.020] c=[#c5a88d,#caa98d,#c7a28a,#c9a58a] rank=[0,1,3,2] header/Header:d=[1.020,1.020,1.020,1.020] c=[#c9a58a,#c7a28a,#caa98d,#c5a88d] rank=[2,3,1,0] result/Result:d=[1.020,1.020,1.020,1.020] c=[#caa98d,#c7a28a,#c9a58a,#c5a88d] rank=[1,3,2,0] link:p=0.135 o=1.000
frame=289 t=3300.2 wall=3300.3 interval=6.74 dt=6.74 cpu_prev=6.407 effect_us=131 action=3 since_click=1694.1 since_commit=1087.5 animating=true repaint=now source/Source:d=[1.017,1.017,1.017,1.017] c=[#c5a78d,#c9a58a,#caa88c,#c7a28a] rank=[0,2,1,3] relay/Relay:d=[1.017,1.017,1.017,1.017] c=[#c5a78d,#caa88c,#c7a28a,#c9a58a] rank=[0,1,3,2] header/Header:d=[1.017,1.017,1.017,1.017] c=[#c9a58a,#c7a28a,#caa88c,#c5a78d] rank=[2,3,1,0] result/Result:d=[1.017,1.017,1.017,1.017] c=[#caa88c,#c7a28a,#c9a58a,#c5a78d] rank=[1,3,2,0] link:p=0.114 o=1.000
frame=290 t=3307.0 wall=3307.0 interval=6.73 dt=6.73 cpu_prev=6.418 effect_us=126 action=3 since_click=1700.8 since_commit=1094.2 animating=true repaint=now source/Source:d=[1.014,1.014,1.014,1.014] c=[#c6a68c,#c8a58b,#c9a78c,#c7a28a] rank=[0,2,1,3] relay/Relay:d=[1.014,1.014,1.014,1.014] c=[#c6a68c,#c9a78c,#c7a28a,#c8a58b] rank=[0,1,3,2] header/Header:d=[1.014,1.014,1.014,1.014] c=[#c8a58b,#c7a28a,#c9a78c,#c6a68c] rank=[2,3,1,0] result/Result:d=[1.014,1.014,1.014,1.014] c=[#c9a78c,#c7a28a,#c8a58b,#c6a68c] rank=[1,3,2,0] link:p=0.094 o=1.000
frame=291 t=3313.9 wall=3313.9 interval=6.91 dt=6.91 cpu_prev=6.623 effect_us=128 action=3 since_click=1707.7 since_commit=1101.1 animating=true repaint=now source/Source:d=[1.011,1.011,1.011,1.011] c=[#c6a68c,#c8a58b,#c9a68c,#c7a38a] rank=[0,2,1,3] relay/Relay:d=[1.011,1.011,1.011,1.011] c=[#c6a68c,#c9a68c,#c7a38a,#c8a58b] rank=[0,1,3,2] header/Header:d=[1.011,1.011,1.011,1.011] c=[#c8a58b,#c7a38a,#c9a68c,#c6a68c] rank=[2,3,1,0] result/Result:d=[1.011,1.011,1.011,1.011] c=[#c9a68c,#c7a38a,#c8a58b,#c6a68c] rank=[1,3,2,0] link:p=0.073 o=1.000
frame=292 t=3321.2 wall=3321.3 interval=7.34 dt=7.33 cpu_prev=6.417 effect_us=124 action=3 since_click=1715.1 since_commit=1108.4 animating=true repaint=now source/Source:d=[1.008,1.008,1.008,1.008] c=[#c7a58c,#c8a48b,#c9a68c,#c8a38a] rank=[0,2,1,3] relay/Relay:d=[1.008,1.008,1.008,1.008] c=[#c7a58c,#c9a68c,#c8a38a,#c8a48b] rank=[0,1,3,2] header/Header:d=[1.008,1.008,1.008,1.008] c=[#c8a48b,#c8a38a,#c9a68c,#c7a58c] rank=[2,3,1,0] result/Result:d=[1.008,1.008,1.008,1.008] c=[#c9a68c,#c8a38a,#c8a48b,#c7a58c] rank=[1,3,2,0] link:p=0.051 o=1.000
frame=293 t=3329.4 wall=3329.4 interval=8.19 dt=8.19 cpu_prev=6.080 effect_us=123 action=3 since_click=1723.3 since_commit=1116.6 animating=true repaint=now source/Source:d=[1.004,1.004,1.004,1.004] c=[#c7a58b,#c8a48b,#c8a58b,#c8a48b] rank=[0,2,1,3] relay/Relay:d=[1.004,1.004,1.004,1.004] c=[#c7a58b,#c8a58b,#c8a48b,#c8a48b] rank=[0,1,3,2] header/Header:d=[1.004,1.004,1.004,1.004] c=[#c8a48b,#c8a48b,#c8a58b,#c7a58b] rank=[2,3,1,0] result/Result:d=[1.004,1.004,1.004,1.004] c=[#c8a58b,#c8a48b,#c8a48b,#c7a58b] rank=[1,3,2,0] link:p=0.026 o=1.000
frame=294 t=3337.7 wall=3337.8 interval=8.33 dt=8.32 cpu_prev=6.182 effect_us=126 action=3 since_click=1731.6 since_commit=1124.9 animating=true repaint=now source/Source:d=[1.000,1.000,1.000,1.000] c=[#c8a48b,#c8a48b,#c8a48b,#c8a48b] rank=[0,2,1,3] relay/Relay:d=[1.000,1.000,1.000,1.000] c=[#c8a48b,#c8a48b,#c8a48b,#c8a48b] rank=[0,1,3,2] header/Header:d=[1.000,1.000,1.000,1.000] c=[#c8a48b,#c8a48b,#c8a48b,#c8a48b] rank=[2,3,1,0] result/Result:d=[1.000,1.000,1.000,1.000] c=[#c8a48b,#c8a48b,#c8a48b,#c8a48b] rank=[1,3,2,0] link:p=0.000 o=1.000
frame=295 t=3351.9 wall=3351.9 interval=14.15 dt=14.16 cpu_prev=5.943 effect_us=151 action=3 since_click=1745.8 since_commit=1139.1 animating=false repaint=after(16ms) source/Source:d=[1.000,1.000,1.000,1.000] c=[#c8a48b,#c8a48b,#c8a48b,#c8a48b] rank=[0,2,1,3] relay/Relay:d=[1.000,1.000,1.000,1.000] c=[#c8a48b,#c8a48b,#c8a48b,#c8a48b] rank=[0,1,3,2] header/Header:d=[1.000,1.000,1.000,1.000] c=[#c8a48b,#c8a48b,#c8a48b,#c8a48b] rank=[2,3,1,0] result/Result:d=[1.000,1.000,1.000,1.000] c=[#c8a48b,#c8a48b,#c8a48b,#c8a48b] rank=[1,3,2,0] link:p=0.000 o=1.000
frame=296 t=3360.2 wall=3360.2 interval=8.31 dt=8.31 cpu_prev=6.398 effect_us=126 action=3 since_click=1754.1 since_commit=1147.4 animating=false repaint=after(8ms) source/Source:d=[1.000,1.000,1.000,1.000] c=[#c8a48b,#c8a48b,#c8a48b,#c8a48b] rank=[0,2,1,3] relay/Relay:d=[1.000,1.000,1.000,1.000] c=[#c8a48b,#c8a48b,#c8a48b,#c8a48b] rank=[0,1,3,2] header/Header:d=[1.000,1.000,1.000,1.000] c=[#c8a48b,#c8a48b,#c8a48b,#c8a48b] rank=[2,3,1,0] result/Result:d=[1.000,1.000,1.000,1.000] c=[#c8a48b,#c8a48b,#c8a48b,#c8a48b] rank=[1,3,2,0] link:p=0.000 o=1.000
frame=297 t=3367.2 wall=3367.2 interval=7.01 dt=7.00 cpu_prev=6.666 effect_us=111 action=3 since_click=1761.1 since_commit=1154.4 animating=false repaint=after(1ms) source/Source:d=[1.000,1.000,1.000,1.000] c=[#c8a48b,#c8a48b,#c8a48b,#c8a48b] rank=[0,2,1,3] relay/Relay:d=[1.000,1.000,1.000,1.000] c=[#c8a48b,#c8a48b,#c8a48b,#c8a48b] rank=[0,1,3,2] header/Header:d=[1.000,1.000,1.000,1.000] c=[#c8a48b,#c8a48b,#c8a48b,#c8a48b] rank=[2,3,1,0] result/Result:d=[1.000,1.000,1.000,1.000] c=[#c8a48b,#c8a48b,#c8a48b,#c8a48b] rank=[1,3,2,0] link:p=0.000 o=1.000
frame=298 t=3374.6 wall=3374.6 interval=7.37 dt=7.37 cpu_prev=7.080 effect_us=95 action=3 since_click=1768.4 since_commit=1161.8 animating=false repaint=none source/Source:d=[1.000,1.000,1.000,1.000] c=[#c8a48b,#c8a48b,#c8a48b,#c8a48b] rank=[0,2,1,3] header/Header:d=[1.000,1.000,1.000,1.000] c=[#c8a48b,#c8a48b,#c8a48b,#c8a48b] rank=[2,3,1,0] result/Result:d=[1.000,1.000,1.000,1.000] c=[#c8a48b,#c8a48b,#c8a48b,#c8a48b] rank=[1,3,2,0] link:p=0.000 o=1.000
frame=299 t=3381.7 wall=3381.7 interval=7.14 dt=7.13 cpu_prev=6.843 effect_us=99 action=3 since_click=1775.6 since_commit=1168.9 animating=false repaint=none source/Source:d=[1.000,1.000,1.000,1.000] c=[#c8a48b,#c8a48b,#c8a48b,#c8a48b] rank=[0,2,1,3] header/Header:d=[1.000,1.000,1.000,1.000] c=[#c8a48b,#c8a48b,#c8a48b,#c8a48b] rank=[2,3,1,0] result/Result:d=[1.000,1.000,1.000,1.000] c=[#c8a48b,#c8a48b,#c8a48b,#c8a48b] rank=[1,3,2,0] link:p=0.000 o=1.000
frame=300 t=3389.5 wall=3389.6 interval=7.84 dt=7.80 cpu_prev=7.396 effect_us=95 action=3 since_click=1783.4 since_commit=1176.7 animating=false repaint=none source/Source:d=[1.000,1.000,1.000,1.000] c=[#c8a48b,#c8a48b,#c8a48b,#c8a48b] rank=[0,2,1,3] header/Header:d=[1.000,1.000,1.000,1.000] c=[#c8a48b,#c8a48b,#c8a48b,#c8a48b] rank=[2,3,1,0] result/Result:d=[1.000,1.000,1.000,1.000] c=[#c8a48b,#c8a48b,#c8a48b,#c8a48b] rank=[1,3,2,0] link:p=0.000 o=1.000
frame=301 t=3396.5 wall=3396.6 interval=7.03 dt=7.03 cpu_prev=6.718 effect_us=97 action=3 since_click=1790.4 since_commit=1183.7 animating=false repaint=none source/Source:d=[1.000,1.000,1.000,1.000] c=[#c8a48b,#c8a48b,#c8a48b,#c8a48b] rank=[0,2,1,3] header/Header:d=[1.000,1.000,1.000,1.000] c=[#c8a48b,#c8a48b,#c8a48b,#c8a48b] rank=[2,3,1,0] result/Result:d=[1.000,1.000,1.000,1.000] c=[#c8a48b,#c8a48b,#c8a48b,#c8a48b] rank=[1,3,2,0] link:p=0.000 o=1.000
frame=302 t=3404.8 wall=3404.8 interval=8.22 dt=8.27 cpu_prev=7.564 effect_us=96 action=3 since_click=1798.7 since_commit=1192.0 animating=false repaint=none source/Source:d=[1.000,1.000,1.000,1.000] c=[#c8a48b,#c8a48b,#c8a48b,#c8a48b] rank=[0,2,1,3] header/Header:d=[1.000,1.000,1.000,1.000] c=[#c8a48b,#c8a48b,#c8a48b,#c8a48b] rank=[2,3,1,0] result/Result:d=[1.000,1.000,1.000,1.000] c=[#c8a48b,#c8a48b,#c8a48b,#c8a48b] rank=[1,3,2,0] link:p=0.000 o=1.000
frame=303 t=3413.0 wall=3413.1 interval=8.22 dt=8.22 cpu_prev=7.390 effect_us=97 action=3 since_click=1806.9 since_commit=1200.2 animating=false repaint=none source/Source:d=[1.000,1.000,1.000,1.000] c=[#c8a48b,#c8a48b,#c8a48b,#c8a48b] rank=[0,2,1,3] header/Header:d=[1.000,1.000,1.000,1.000] c=[#c8a48b,#c8a48b,#c8a48b,#c8a48b] rank=[2,3,1,0] result/Result:d=[1.000,1.000,1.000,1.000] c=[#c8a48b,#c8a48b,#c8a48b,#c8a48b] rank=[1,3,2,0] link:p=0.000 o=1.000
frame=304 t=3426.8 wall=3426.9 interval=13.80 dt=13.80 cpu_prev=3.708 effect_us=93 action=3 since_click=1820.7 since_commit=1214.0 animating=false repaint=none source/Source:d=[1.000,1.000,1.000,1.000] c=[#c8a48b,#c8a48b,#c8a48b,#c8a48b] rank=[0,2,1,3] header/Header:d=[1.000,1.000,1.000,1.000] c=[#c8a48b,#c8a48b,#c8a48b,#c8a48b] rank=[2,3,1,0] result/Result:d=[1.000,1.000,1.000,1.000] c=[#c8a48b,#c8a48b,#c8a48b,#c8a48b] rank=[1,3,2,0] link:p=0.000 o=1.000
frame=305 t=3435.1 wall=3435.0 interval=8.15 dt=8.29 cpu_prev=0.433 effect_us=92 action=3 since_click=1829.0 since_commit=1222.3 animating=false repaint=none source/Source:d=[1.000,1.000,1.000,1.000] c=[#c8a48b,#c8a48b,#c8a48b,#c8a48b] rank=[0,2,1,3] header/Header:d=[1.000,1.000,1.000,1.000] c=[#c8a48b,#c8a48b,#c8a48b,#c8a48b] rank=[2,3,1,0] result/Result:d=[1.000,1.000,1.000,1.000] c=[#c8a48b,#c8a48b,#c8a48b,#c8a48b] rank=[1,3,2,0] link:p=0.000 o=1.000
frame=306 t=3451.8 wall=3451.7 interval=16.69 dt=16.69 cpu_prev=0.213 effect_us=95 action=3 since_click=1845.7 since_commit=1239.0 animating=false repaint=none source/Source:d=[1.000,1.000,1.000,1.000] c=[#c8a48b,#c8a48b,#c8a48b,#c8a48b] rank=[0,2,1,3] header/Header:d=[1.000,1.000,1.000,1.000] c=[#c8a48b,#c8a48b,#c8a48b,#c8a48b] rank=[2,3,1,0] result/Result:d=[1.000,1.000,1.000,1.000] c=[#c8a48b,#c8a48b,#c8a48b,#c8a48b] rank=[1,3,2,0] link:p=0.000 o=1.000
frame=307 t=3468.7 wall=3468.6 interval=16.90 dt=16.90 cpu_prev=0.210 effect_us=95 action=3 since_click=1862.6 since_commit=1255.9 animating=false repaint=none source/Source:d=[1.000,1.000,1.000,1.000] c=[#c8a48b,#c8a48b,#c8a48b,#c8a48b] rank=[0,2,1,3] header/Header:d=[1.000,1.000,1.000,1.000] c=[#c8a48b,#c8a48b,#c8a48b,#c8a48b] rank=[2,3,1,0] result/Result:d=[1.000,1.000,1.000,1.000] c=[#c8a48b,#c8a48b,#c8a48b,#c8a48b] rank=[1,3,2,0] link:p=0.000 o=1.000
frame=308 t=3477.0 wall=3476.9 interval=8.34 dt=8.35 cpu_prev=0.301 effect_us=92 action=3 since_click=1870.9 since_commit=1264.2 animating=false repaint=none source/Source:d=[1.000,1.000,1.000,1.000] c=[#c8a48b,#c8a48b,#c8a48b,#c8a48b] rank=[0,2,1,3] header/Header:d=[1.000,1.000,1.000,1.000] c=[#c8a48b,#c8a48b,#c8a48b,#c8a48b] rank=[2,3,1,0] result/Result:d=[1.000,1.000,1.000,1.000] c=[#c8a48b,#c8a48b,#c8a48b,#c8a48b] rank=[1,3,2,0] link:p=0.000 o=1.000
frame=309 t=3479.2 wall=3479.1 interval=2.21 dt=2.21 cpu_prev=0.188 effect_us=96 action=3 since_click=1873.1 since_commit=1266.5 animating=false repaint=none source/Source:d=[1.000,1.000,1.000,1.000] c=[#c8a48b,#c8a48b,#c8a48b,#c8a48b] rank=[0,2,1,3] header/Header:d=[1.000,1.000,1.000,1.000] c=[#c8a48b,#c8a48b,#c8a48b,#c8a48b] rank=[2,3,1,0] result/Result:d=[1.000,1.000,1.000,1.000] c=[#c8a48b,#c8a48b,#c8a48b,#c8a48b] rank=[1,3,2,0] link:p=0.000 o=1.000
frame=310 t=3493.4 wall=3493.3 interval=14.18 dt=14.18 cpu_prev=0.188 effect_us=84 action=3 since_click=1887.3 since_commit=1280.6 animating=false repaint=none source/Source:d=[1.000,1.000,1.000,1.000] c=[#c8a48b,#c8a48b,#c8a48b,#c8a48b] rank=[0,2,1,3] header/Header:d=[1.000,1.000,1.000,1.000] c=[#c8a48b,#c8a48b,#c8a48b,#c8a48b] rank=[2,3,1,0] result/Result:d=[1.000,1.000,1.000,1.000] c=[#c8a48b,#c8a48b,#c8a48b,#c8a48b] rank=[1,3,2,0] link:p=0.000 o=1.000
frame=311 t=3501.7 wall=3501.6 interval=8.28 dt=8.28 cpu_prev=0.201 effect_us=92 action=3 since_click=1895.6 since_commit=1288.9 animating=false repaint=none source/Source:d=[1.000,1.000,1.000,1.000] c=[#c8a48b,#c8a48b,#c8a48b,#c8a48b] rank=[0,2,1,3] header/Header:d=[1.000,1.000,1.000,1.000] c=[#c8a48b,#c8a48b,#c8a48b,#c8a48b] rank=[2,3,1,0] result/Result:d=[1.000,1.000,1.000,1.000] c=[#c8a48b,#c8a48b,#c8a48b,#c8a48b] rank=[1,3,2,0] link:p=0.000 o=1.000
frame=312 t=3518.8 wall=3518.7 interval=17.09 dt=17.09 cpu_prev=0.172 effect_us=84 action=3 since_click=1912.7 since_commit=1306.0 animating=false repaint=none source/Source:d=[1.000,1.000,1.000,1.000] c=[#c8a48b,#c8a48b,#c8a48b,#c8a48b] rank=[0,2,1,3] header/Header:d=[1.000,1.000,1.000,1.000] c=[#c8a48b,#c8a48b,#c8a48b,#c8a48b] rank=[2,3,1,0] result/Result:d=[1.000,1.000,1.000,1.000] c=[#c8a48b,#c8a48b,#c8a48b,#c8a48b] rank=[1,3,2,0] link:p=0.000 o=1.000
frame=313 t=3535.2 wall=3535.1 interval=16.41 dt=16.41 cpu_prev=0.245 effect_us=96 action=3 since_click=1929.1 since_commit=1322.4 animating=false repaint=none source/Source:d=[1.000,1.000,1.000,1.000] c=[#c8a48b,#c8a48b,#c8a48b,#c8a48b] rank=[0,2,1,3] header/Header:d=[1.000,1.000,1.000,1.000] c=[#c8a48b,#c8a48b,#c8a48b,#c8a48b] rank=[2,3,1,0] result/Result:d=[1.000,1.000,1.000,1.000] c=[#c8a48b,#c8a48b,#c8a48b,#c8a48b] rank=[1,3,2,0] link:p=0.000 o=1.000
frame=314 t=3543.5 wall=3543.4 interval=8.25 dt=8.25 cpu_prev=0.251 effect_us=95 action=3 since_click=1937.3 since_commit=1330.7 animating=false repaint=none source/Source:d=[1.000,1.000,1.000,1.000] c=[#c8a48b,#c8a48b,#c8a48b,#c8a48b] rank=[0,2,1,3] header/Header:d=[1.000,1.000,1.000,1.000] c=[#c8a48b,#c8a48b,#c8a48b,#c8a48b] rank=[2,3,1,0] result/Result:d=[1.000,1.000,1.000,1.000] c=[#c8a48b,#c8a48b,#c8a48b,#c8a48b] rank=[1,3,2,0] link:p=0.000 o=1.000
frame=315 t=3560.5 wall=3560.4 interval=17.02 dt=17.02 cpu_prev=0.219 effect_us=90 action=3 since_click=1954.3 since_commit=1347.7 animating=false repaint=none source/Source:d=[1.000,1.000,1.000,1.000] c=[#c8a48b,#c8a48b,#c8a48b,#c8a48b] rank=[0,2,1,3] header/Header:d=[1.000,1.000,1.000,1.000] c=[#c8a48b,#c8a48b,#c8a48b,#c8a48b] rank=[2,3,1,0] result/Result:d=[1.000,1.000,1.000,1.000] c=[#c8a48b,#c8a48b,#c8a48b,#c8a48b] rank=[1,3,2,0] link:p=0.000 o=1.000
frame=316 t=3576.8 wall=3576.7 interval=16.35 dt=16.35 cpu_prev=0.263 effect_us=89 action=3 since_click=1970.7 since_commit=1364.0 animating=false repaint=none source/Source:d=[1.000,1.000,1.000,1.000] c=[#c8a48b,#c8a48b,#c8a48b,#c8a48b] rank=[0,2,1,3] header/Header:d=[1.000,1.000,1.000,1.000] c=[#c8a48b,#c8a48b,#c8a48b,#c8a48b] rank=[2,3,1,0] result/Result:d=[1.000,1.000,1.000,1.000] c=[#c8a48b,#c8a48b,#c8a48b,#c8a48b] rank=[1,3,2,0] link:p=0.000 o=1.000
frame=317 t=3585.3 wall=3585.2 interval=8.48 dt=8.48 cpu_prev=0.203 effect_us=92 action=3 since_click=1979.2 since_commit=1372.5 animating=false repaint=none source/Source:d=[1.000,1.000,1.000,1.000] c=[#c8a48b,#c8a48b,#c8a48b,#c8a48b] rank=[0,2,1,3] header/Header:d=[1.000,1.000,1.000,1.000] c=[#c8a48b,#c8a48b,#c8a48b,#c8a48b] rank=[2,3,1,0] result/Result:d=[1.000,1.000,1.000,1.000] c=[#c8a48b,#c8a48b,#c8a48b,#c8a48b] rank=[1,3,2,0] link:p=0.000 o=1.000
frame=318 t=3587.6 wall=3587.5 interval=2.27 dt=2.27 cpu_prev=0.183 effect_us=91 action=3 since_click=1981.4 since_commit=1374.8 animating=false repaint=none source/Source:d=[1.000,1.000,1.000,1.000] c=[#c8a48b,#c8a48b,#c8a48b,#c8a48b] rank=[0,2,1,3] header/Header:d=[1.000,1.000,1.000,1.000] c=[#c8a48b,#c8a48b,#c8a48b,#c8a48b] rank=[2,3,1,0] result/Result:d=[1.000,1.000,1.000,1.000] c=[#c8a48b,#c8a48b,#c8a48b,#c8a48b] rank=[1,3,2,0] link:p=0.000 o=1.000
frame=319 t=3601.9 wall=3601.8 interval=14.32 dt=14.32 cpu_prev=0.164 effect_us=101 action=3 since_click=1995.8 since_commit=1389.1 animating=false repaint=none source/Source:d=[1.000,1.000,1.000,1.000] c=[#c8a48b,#c8a48b,#c8a48b,#c8a48b] rank=[0,2,1,3] header/Header:d=[1.000,1.000,1.000,1.000] c=[#c8a48b,#c8a48b,#c8a48b,#c8a48b] rank=[2,3,1,0] result/Result:d=[1.000,1.000,1.000,1.000] c=[#c8a48b,#c8a48b,#c8a48b,#c8a48b] rank=[1,3,2,0] link:p=0.000 o=1.000
frame=320 t=3610.3 wall=3610.2 interval=8.36 dt=8.36 cpu_prev=0.257 effect_us=107 action=3 since_click=2004.1 since_commit=1397.5 animating=false repaint=none source/Source:d=[1.000,1.000,1.000,1.000] c=[#c8a48b,#c8a48b,#c8a48b,#c8a48b] rank=[0,2,1,3] header/Header:d=[1.000,1.000,1.000,1.000] c=[#c8a48b,#c8a48b,#c8a48b,#c8a48b] rank=[2,3,1,0] result/Result:d=[1.000,1.000,1.000,1.000] c=[#c8a48b,#c8a48b,#c8a48b,#c8a48b] rank=[1,3,2,0] link:p=0.000 o=1.000
frame=321 t=3613.3 wall=3613.2 interval=3.00 dt=3.00 cpu_prev=0.309 effect_us=122 action=3 since_click=2007.1 since_commit=1400.5 animating=false repaint=none source/Source:d=[1.000,1.000,1.000,1.000] c=[#c8a48b,#c8a48b,#c8a48b,#c8a48b] rank=[0,2,1,3] header/Header:d=[1.000,1.000,1.000,1.000] c=[#c8a48b,#c8a48b,#c8a48b,#c8a48b] rank=[2,3,1,0] result/Result:d=[1.000,1.000,1.000,1.000] c=[#c8a48b,#c8a48b,#c8a48b,#c8a48b] rank=[1,3,2,0] link:p=0.000 o=1.000
frame=322 t=3627.0 wall=3626.9 interval=13.69 dt=13.70 cpu_prev=0.336 effect_us=132 action=3 since_click=2020.8 since_commit=1414.2 animating=false repaint=none source/Source:d=[1.000,1.000,1.000,1.000] c=[#c8a48b,#c8a48b,#c8a48b,#c8a48b] rank=[0,2,1,3] header/Header:d=[1.000,1.000,1.000,1.000] c=[#c8a48b,#c8a48b,#c8a48b,#c8a48b] rank=[2,3,1,0] result/Result:d=[1.000,1.000,1.000,1.000] c=[#c8a48b,#c8a48b,#c8a48b,#c8a48b] rank=[1,3,2,0] link:p=0.000 o=1.000
frame=323 t=3635.6 wall=3635.5 interval=8.60 dt=8.60 cpu_prev=0.353 effect_us=113 action=3 since_click=2029.4 since_commit=1422.8 animating=false repaint=none source/Source:d=[1.000,1.000,1.000,1.000] c=[#c8a48b,#c8a48b,#c8a48b,#c8a48b] rank=[0,2,1,3] header/Header:d=[1.000,1.000,1.000,1.000] c=[#c8a48b,#c8a48b,#c8a48b,#c8a48b] rank=[2,3,1,0] result/Result:d=[1.000,1.000,1.000,1.000] c=[#c8a48b,#c8a48b,#c8a48b,#c8a48b] rank=[1,3,2,0] link:p=0.000 o=1.000
frame=324 t=3637.6 wall=3637.5 interval=2.07 dt=2.07 cpu_prev=0.303 effect_us=116 action=3 since_click=2031.5 since_commit=1424.8 animating=false repaint=none source/Source:d=[1.000,1.000,1.000,1.000] c=[#c8a48b,#c8a48b,#c8a48b,#c8a48b] rank=[0,2,1,3] header/Header:d=[1.000,1.000,1.000,1.000] c=[#c8a48b,#c8a48b,#c8a48b,#c8a48b] rank=[2,3,1,0] result/Result:d=[1.000,1.000,1.000,1.000] c=[#c8a48b,#c8a48b,#c8a48b,#c8a48b] rank=[1,3,2,0] link:p=0.000 o=1.000
frame=325 t=3652.2 wall=3652.1 interval=14.54 dt=14.54 cpu_prev=0.267 effect_us=108 action=3 since_click=2046.0 since_commit=1439.4 animating=false repaint=none source/Source:d=[1.000,1.000,1.000,1.000] c=[#c8a48b,#c8a48b,#c8a48b,#c8a48b] rank=[0,2,1,3] header/Header:d=[1.000,1.000,1.000,1.000] c=[#c8a48b,#c8a48b,#c8a48b,#c8a48b] rank=[2,3,1,0] result/Result:d=[1.000,1.000,1.000,1.000] c=[#c8a48b,#c8a48b,#c8a48b,#c8a48b] rank=[1,3,2,0] link:p=0.000 o=1.000
frame=326 t=3660.5 wall=3660.4 interval=8.37 dt=8.37 cpu_prev=0.293 effect_us=102 action=3 since_click=2054.4 since_commit=1447.7 animating=false repaint=none source/Source:d=[1.000,1.000,1.000,1.000] c=[#c8a48b,#c8a48b,#c8a48b,#c8a48b] rank=[0,2,1,3] header/Header:d=[1.000,1.000,1.000,1.000] c=[#c8a48b,#c8a48b,#c8a48b,#c8a48b] rank=[2,3,1,0] result/Result:d=[1.000,1.000,1.000,1.000] c=[#c8a48b,#c8a48b,#c8a48b,#c8a48b] rank=[1,3,2,0] link:p=0.000 o=1.000
frame=327 t=3662.6 wall=3662.6 interval=2.11 dt=2.11 cpu_prev=0.283 effect_us=99 action=3 since_click=2056.5 since_commit=1449.9 animating=false repaint=none source/Source:d=[1.000,1.000,1.000,1.000] c=[#c8a48b,#c8a48b,#c8a48b,#c8a48b] rank=[0,2,1,3] header/Header:d=[1.000,1.000,1.000,1.000] c=[#c8a48b,#c8a48b,#c8a48b,#c8a48b] rank=[2,3,1,0] result/Result:d=[1.000,1.000,1.000,1.000] c=[#c8a48b,#c8a48b,#c8a48b,#c8a48b] rank=[1,3,2,0] link:p=0.000 o=1.000
frame=328 t=3677.0 wall=3676.9 interval=14.34 dt=14.34 cpu_prev=0.247 effect_us=106 action=3 since_click=2070.8 since_commit=1464.2 animating=false repaint=none source/Source:d=[1.000,1.000,1.000,1.000] c=[#c8a48b,#c8a48b,#c8a48b,#c8a48b] rank=[0,2,1,3] header/Header:d=[1.000,1.000,1.000,1.000] c=[#c8a48b,#c8a48b,#c8a48b,#c8a48b] rank=[2,3,1,0] result/Result:d=[1.000,1.000,1.000,1.000] c=[#c8a48b,#c8a48b,#c8a48b,#c8a48b] rank=[1,3,2,0] link:p=0.000 o=1.000
frame=329 t=3685.2 wall=3685.2 interval=8.26 dt=8.26 cpu_prev=0.378 effect_us=91 action=3 since_click=2079.1 since_commit=1472.5 animating=false repaint=none source/Source:d=[1.000,1.000,1.000,1.000] c=[#c8a48b,#c8a48b,#c8a48b,#c8a48b] rank=[0,2,1,3] header/Header:d=[1.000,1.000,1.000,1.000] c=[#c8a48b,#c8a48b,#c8a48b,#c8a48b] rank=[2,3,1,0] result/Result:d=[1.000,1.000,1.000,1.000] c=[#c8a48b,#c8a48b,#c8a48b,#c8a48b] rank=[1,3,2,0] link:p=0.000 o=1.000
frame=330 t=3688.0 wall=3687.9 interval=2.79 dt=2.79 cpu_prev=0.263 effect_us=115 action=3 since_click=2081.9 since_commit=1475.2 animating=false repaint=none source/Source:d=[1.000,1.000,1.000,1.000] c=[#c8a48b,#c8a48b,#c8a48b,#c8a48b] rank=[0,2,1,3] header/Header:d=[1.000,1.000,1.000,1.000] c=[#c8a48b,#c8a48b,#c8a48b,#c8a48b] rank=[2,3,1,0] result/Result:d=[1.000,1.000,1.000,1.000] c=[#c8a48b,#c8a48b,#c8a48b,#c8a48b] rank=[1,3,2,0] link:p=0.000 o=1.000
frame=331 t=3701.9 wall=3701.8 interval=13.88 dt=13.88 cpu_prev=0.295 effect_us=100 action=3 since_click=2095.8 since_commit=1489.1 animating=false repaint=none source/Source:d=[1.000,1.000,1.000,1.000] c=[#c8a48b,#c8a48b,#c8a48b,#c8a48b] rank=[0,2,1,3] header/Header:d=[1.000,1.000,1.000,1.000] c=[#c8a48b,#c8a48b,#c8a48b,#c8a48b] rank=[2,3,1,0] result/Result:d=[1.000,1.000,1.000,1.000] c=[#c8a48b,#c8a48b,#c8a48b,#c8a48b] rank=[1,3,2,0] link:p=0.000 o=1.000
frame=332 t=3710.3 wall=3710.2 interval=8.34 dt=8.35 cpu_prev=0.286 effect_us=80 action=3 since_click=2104.1 since_commit=1497.5 animating=false repaint=none source/Source:d=[1.000,1.000,1.000,1.000] c=[#c8a48b,#c8a48b,#c8a48b,#c8a48b] rank=[0,2,1,3] header/Header:d=[1.000,1.000,1.000,1.000] c=[#c8a48b,#c8a48b,#c8a48b,#c8a48b] rank=[2,3,1,0] result/Result:d=[1.000,1.000,1.000,1.000] c=[#c8a48b,#c8a48b,#c8a48b,#c8a48b] rank=[1,3,2,0] link:p=0.000 o=1.000
frame=333 t=3714.1 wall=3714.0 interval=3.84 dt=3.84 cpu_prev=0.203 effect_us=91 action=3 since_click=2108.0 since_commit=1501.3 animating=false repaint=none source/Source:d=[1.000,1.000,1.000,1.000] c=[#c8a48b,#c8a48b,#c8a48b,#c8a48b] rank=[0,2,1,3] header/Header:d=[1.000,1.000,1.000,1.000] c=[#c8a48b,#c8a48b,#c8a48b,#c8a48b] rank=[2,3,1,0] result/Result:d=[1.000,1.000,1.000,1.000] c=[#c8a48b,#c8a48b,#c8a48b,#c8a48b] rank=[1,3,2,0] link:p=0.000 o=1.000
