# pixels_per_point=2 script=reduced rows=0
# rect header 0.0 0.0 880.0 56.0
# rect panel_b 278.0 68.0 868.0 482.0
# rect source_key 98.0 157.0 248.0 209.0
# rect panel_a 12.0 68.0 262.0 482.0
frame=1 t=17.2 wall=18.0 interval=- dt=17.24 cpu_prev=- effect_us=1 action=0 since_click=- since_commit=- animating=false repaint=none
frame=2 t=35.7 wall=35.6 interval=17.66 dt=18.47 cpu_prev=24.475 effect_us=1 action=0 since_click=- since_commit=- animating=false repaint=none
frame=3 t=54.9 wall=54.8 interval=19.18 dt=19.18 cpu_prev=0.314 effect_us=1 action=0 since_click=- since_commit=- animating=false repaint=none
frame=4 t=57.3 wall=57.2 interval=2.41 dt=2.41 cpu_prev=0.315 effect_us=1 action=0 since_click=- since_commit=- animating=false repaint=none
frame=5 t=73.9 wall=73.9 interval=16.65 dt=16.65 cpu_prev=0.153 effect_us=1 action=0 since_click=- since_commit=- animating=false repaint=none
frame=6 t=485.5 wall=485.5 interval=411.62 dt=411.61 cpu_prev=0.175 effect_us=2 action=0 since_click=- since_commit=- animating=false repaint=none
frame=7 t=486.7 wall=486.6 interval=1.13 dt=1.13 cpu_prev=0.458 effect_us=1 action=0 since_click=- since_commit=- animating=false repaint=none
frame=8 t=499.2 wall=499.1 interval=12.50 dt=12.50 cpu_prev=0.506 effect_us=1 action=0 since_click=- since_commit=- animating=false repaint=none
# pixels_per_point=2 script=reduced rows=0
# rect panel_a 12.0 68.0 262.0 482.0
# rect header 0.0 0.0 880.0 56.0
# rect panel_b 278.0 68.0 868.0 482.0
# rect source_key 98.0 157.0 248.0 209.0
# event t=507.2ms reduced_motion=true settle_now
frame=9 t=507.2 wall=507.2 interval=8.05 dt=8.06 cpu_prev=0.277 effect_us=1 action=0 since_click=- since_commit=- animating=false repaint=none
frame=10 t=925.8 wall=925.7 interval=418.58 dt=418.55 cpu_prev=0.150 effect_us=4 action=0 since_click=- since_commit=- animating=false repaint=none
frame=11 t=928.6 wall=928.6 interval=2.86 dt=2.86 cpu_prev=1.156 effect_us=2 action=0 since_click=- since_commit=- animating=false repaint=none
frame=12 t=930.6 wall=930.5 interval=1.94 dt=1.94 cpu_prev=0.705 effect_us=2 action=0 since_click=- since_commit=- animating=false repaint=none
frame=13 t=932.6 wall=932.6 interval=2.06 dt=2.05 cpu_prev=0.740 effect_us=2 action=0 since_click=- since_commit=- animating=false repaint=none
frame=14 t=936.4 wall=936.3 interval=3.72 dt=3.72 cpu_prev=0.682 effect_us=2 action=0 since_click=- since_commit=- animating=false repaint=none
frame=15 t=949.6 wall=949.6 interval=13.27 dt=13.26 cpu_prev=0.526 effect_us=3 action=0 since_click=- since_commit=- animating=false repaint=none
frame=16 t=955.2 wall=955.1 interval=5.58 dt=5.60 cpu_prev=0.629 effect_us=1 action=0 since_click=- since_commit=- animating=false repaint=none
frame=17 t=964.0 wall=963.9 interval=8.74 dt=8.74 cpu_prev=5.916 effect_us=2 action=0 since_click=- since_commit=- animating=false repaint=none
frame=18 t=975.4 wall=975.6 interval=11.67 dt=11.40 cpu_prev=11.113 effect_us=1 action=0 since_click=- since_commit=- animating=false repaint=none
frame=19 t=986.9 wall=987.0 interval=11.46 dt=11.54 cpu_prev=8.732 effect_us=1 action=0 since_click=- since_commit=- animating=false repaint=none
frame=20 t=995.4 wall=995.5 interval=8.50 dt=8.46 cpu_prev=8.157 effect_us=1 action=0 since_click=- since_commit=- animating=false repaint=none
# pixels_per_point=2 script=reduced rows=0
# rect source_key 98.0 157.0 248.0 209.0
# rect header 0.0 0.0 880.0 56.0
# rect panel_a 12.0 68.0 262.0 482.0
# rect panel_b 278.0 68.0 868.0 482.0
# event t=1004.0ms click action=1 wall=1008.1
frame=21 t=1004.0 wall=1004.1 interval=8.62 dt=8.67 cpu_prev=8.380 effect_us=42 action=1 since_click=0.0 since_commit=- animating=false repaint=none source/Source(pending):d=[0.720,0.720,0.720,0.720] c=[#c8a48b,#c8a48b,#c8a48b,#c8a48b] rank=[0,2,1,3]
frame=22 t=1012.0 wall=1012.2 interval=8.03 dt=7.98 cpu_prev=7.675 effect_us=43 action=1 since_click=8.0 since_commit=- animating=false repaint=none source/Source(pending):d=[0.720,0.720,0.720,0.720] c=[#c8a48b,#c8a48b,#c8a48b,#c8a48b] rank=[0,2,1,3]
frame=23 t=1019.8 wall=1019.9 interval=7.70 dt=7.77 cpu_prev=7.559 effect_us=37 action=1 since_click=15.8 since_commit=- animating=false repaint=none source/Source(pending):d=[0.720,0.720,0.720,0.720] c=[#c8a48b,#c8a48b,#c8a48b,#c8a48b] rank=[0,2,1,3]
frame=24 t=1027.0 wall=1027.1 interval=7.22 dt=7.20 cpu_prev=6.892 effect_us=36 action=1 since_click=23.0 since_commit=- animating=false repaint=none source/Source(pending):d=[0.720,0.720,0.720,0.720] c=[#c8a48b,#c8a48b,#c8a48b,#c8a48b] rank=[0,2,1,3]
frame=25 t=1035.4 wall=1035.5 interval=8.39 dt=8.43 cpu_prev=7.059 effect_us=35 action=1 since_click=31.4 since_commit=- animating=false repaint=none source/Source(pending):d=[0.720,0.720,0.720,0.720] c=[#c8a48b,#c8a48b,#c8a48b,#c8a48b] rank=[0,2,1,3]
frame=26 t=1047.0 wall=1047.2 interval=11.68 dt=11.64 cpu_prev=11.317 effect_us=37 action=1 since_click=43.0 since_commit=- animating=false repaint=none source/Source(pending):d=[0.720,0.720,0.720,0.720] c=[#c8a48b,#c8a48b,#c8a48b,#c8a48b] rank=[0,2,1,3]
frame=27 t=1053.9 wall=1054.0 interval=6.80 dt=6.85 cpu_prev=6.589 effect_us=34 action=1 since_click=49.9 since_commit=- animating=false repaint=none source/Source(pending):d=[0.720,0.720,0.720,0.720] c=[#c8a48b,#c8a48b,#c8a48b,#c8a48b] rank=[0,2,1,3]
frame=28 t=1061.1 wall=1061.2 interval=7.26 dt=7.24 cpu_prev=6.974 effect_us=33 action=1 since_click=57.1 since_commit=- animating=false repaint=none source/Source(pending):d=[0.720,0.720,0.720,0.720] c=[#c8a48b,#c8a48b,#c8a48b,#c8a48b] rank=[0,2,1,3]
frame=29 t=1068.6 wall=1068.7 interval=7.48 dt=7.50 cpu_prev=6.296 effect_us=32 action=1 since_click=64.6 since_commit=- animating=false repaint=none source/Source(pending):d=[0.720,0.720,0.720,0.720] c=[#c8a48b,#c8a48b,#c8a48b,#c8a48b] rank=[0,2,1,3]
frame=30 t=1077.4 wall=1077.5 interval=8.75 dt=8.73 cpu_prev=6.291 effect_us=33 action=1 since_click=73.3 since_commit=- animating=false repaint=none source/Source(pending):d=[0.720,0.720,0.720,0.720] c=[#c8a48b,#c8a48b,#c8a48b,#c8a48b] rank=[0,2,1,3]
frame=31 t=1090.0 wall=1090.0 interval=12.59 dt=12.63 cpu_prev=12.322 effect_us=30 action=1 since_click=86.0 since_commit=- animating=false repaint=none source/Source(pending):d=[0.720,0.720,0.720,0.720] c=[#c8a48b,#c8a48b,#c8a48b,#c8a48b] rank=[0,2,1,3]
frame=32 t=1096.0 wall=1096.1 interval=6.07 dt=6.04 cpu_prev=5.765 effect_us=30 action=1 since_click=92.0 since_commit=- animating=false repaint=none source/Source(pending):d=[0.720,0.720,0.720,0.720] c=[#c8a48b,#c8a48b,#c8a48b,#c8a48b] rank=[0,2,1,3]
frame=33 t=1102.7 wall=1102.8 interval=6.64 dt=6.67 cpu_prev=6.411 effect_us=29 action=1 since_click=98.7 since_commit=- animating=false repaint=none source/Source(pending):d=[0.720,0.720,0.720,0.720] c=[#c8a48b,#c8a48b,#c8a48b,#c8a48b] rank=[0,2,1,3]
frame=34 t=1110.0 wall=1110.1 interval=7.32 dt=7.30 cpu_prev=6.007 effect_us=29 action=1 since_click=106.0 since_commit=- animating=false repaint=none source/Source(pending):d=[0.720,0.720,0.720,0.720] c=[#c8a48b,#c8a48b,#c8a48b,#c8a48b] rank=[0,2,1,3]
frame=35 t=1118.9 wall=1118.9 interval=8.85 dt=8.87 cpu_prev=6.132 effect_us=31 action=1 since_click=114.8 since_commit=- animating=false repaint=none source/Source(pending):d=[0.720,0.720,0.720,0.720] c=[#c8a48b,#c8a48b,#c8a48b,#c8a48b] rank=[0,2,1,3]
frame=36 t=1127.4 wall=1127.5 interval=8.54 dt=8.52 cpu_prev=6.192 effect_us=29 action=1 since_click=123.4 since_commit=- animating=false repaint=none source/Source(pending):d=[0.720,0.720,0.720,0.720] c=[#c8a48b,#c8a48b,#c8a48b,#c8a48b] rank=[0,2,1,3]
frame=37 t=1135.0 wall=1135.1 interval=7.63 dt=7.65 cpu_prev=6.822 effect_us=29 action=1 since_click=131.0 since_commit=- animating=false repaint=none source/Source(pending):d=[0.720,0.720,0.720,0.720] c=[#c8a48b,#c8a48b,#c8a48b,#c8a48b] rank=[0,2,1,3]
frame=38 t=1143.9 wall=1144.0 interval=8.87 dt=8.85 cpu_prev=6.022 effect_us=29 action=1 since_click=139.9 since_commit=- animating=false repaint=none source/Source(pending):d=[0.720,0.720,0.720,0.720] c=[#c8a48b,#c8a48b,#c8a48b,#c8a48b] rank=[0,2,1,3]
frame=39 t=1152.4 wall=1152.5 interval=8.54 dt=8.56 cpu_prev=5.990 effect_us=34 action=1 since_click=148.4 since_commit=- animating=false repaint=none source/Source(pending):d=[0.720,0.720,0.720,0.720] c=[#c8a48b,#c8a48b,#c8a48b,#c8a48b] rank=[0,2,1,3]
frame=40 t=1159.9 wall=1159.9 interval=7.44 dt=7.42 cpu_prev=6.260 effect_us=29 action=1 since_click=155.8 since_commit=- animating=false repaint=none source/Source(pending):d=[0.720,0.720,0.720,0.720] c=[#c8a48b,#c8a48b,#c8a48b,#c8a48b] rank=[0,2,1,3]
frame=41 t=1169.4 wall=1169.5 interval=9.56 dt=9.59 cpu_prev=6.117 effect_us=32 action=1 since_click=165.4 since_commit=- animating=false repaint=none source/Source(pending):d=[0.720,0.720,0.720,0.720] c=[#c8a48b,#c8a48b,#c8a48b,#c8a48b] rank=[0,2,1,3]
frame=42 t=1177.4 wall=1177.5 interval=7.96 dt=7.93 cpu_prev=6.017 effect_us=34 action=1 since_click=173.3 since_commit=- animating=false repaint=none source/Source(pending):d=[0.720,0.720,0.720,0.720] c=[#c8a48b,#c8a48b,#c8a48b,#c8a48b] rank=[0,2,1,3]
frame=43 t=1185.1 wall=1185.2 interval=7.70 dt=7.73 cpu_prev=6.392 effect_us=30 action=1 since_click=181.1 since_commit=- animating=false repaint=none source/Source(pending):d=[0.720,0.720,0.720,0.720] c=[#c8a48b,#c8a48b,#c8a48b,#c8a48b] rank=[0,2,1,3]
frame=44 t=1193.3 wall=1193.4 interval=8.21 dt=8.19 cpu_prev=6.690 effect_us=29 action=1 since_click=189.3 since_commit=- animating=false repaint=none source/Source(pending):d=[0.720,0.720,0.720,0.720] c=[#c8a48b,#c8a48b,#c8a48b,#c8a48b] rank=[0,2,1,3]
frame=45 t=1201.5 wall=1201.5 interval=8.17 dt=8.19 cpu_prev=6.222 effect_us=34 action=1 since_click=197.5 since_commit=- animating=false repaint=none source/Source(pending):d=[0.720,0.720,0.720,0.720] c=[#c8a48b,#c8a48b,#c8a48b,#c8a48b] rank=[0,2,1,3]
frame=46 t=1209.8 wall=1209.9 interval=8.39 dt=8.36 cpu_prev=6.365 effect_us=30 action=1 since_click=205.8 since_commit=- animating=false repaint=none source/Source(pending):d=[0.720,0.720,0.720,0.720] c=[#c8a48b,#c8a48b,#c8a48b,#c8a48b] rank=[0,2,1,3]
frame=47 t=1223.9 wall=1224.0 interval=14.06 dt=14.10 cpu_prev=5.916 effect_us=31 action=1 since_click=219.9 since_commit=- animating=false repaint=none source/Source(pending):d=[0.720,0.720,0.720,0.720] c=[#c8a48b,#c8a48b,#c8a48b,#c8a48b] rank=[0,2,1,3]
frame=48 t=1232.2 wall=1232.3 interval=8.32 dt=8.31 cpu_prev=6.543 effect_us=29 action=1 since_click=228.2 since_commit=- animating=false repaint=none source/Source(pending):d=[0.720,0.720,0.720,0.720] c=[#c8a48b,#c8a48b,#c8a48b,#c8a48b] rank=[0,2,1,3]
frame=49 t=1238.6 wall=1238.7 interval=6.36 dt=6.38 cpu_prev=6.115 effect_us=32 action=1 since_click=234.6 since_commit=- animating=false repaint=none source/Source(pending):d=[0.720,0.720,0.720,0.720] c=[#c8a48b,#c8a48b,#c8a48b,#c8a48b] rank=[0,2,1,3]
frame=50 t=1248.5 wall=1248.6 interval=9.94 dt=9.90 cpu_prev=9.618 effect_us=34 action=1 since_click=244.5 since_commit=- animating=false repaint=none source/Source(pending):d=[0.720,0.720,0.720,0.720] c=[#c8a48b,#c8a48b,#c8a48b,#c8a48b] rank=[0,2,1,3]
frame=51 t=1256.2 wall=1256.2 interval=7.63 dt=7.66 cpu_prev=7.362 effect_us=31 action=1 since_click=252.1 since_commit=- animating=false repaint=none source/Source(pending):d=[0.720,0.720,0.720,0.720] c=[#c8a48b,#c8a48b,#c8a48b,#c8a48b] rank=[0,2,1,3]
frame=52 t=1262.7 wall=1262.9 interval=6.66 dt=6.55 cpu_prev=6.253 effect_us=34 action=1 since_click=258.7 since_commit=- animating=false repaint=none source/Source(pending):d=[0.720,0.720,0.720,0.720] c=[#c8a48b,#c8a48b,#c8a48b,#c8a48b] rank=[0,2,1,3]
frame=53 t=1270.5 wall=1270.6 interval=7.73 dt=7.81 cpu_prev=7.435 effect_us=34 action=1 since_click=266.5 since_commit=- animating=false repaint=none source/Source(pending):d=[0.720,0.720,0.720,0.720] c=[#c8a48b,#c8a48b,#c8a48b,#c8a48b] rank=[0,2,1,3]
frame=54 t=1278.8 wall=1278.9 interval=8.31 dt=8.31 cpu_prev=8.051 effect_us=32 action=1 since_click=274.8 since_commit=- animating=false repaint=none source/Source(pending):d=[0.720,0.720,0.720,0.720] c=[#c8a48b,#c8a48b,#c8a48b,#c8a48b] rank=[0,2,1,3]
frame=55 t=1285.8 wall=1285.8 interval=6.89 dt=6.92 cpu_prev=6.662 effect_us=44 action=1 since_click=281.7 since_commit=- animating=false repaint=none source/Source(pending):d=[0.720,0.720,0.720,0.720] c=[#c8a48b,#c8a48b,#c8a48b,#c8a48b] rank=[0,2,1,3]
frame=56 t=1293.3 wall=1293.4 interval=7.53 dt=7.51 cpu_prev=6.579 effect_us=33 action=1 since_click=289.2 since_commit=- animating=false repaint=none source/Source(pending):d=[0.720,0.720,0.720,0.720] c=[#c8a48b,#c8a48b,#c8a48b,#c8a48b] rank=[0,2,1,3]
frame=57 t=1301.3 wall=1301.4 interval=8.01 dt=8.03 cpu_prev=6.095 effect_us=32 action=1 since_click=297.3 since_commit=- animating=false repaint=none source/Source(pending):d=[0.720,0.720,0.720,0.720] c=[#c8a48b,#c8a48b,#c8a48b,#c8a48b] rank=[0,2,1,3]
frame=58 t=1309.7 wall=1309.8 interval=8.44 dt=8.41 cpu_prev=7.918 effect_us=33 action=1 since_click=305.7 since_commit=- animating=false repaint=none source/Source(pending):d=[0.720,0.720,0.720,0.720] c=[#c8a48b,#c8a48b,#c8a48b,#c8a48b] rank=[0,2,1,3]
frame=59 t=1324.0 wall=1324.1 interval=14.26 dt=14.28 cpu_prev=6.022 effect_us=35 action=1 since_click=320.0 since_commit=- animating=false repaint=none source/Source(pending):d=[0.720,0.720,0.720,0.720] c=[#c8a48b,#c8a48b,#c8a48b,#c8a48b] rank=[0,2,1,3]
frame=60 t=1332.2 wall=1332.3 interval=8.26 dt=8.24 cpu_prev=6.935 effect_us=34 action=1 since_click=328.2 since_commit=- animating=false repaint=none source/Source(pending):d=[0.720,0.720,0.720,0.720] c=[#c8a48b,#c8a48b,#c8a48b,#c8a48b] rank=[0,2,1,3]
frame=61 t=1339.0 wall=1339.1 interval=6.78 dt=6.80 cpu_prev=6.536 effect_us=30 action=1 since_click=335.0 since_commit=- animating=false repaint=none source/Source(pending):d=[0.720,0.720,0.720,0.720] c=[#c8a48b,#c8a48b,#c8a48b,#c8a48b] rank=[0,2,1,3]
frame=62 t=1346.0 wall=1346.1 interval=6.99 dt=6.97 cpu_prev=6.658 effect_us=31 action=1 since_click=342.0 since_commit=- animating=false repaint=none source/Source(pending):d=[0.720,0.720,0.720,0.720] c=[#c8a48b,#c8a48b,#c8a48b,#c8a48b] rank=[0,2,1,3]
frame=63 t=1353.5 wall=1353.6 interval=7.47 dt=7.49 cpu_prev=7.243 effect_us=31 action=1 since_click=349.5 since_commit=- animating=false repaint=none source/Source(pending):d=[0.720,0.720,0.720,0.720] c=[#c8a48b,#c8a48b,#c8a48b,#c8a48b] rank=[0,2,1,3]
frame=64 t=1360.3 wall=1360.4 interval=6.82 dt=6.78 cpu_prev=6.503 effect_us=30 action=1 since_click=356.3 since_commit=- animating=false repaint=none source/Source(pending):d=[0.720,0.720,0.720,0.720] c=[#c8a48b,#c8a48b,#c8a48b,#c8a48b] rank=[0,2,1,3]
frame=65 t=1368.9 wall=1369.0 interval=8.60 dt=8.62 cpu_prev=5.938 effect_us=30 action=1 since_click=364.9 since_commit=- animating=false repaint=none source/Source(pending):d=[0.720,0.720,0.720,0.720] c=[#c8a48b,#c8a48b,#c8a48b,#c8a48b] rank=[0,2,1,3]
frame=66 t=1376.7 wall=1376.8 interval=7.78 dt=7.76 cpu_prev=6.546 effect_us=29 action=1 since_click=372.6 since_commit=- animating=false repaint=none source/Source(pending):d=[0.720,0.720,0.720,0.720] c=[#c8a48b,#c8a48b,#c8a48b,#c8a48b] rank=[0,2,1,3]
frame=67 t=1384.9 wall=1385.0 interval=8.26 dt=8.28 cpu_prev=6.317 effect_us=29 action=1 since_click=380.9 since_commit=- animating=false repaint=none source/Source(pending):d=[0.720,0.720,0.720,0.720] c=[#c8a48b,#c8a48b,#c8a48b,#c8a48b] rank=[0,2,1,3]
frame=68 t=1393.4 wall=1393.5 interval=8.45 dt=8.43 cpu_prev=7.571 effect_us=34 action=1 since_click=389.3 since_commit=- animating=false repaint=none source/Source(pending):d=[0.720,0.720,0.720,0.720] c=[#c8a48b,#c8a48b,#c8a48b,#c8a48b] rank=[0,2,1,3]
frame=69 t=1404.1 wall=1404.2 interval=10.71 dt=10.72 cpu_prev=10.417 effect_us=35 action=1 since_click=400.1 since_commit=- animating=false repaint=none source/Source(pending):d=[0.720,0.720,0.720,0.720] c=[#c8a48b,#c8a48b,#c8a48b,#c8a48b] rank=[0,2,1,3]
frame=70 t=1412.1 wall=1412.2 interval=8.06 dt=8.03 cpu_prev=7.739 effect_us=33 action=1 since_click=408.1 since_commit=- animating=false repaint=none source/Source(pending):d=[0.720,0.720,0.720,0.720] c=[#c8a48b,#c8a48b,#c8a48b,#c8a48b] rank=[0,2,1,3]
frame=71 t=1419.1 wall=1419.2 interval=6.93 dt=6.96 cpu_prev=6.702 effect_us=31 action=1 since_click=415.1 since_commit=- animating=false repaint=none source/Source(pending):d=[0.720,0.720,0.720,0.720] c=[#c8a48b,#c8a48b,#c8a48b,#c8a48b] rank=[0,2,1,3]
frame=72 t=1429.0 wall=1429.1 interval=9.94 dt=9.90 cpu_prev=9.600 effect_us=31 action=1 since_click=425.0 since_commit=- animating=false repaint=none source/Source(pending):d=[0.720,0.720,0.720,0.720] c=[#c8a48b,#c8a48b,#c8a48b,#c8a48b] rank=[0,2,1,3]
frame=73 t=1436.7 wall=1436.8 interval=7.72 dt=7.74 cpu_prev=7.418 effect_us=31 action=1 since_click=432.7 since_commit=- animating=false repaint=none source/Source(pending):d=[0.720,0.720,0.720,0.720] c=[#c8a48b,#c8a48b,#c8a48b,#c8a48b] rank=[0,2,1,3]
frame=74 t=1444.2 wall=1444.3 interval=7.52 dt=7.51 cpu_prev=7.261 effect_us=35 action=1 since_click=440.2 since_commit=- animating=false repaint=none source/Source(pending):d=[0.720,0.720,0.720,0.720] c=[#c8a48b,#c8a48b,#c8a48b,#c8a48b] rank=[0,2,1,3]
frame=75 t=1453.6 wall=1453.7 interval=9.32 dt=9.35 cpu_prev=9.072 effect_us=35 action=1 since_click=449.6 since_commit=- animating=false repaint=none source/Source(pending):d=[0.720,0.720,0.720,0.720] c=[#c8a48b,#c8a48b,#c8a48b,#c8a48b] rank=[0,2,1,3]
frame=76 t=1475.6 wall=1475.7 interval=22.04 dt=22.00 cpu_prev=21.707 effect_us=29 action=1 since_click=471.6 since_commit=- animating=false repaint=none source/Source(pending):d=[0.720,0.720,0.720,0.720] c=[#c8a48b,#c8a48b,#c8a48b,#c8a48b] rank=[0,2,1,3]
frame=77 t=1490.7 wall=1490.8 interval=15.08 dt=15.11 cpu_prev=5.681 effect_us=36 action=1 since_click=486.7 since_commit=- animating=false repaint=none source/Source(pending):d=[0.720,0.720,0.720,0.720] c=[#c8a48b,#c8a48b,#c8a48b,#c8a48b] rank=[0,2,1,3]
frame=78 t=1499.0 wall=1499.1 interval=8.35 dt=8.29 cpu_prev=6.339 effect_us=31 action=1 since_click=495.0 since_commit=- animating=false repaint=none source/Source(pending):d=[0.720,0.720,0.720,0.720] c=[#c8a48b,#c8a48b,#c8a48b,#c8a48b] rank=[0,2,1,3]
frame=79 t=1507.6 wall=1507.6 interval=8.51 dt=8.57 cpu_prev=8.236 effect_us=34 action=1 since_click=503.5 since_commit=- animating=false repaint=none source/Source(pending):d=[0.720,0.720,0.720,0.720] c=[#c8a48b,#c8a48b,#c8a48b,#c8a48b] rank=[0,2,1,3]
frame=80 t=1518.2 wall=1518.3 interval=10.65 dt=10.63 cpu_prev=10.349 effect_us=29 action=1 since_click=514.2 since_commit=- animating=false repaint=none source/Source(pending):d=[0.720,0.720,0.720,0.720] c=[#c8a48b,#c8a48b,#c8a48b,#c8a48b] rank=[0,2,1,3]
frame=81 t=1533.2 wall=1533.3 interval=15.03 dt=15.05 cpu_prev=14.774 effect_us=34 action=1 since_click=529.2 since_commit=- animating=false repaint=none source/Source(pending):d=[0.720,0.720,0.720,0.720] c=[#c8a48b,#c8a48b,#c8a48b,#c8a48b] rank=[0,2,1,3]
frame=82 t=1540.6 wall=1540.7 interval=7.42 dt=7.38 cpu_prev=6.964 effect_us=33 action=1 since_click=536.6 since_commit=- animating=false repaint=none source/Source(pending):d=[0.720,0.720,0.720,0.720] c=[#c8a48b,#c8a48b,#c8a48b,#c8a48b] rank=[0,2,1,3]
frame=83 t=1547.9 wall=1547.9 interval=7.21 dt=7.25 cpu_prev=6.951 effect_us=36 action=1 since_click=543.8 since_commit=- animating=false repaint=none source/Source(pending):d=[0.720,0.720,0.720,0.720] c=[#c8a48b,#c8a48b,#c8a48b,#c8a48b] rank=[0,2,1,3]
frame=84 t=1555.0 wall=1555.1 interval=7.17 dt=7.12 cpu_prev=6.799 effect_us=34 action=1 since_click=551.0 since_commit=- animating=false repaint=none source/Source(pending):d=[0.720,0.720,0.720,0.720] c=[#c8a48b,#c8a48b,#c8a48b,#c8a48b] rank=[0,2,1,3]
frame=85 t=1561.8 wall=1561.9 interval=6.75 dt=6.80 cpu_prev=6.593 effect_us=33 action=1 since_click=557.8 since_commit=- animating=false repaint=none source/Source(pending):d=[0.720,0.720,0.720,0.720] c=[#c8a48b,#c8a48b,#c8a48b,#c8a48b] rank=[0,2,1,3]
frame=86 t=1568.8 wall=1568.9 interval=7.02 dt=6.99 cpu_prev=6.648 effect_us=34 action=1 since_click=564.8 since_commit=- animating=false repaint=none source/Source(pending):d=[0.720,0.720,0.720,0.720] c=[#c8a48b,#c8a48b,#c8a48b,#c8a48b] rank=[0,2,1,3]
frame=87 t=1576.4 wall=1576.5 interval=7.61 dt=7.63 cpu_prev=6.907 effect_us=35 action=1 since_click=572.4 since_commit=- animating=false repaint=none source/Source(pending):d=[0.720,0.720,0.720,0.720] c=[#c8a48b,#c8a48b,#c8a48b,#c8a48b] rank=[0,2,1,3]
frame=88 t=1584.7 wall=1584.8 interval=8.26 dt=8.24 cpu_prev=7.074 effect_us=33 action=1 since_click=580.6 since_commit=- animating=false repaint=none source/Source(pending):d=[0.720,0.720,0.720,0.720] c=[#c8a48b,#c8a48b,#c8a48b,#c8a48b] rank=[0,2,1,3]
frame=89 t=1593.5 wall=1593.5 interval=8.75 dt=8.80 cpu_prev=6.793 effect_us=35 action=1 since_click=589.4 since_commit=- animating=false repaint=none source/Source(pending):d=[0.720,0.720,0.720,0.720] c=[#c8a48b,#c8a48b,#c8a48b,#c8a48b] rank=[0,2,1,3]
frame=90 t=1601.7 wall=1601.8 interval=8.32 dt=8.27 cpu_prev=6.892 effect_us=35 action=1 since_click=597.7 since_commit=- animating=false repaint=none source/Source(pending):d=[0.720,0.720,0.720,0.720] c=[#c8a48b,#c8a48b,#c8a48b,#c8a48b] rank=[0,2,1,3]
# pixels_per_point=2 script=reduced rows=0
# rect header 0.0 0.0 880.0 56.0
# rect source_key 98.0 157.0 248.0 209.0
# rect panel_a 12.0 68.0 262.0 482.0
# rect panel_b 278.0 68.0 868.0 482.0
# event t=1610.0ms commit action=1 (worker sent at wall 1613.2 ms)
frame=91 t=1610.0 wall=1610.1 interval=8.32 dt=8.31 cpu_prev=7.202 effect_us=132 action=1 since_click=606.0 since_commit=0.0 animating=false repaint=after(1155ms) source/Source:d=[1.000,1.000,1.000,1.000] c=[#c8a48b,#c8a48b,#c8a48b,#c8a48b] rank=[0,2,1,3] relay/Relay:d=[1.000,1.000,1.000,1.000] c=[#c8a48b,#c8a48b,#c8a48b,#c8a48b] rank=[0,1,3,2] header/Header:d=[1.000,1.000,1.000,1.000] c=[#c8a48b,#c8a48b,#c8a48b,#c8a48b] rank=[2,3,1,0] result/Result:d=[1.000,1.000,1.000,1.000] c=[#c8a48b,#c8a48b,#c8a48b,#c8a48b] rank=[1,3,2,0] link:p=0.000 o=1.000
frame=92 t=1618.4 wall=1618.5 interval=8.32 dt=8.33 cpu_prev=7.203 effect_us=132 action=1 since_click=614.3 since_commit=8.3 animating=false repaint=after(1147ms) source/Source:d=[1.000,1.000,1.000,1.000] c=[#c8a48b,#c8a48b,#c8a48b,#c8a48b] rank=[0,2,1,3] relay/Relay:d=[1.000,1.000,1.000,1.000] c=[#c8a48b,#c8a48b,#c8a48b,#c8a48b] rank=[0,1,3,2] header/Header:d=[1.000,1.000,1.000,1.000] c=[#c8a48b,#c8a48b,#c8a48b,#c8a48b] rank=[2,3,1,0] result/Result:d=[1.000,1.000,1.000,1.000] c=[#c8a48b,#c8a48b,#c8a48b,#c8a48b] rank=[1,3,2,0] link:p=0.000 o=1.000
frame=93 t=1626.6 wall=1626.7 interval=8.24 dt=8.27 cpu_prev=7.103 effect_us=146 action=1 since_click=622.6 since_commit=16.6 animating=false repaint=after(1138ms) source/Source:d=[1.000,1.000,1.000,1.000] c=[#c8a48b,#c8a48b,#c8a48b,#c8a48b] rank=[0,2,1,3] relay/Relay:d=[1.000,1.000,1.000,1.000] c=[#c8a48b,#c8a48b,#c8a48b,#c8a48b] rank=[0,1,3,2] header/Header:d=[1.000,1.000,1.000,1.000] c=[#c8a48b,#c8a48b,#c8a48b,#c8a48b] rank=[2,3,1,0] result/Result:d=[1.000,1.000,1.000,1.000] c=[#c8a48b,#c8a48b,#c8a48b,#c8a48b] rank=[1,3,2,0] link:p=0.000 o=1.000
frame=94 t=1635.8 wall=1635.9 interval=9.18 dt=9.15 cpu_prev=8.521 effect_us=131 action=1 since_click=631.8 since_commit=25.7 animating=false repaint=after(1129ms) source/Source:d=[1.000,1.000,1.000,1.000] c=[#c8a48b,#c8a48b,#c8a48b,#c8a48b] rank=[0,2,1,3] relay/Relay:d=[1.000,1.000,1.000,1.000] c=[#c8a48b,#c8a48b,#c8a48b,#c8a48b] rank=[0,1,3,2] header/Header:d=[1.000,1.000,1.000,1.000] c=[#c8a48b,#c8a48b,#c8a48b,#c8a48b] rank=[2,3,1,0] result/Result:d=[1.000,1.000,1.000,1.000] c=[#c8a48b,#c8a48b,#c8a48b,#c8a48b] rank=[1,3,2,0] link:p=0.000 o=1.000
frame=95 t=1643.7 wall=1643.7 interval=7.86 dt=7.88 cpu_prev=7.435 effect_us=133 action=1 since_click=639.6 since_commit=33.6 animating=false repaint=after(1121ms) source/Source:d=[1.000,1.000,1.000,1.000] c=[#c8a48b,#c8a48b,#c8a48b,#c8a48b] rank=[0,2,1,3] relay/Relay:d=[1.000,1.000,1.000,1.000] c=[#c8a48b,#c8a48b,#c8a48b,#c8a48b] rank=[0,1,3,2] header/Header:d=[1.000,1.000,1.000,1.000] c=[#c8a48b,#c8a48b,#c8a48b,#c8a48b] rank=[2,3,1,0] result/Result:d=[1.000,1.000,1.000,1.000] c=[#c8a48b,#c8a48b,#c8a48b,#c8a48b] rank=[1,3,2,0] link:p=0.000 o=1.000
frame=96 t=1651.8 wall=1652.0 interval=8.23 dt=8.14 cpu_prev=7.640 effect_us=133 action=1 since_click=647.8 since_commit=41.8 animating=false repaint=after(1113ms) source/Source:d=[1.000,1.000,1.000,1.000] c=[#c8a48b,#c8a48b,#c8a48b,#c8a48b] rank=[0,2,1,3] relay/Relay:d=[1.000,1.000,1.000,1.000] c=[#c8a48b,#c8a48b,#c8a48b,#c8a48b] rank=[0,1,3,2] header/Header:d=[1.000,1.000,1.000,1.000] c=[#c8a48b,#c8a48b,#c8a48b,#c8a48b] rank=[2,3,1,0] result/Result:d=[1.000,1.000,1.000,1.000] c=[#c8a48b,#c8a48b,#c8a48b,#c8a48b] rank=[1,3,2,0] link:p=0.000 o=1.000
frame=97 t=1660.2 wall=1660.3 interval=8.38 dt=8.40 cpu_prev=7.750 effect_us=139 action=1 since_click=656.2 since_commit=50.2 animating=false repaint=after(1105ms) source/Source:d=[1.000,1.000,1.000,1.000] c=[#c8a48b,#c8a48b,#c8a48b,#c8a48b] rank=[0,2,1,3] relay/Relay:d=[1.000,1.000,1.000,1.000] c=[#c8a48b,#c8a48b,#c8a48b,#c8a48b] rank=[0,1,3,2] header/Header:d=[1.000,1.000,1.000,1.000] c=[#c8a48b,#c8a48b,#c8a48b,#c8a48b] rank=[2,3,1,0] result/Result:d=[1.000,1.000,1.000,1.000] c=[#c8a48b,#c8a48b,#c8a48b,#c8a48b] rank=[1,3,2,0] link:p=0.000 o=1.000
frame=98 t=1668.5 wall=1668.6 interval=8.28 dt=8.24 cpu_prev=7.924 effect_us=128 action=1 since_click=664.4 since_commit=58.4 animating=false repaint=after(1097ms) source/Source:d=[1.000,1.000,1.000,1.000] c=[#c8a48b,#c8a48b,#c8a48b,#c8a48b] rank=[0,2,1,3] relay/Relay:d=[1.000,1.000,1.000,1.000] c=[#c8a48b,#c8a48b,#c8a48b,#c8a48b] rank=[0,1,3,2] header/Header:d=[1.000,1.000,1.000,1.000] c=[#c8a48b,#c8a48b,#c8a48b,#c8a48b] rank=[2,3,1,0] result/Result:d=[1.000,1.000,1.000,1.000] c=[#c8a48b,#c8a48b,#c8a48b,#c8a48b] rank=[1,3,2,0] link:p=0.000 o=1.000
frame=99 t=1677.2 wall=1677.3 interval=8.67 dt=8.75 cpu_prev=7.773 effect_us=128 action=1 since_click=673.2 since_commit=67.2 animating=false repaint=after(1088ms) source/Source:d=[1.000,1.000,1.000,1.000] c=[#c8a48b,#c8a48b,#c8a48b,#c8a48b] rank=[0,2,1,3] relay/Relay:d=[1.000,1.000,1.000,1.000] c=[#c8a48b,#c8a48b,#c8a48b,#c8a48b] rank=[0,1,3,2] header/Header:d=[1.000,1.000,1.000,1.000] c=[#c8a48b,#c8a48b,#c8a48b,#c8a48b] rank=[2,3,1,0] result/Result:d=[1.000,1.000,1.000,1.000] c=[#c8a48b,#c8a48b,#c8a48b,#c8a48b] rank=[1,3,2,0] link:p=0.000 o=1.000
frame=100 t=1685.7 wall=1685.8 interval=8.47 dt=8.44 cpu_prev=7.787 effect_us=133 action=1 since_click=681.6 since_commit=75.6 animating=false repaint=after(1079ms) source/Source:d=[1.000,1.000,1.000,1.000] c=[#c8a48b,#c8a48b,#c8a48b,#c8a48b] rank=[0,2,1,3] relay/Relay:d=[1.000,1.000,1.000,1.000] c=[#c8a48b,#c8a48b,#c8a48b,#c8a48b] rank=[0,1,3,2] header/Header:d=[1.000,1.000,1.000,1.000] c=[#c8a48b,#c8a48b,#c8a48b,#c8a48b] rank=[2,3,1,0] result/Result:d=[1.000,1.000,1.000,1.000] c=[#c8a48b,#c8a48b,#c8a48b,#c8a48b] rank=[1,3,2,0] link:p=0.000 o=1.000
frame=101 t=1694.7 wall=1694.8 interval=9.06 dt=9.05 cpu_prev=8.360 effect_us=130 action=1 since_click=690.7 since_commit=84.7 animating=false repaint=after(1070ms) source/Source:d=[1.000,1.000,1.000,1.000] c=[#c8a48b,#c8a48b,#c8a48b,#c8a48b] rank=[0,2,1,3] relay/Relay:d=[1.000,1.000,1.000,1.000] c=[#c8a48b,#c8a48b,#c8a48b,#c8a48b] rank=[0,1,3,2] header/Header:d=[1.000,1.000,1.000,1.000] c=[#c8a48b,#c8a48b,#c8a48b,#c8a48b] rank=[2,3,1,0] result/Result:d=[1.000,1.000,1.000,1.000] c=[#c8a48b,#c8a48b,#c8a48b,#c8a48b] rank=[1,3,2,0] link:p=0.000 o=1.000
frame=102 t=1702.8 wall=1703.0 interval=8.15 dt=8.13 cpu_prev=7.762 effect_us=128 action=1 since_click=698.8 since_commit=92.8 animating=false repaint=after(1062ms) source/Source:d=[1.000,1.000,1.000,1.000] c=[#c8a48b,#c8a48b,#c8a48b,#c8a48b] rank=[0,2,1,3] relay/Relay:d=[1.000,1.000,1.000,1.000] c=[#c8a48b,#c8a48b,#c8a48b,#c8a48b] rank=[0,1,3,2] header/Header:d=[1.000,1.000,1.000,1.000] c=[#c8a48b,#c8a48b,#c8a48b,#c8a48b] rank=[2,3,1,0] result/Result:d=[1.000,1.000,1.000,1.000] c=[#c8a48b,#c8a48b,#c8a48b,#c8a48b] rank=[1,3,2,0] link:p=0.000 o=1.000
frame=103 t=1711.4 wall=1711.5 interval=8.51 dt=8.57 cpu_prev=7.897 effect_us=135 action=1 since_click=707.4 since_commit=101.4 animating=false repaint=after(1054ms) source/Source:d=[1.000,1.000,1.000,1.000] c=[#c8a48b,#c8a48b,#c8a48b,#c8a48b] rank=[0,2,1,3] relay/Relay:d=[1.000,1.000,1.000,1.000] c=[#c8a48b,#c8a48b,#c8a48b,#c8a48b] rank=[0,1,3,2] header/Header:d=[1.000,1.000,1.000,1.000] c=[#c8a48b,#c8a48b,#c8a48b,#c8a48b] rank=[2,3,1,0] result/Result:d=[1.000,1.000,1.000,1.000] c=[#c8a48b,#c8a48b,#c8a48b,#c8a48b] rank=[1,3,2,0] link:p=0.000 o=1.000
frame=104 t=1720.3 wall=1720.4 interval=8.94 dt=8.92 cpu_prev=8.240 effect_us=128 action=1 since_click=716.3 since_commit=110.3 animating=false repaint=after(1045ms) source/Source:d=[1.000,1.000,1.000,1.000] c=[#c8a48b,#c8a48b,#c8a48b,#c8a48b] rank=[0,2,1,3] relay/Relay:d=[1.000,1.000,1.000,1.000] c=[#c8a48b,#c8a48b,#c8a48b,#c8a48b] rank=[0,1,3,2] header/Header:d=[1.000,1.000,1.000,1.000] c=[#c8a48b,#c8a48b,#c8a48b,#c8a48b] rank=[2,3,1,0] result/Result:d=[1.000,1.000,1.000,1.000] c=[#c8a48b,#c8a48b,#c8a48b,#c8a48b] rank=[1,3,2,0] link:p=0.000 o=1.000
frame=105 t=1732.1 wall=1732.2 interval=11.77 dt=11.80 cpu_prev=9.701 effect_us=132 action=1 since_click=728.1 since_commit=122.1 animating=false repaint=after(1033ms) source/Source:d=[1.000,1.000,1.000,1.000] c=[#c8a48b,#c8a48b,#c8a48b,#c8a48b] rank=[0,2,1,3] relay/Relay:d=[1.000,1.000,1.000,1.000] c=[#c8a48b,#c8a48b,#c8a48b,#c8a48b] rank=[0,1,3,2] header/Header:d=[1.000,1.000,1.000,1.000] c=[#c8a48b,#c8a48b,#c8a48b,#c8a48b] rank=[2,3,1,0] result/Result:d=[1.000,1.000,1.000,1.000] c=[#c8a48b,#c8a48b,#c8a48b,#c8a48b] rank=[1,3,2,0] link:p=0.000 o=1.000
frame=106 t=1745.1 wall=1745.3 interval=13.10 dt=13.03 cpu_prev=12.521 effect_us=147 action=1 since_click=741.1 since_commit=135.1 animating=false repaint=after(1020ms) source/Source:d=[1.000,1.000,1.000,1.000] c=[#c8a48b,#c8a48b,#c8a48b,#c8a48b] rank=[0,2,1,3] relay/Relay:d=[1.000,1.000,1.000,1.000] c=[#c8a48b,#c8a48b,#c8a48b,#c8a48b] rank=[0,1,3,2] header/Header:d=[1.000,1.000,1.000,1.000] c=[#c8a48b,#c8a48b,#c8a48b,#c8a48b] rank=[2,3,1,0] result/Result:d=[1.000,1.000,1.000,1.000] c=[#c8a48b,#c8a48b,#c8a48b,#c8a48b] rank=[1,3,2,0] link:p=0.000 o=1.000
frame=107 t=1754.0 wall=1754.1 interval=8.78 dt=8.82 cpu_prev=8.443 effect_us=130 action=1 since_click=749.9 since_commit=143.9 animating=false repaint=after(1011ms) source/Source:d=[1.000,1.000,1.000,1.000] c=[#c8a48b,#c8a48b,#c8a48b,#c8a48b] rank=[0,2,1,3] relay/Relay:d=[1.000,1.000,1.000,1.000] c=[#c8a48b,#c8a48b,#c8a48b,#c8a48b] rank=[0,1,3,2] header/Header:d=[1.000,1.000,1.000,1.000] c=[#c8a48b,#c8a48b,#c8a48b,#c8a48b] rank=[2,3,1,0] result/Result:d=[1.000,1.000,1.000,1.000] c=[#c8a48b,#c8a48b,#c8a48b,#c8a48b] rank=[1,3,2,0] link:p=0.000 o=1.000
frame=108 t=1762.7 wall=1762.8 interval=8.73 dt=8.70 cpu_prev=8.287 effect_us=130 action=1 since_click=758.6 since_commit=152.6 animating=false repaint=after(1002ms) source/Source:d=[1.000,1.000,1.000,1.000] c=[#c8a48b,#c8a48b,#c8a48b,#c8a48b] rank=[0,2,1,3] relay/Relay:d=[1.000,1.000,1.000,1.000] c=[#c8a48b,#c8a48b,#c8a48b,#c8a48b] rank=[0,1,3,2] header/Header:d=[1.000,1.000,1.000,1.000] c=[#c8a48b,#c8a48b,#c8a48b,#c8a48b] rank=[2,3,1,0] result/Result:d=[1.000,1.000,1.000,1.000] c=[#c8a48b,#c8a48b,#c8a48b,#c8a48b] rank=[1,3,2,0] link:p=0.000 o=1.000
frame=109 t=1770.8 wall=1770.8 interval=8.03 dt=8.10 cpu_prev=7.733 effect_us=128 action=1 since_click=766.7 since_commit=160.7 animating=false repaint=after(994ms) source/Source:d=[1.000,1.000,1.000,1.000] c=[#c8a48b,#c8a48b,#c8a48b,#c8a48b] rank=[0,2,1,3] relay/Relay:d=[1.000,1.000,1.000,1.000] c=[#c8a48b,#c8a48b,#c8a48b,#c8a48b] rank=[0,1,3,2] header/Header:d=[1.000,1.000,1.000,1.000] c=[#c8a48b,#c8a48b,#c8a48b,#c8a48b] rank=[2,3,1,0] result/Result:d=[1.000,1.000,1.000,1.000] c=[#c8a48b,#c8a48b,#c8a48b,#c8a48b] rank=[1,3,2,0] link:p=0.000 o=1.000
frame=110 t=1779.9 wall=1780.1 interval=9.22 dt=9.13 cpu_prev=8.377 effect_us=132 action=1 since_click=775.9 since_commit=169.8 animating=false repaint=after(985ms) source/Source:d=[1.000,1.000,1.000,1.000] c=[#c8a48b,#c8a48b,#c8a48b,#c8a48b] rank=[0,2,1,3] relay/Relay:d=[1.000,1.000,1.000,1.000] c=[#c8a48b,#c8a48b,#c8a48b,#c8a48b] rank=[0,1,3,2] header/Header:d=[1.000,1.000,1.000,1.000] c=[#c8a48b,#c8a48b,#c8a48b,#c8a48b] rank=[2,3,1,0] result/Result:d=[1.000,1.000,1.000,1.000] c=[#c8a48b,#c8a48b,#c8a48b,#c8a48b] rank=[1,3,2,0] link:p=0.000 o=1.000
frame=111 t=1789.2 wall=1789.3 interval=9.29 dt=9.31 cpu_prev=8.408 effect_us=129 action=1 since_click=785.2 since_commit=179.2 animating=false repaint=after(976ms) source/Source:d=[1.000,1.000,1.000,1.000] c=[#c8a48b,#c8a48b,#c8a48b,#c8a48b] rank=[0,2,1,3] relay/Relay:d=[1.000,1.000,1.000,1.000] c=[#c8a48b,#c8a48b,#c8a48b,#c8a48b] rank=[0,1,3,2] header/Header:d=[1.000,1.000,1.000,1.000] c=[#c8a48b,#c8a48b,#c8a48b,#c8a48b] rank=[2,3,1,0] result/Result:d=[1.000,1.000,1.000,1.000] c=[#c8a48b,#c8a48b,#c8a48b,#c8a48b] rank=[1,3,2,0] link:p=0.000 o=1.000
frame=112 t=1797.2 wall=1797.3 interval=8.00 dt=8.01 cpu_prev=7.619 effect_us=130 action=1 since_click=793.2 since_commit=187.2 animating=false repaint=after(968ms) source/Source:d=[1.000,1.000,1.000,1.000] c=[#c8a48b,#c8a48b,#c8a48b,#c8a48b] rank=[0,2,1,3] relay/Relay:d=[1.000,1.000,1.000,1.000] c=[#c8a48b,#c8a48b,#c8a48b,#c8a48b] rank=[0,1,3,2] header/Header:d=[1.000,1.000,1.000,1.000] c=[#c8a48b,#c8a48b,#c8a48b,#c8a48b] rank=[2,3,1,0] result/Result:d=[1.000,1.000,1.000,1.000] c=[#c8a48b,#c8a48b,#c8a48b,#c8a48b] rank=[1,3,2,0] link:p=0.000 o=1.000
frame=113 t=1805.6 wall=1805.7 interval=8.34 dt=8.42 cpu_prev=8.118 effect_us=127 action=1 since_click=801.6 since_commit=195.6 animating=false repaint=after(959ms) source/Source:d=[1.000,1.000,1.000,1.000] c=[#c8a48b,#c8a48b,#c8a48b,#c8a48b] rank=[0,2,1,3] relay/Relay:d=[1.000,1.000,1.000,1.000] c=[#c8a48b,#c8a48b,#c8a48b,#c8a48b] rank=[0,1,3,2] header/Header:d=[1.000,1.000,1.000,1.000] c=[#c8a48b,#c8a48b,#c8a48b,#c8a48b] rank=[2,3,1,0] result/Result:d=[1.000,1.000,1.000,1.000] c=[#c8a48b,#c8a48b,#c8a48b,#c8a48b] rank=[1,3,2,0] link:p=0.000 o=1.000
frame=114 t=1813.8 wall=1814.0 interval=8.29 dt=8.21 cpu_prev=7.789 effect_us=132 action=1 since_click=809.8 since_commit=203.8 animating=false repaint=after(951ms) source/Source:d=[1.000,1.000,1.000,1.000] c=[#c8a48b,#c8a48b,#c8a48b,#c8a48b] rank=[0,2,1,3] relay/Relay:d=[1.000,1.000,1.000,1.000] c=[#c8a48b,#c8a48b,#c8a48b,#c8a48b] rank=[0,1,3,2] header/Header:d=[1.000,1.000,1.000,1.000] c=[#c8a48b,#c8a48b,#c8a48b,#c8a48b] rank=[2,3,1,0] result/Result:d=[1.000,1.000,1.000,1.000] c=[#c8a48b,#c8a48b,#c8a48b,#c8a48b] rank=[1,3,2,0] link:p=0.000 o=1.000
frame=115 t=1826.3 wall=1826.4 interval=12.45 dt=12.50 cpu_prev=11.978 effect_us=128 action=1 since_click=822.3 since_commit=216.3 animating=false repaint=after(939ms) source/Source:d=[1.000,1.000,1.000,1.000] c=[#c8a48b,#c8a48b,#c8a48b,#c8a48b] rank=[0,2,1,3] relay/Relay:d=[1.000,1.000,1.000,1.000] c=[#c8a48b,#c8a48b,#c8a48b,#c8a48b] rank=[0,1,3,2] header/Header:d=[1.000,1.000,1.000,1.000] c=[#c8a48b,#c8a48b,#c8a48b,#c8a48b] rank=[2,3,1,0] result/Result:d=[1.000,1.000,1.000,1.000] c=[#c8a48b,#c8a48b,#c8a48b,#c8a48b] rank=[1,3,2,0] link:p=0.000 o=1.000
frame=116 t=1835.1 wall=1835.2 interval=8.77 dt=8.77 cpu_prev=8.212 effect_us=128 action=1 since_click=831.1 since_commit=225.1 animating=false repaint=after(930ms) source/Source:d=[1.000,1.000,1.000,1.000] c=[#c8a48b,#c8a48b,#c8a48b,#c8a48b] rank=[0,2,1,3] relay/Relay:d=[1.000,1.000,1.000,1.000] c=[#c8a48b,#c8a48b,#c8a48b,#c8a48b] rank=[0,1,3,2] header/Header:d=[1.000,1.000,1.000,1.000] c=[#c8a48b,#c8a48b,#c8a48b,#c8a48b] rank=[2,3,1,0] result/Result:d=[1.000,1.000,1.000,1.000] c=[#c8a48b,#c8a48b,#c8a48b,#c8a48b] rank=[1,3,2,0] link:p=0.000 o=1.000
frame=117 t=1843.5 wall=1843.5 interval=8.32 dt=8.36 cpu_prev=7.327 effect_us=130 action=1 since_click=839.4 since_commit=233.4 animating=false repaint=after(922ms) source/Source:d=[1.000,1.000,1.000,1.000] c=[#c8a48b,#c8a48b,#c8a48b,#c8a48b] rank=[0,2,1,3] relay/Relay:d=[1.000,1.000,1.000,1.000] c=[#c8a48b,#c8a48b,#c8a48b,#c8a48b] rank=[0,1,3,2] header/Header:d=[1.000,1.000,1.000,1.000] c=[#c8a48b,#c8a48b,#c8a48b,#c8a48b] rank=[2,3,1,0] result/Result:d=[1.000,1.000,1.000,1.000] c=[#c8a48b,#c8a48b,#c8a48b,#c8a48b] rank=[1,3,2,0] link:p=0.000 o=1.000
frame=118 t=1853.0 wall=1853.1 interval=9.59 dt=9.50 cpu_prev=9.028 effect_us=137 action=1 since_click=848.9 since_commit=242.9 animating=false repaint=after(912ms) source/Source:d=[1.000,1.000,1.000,1.000] c=[#c8a48b,#c8a48b,#c8a48b,#c8a48b] rank=[0,2,1,3] relay/Relay:d=[1.000,1.000,1.000,1.000] c=[#c8a48b,#c8a48b,#c8a48b,#c8a48b] rank=[0,1,3,2] header/Header:d=[1.000,1.000,1.000,1.000] c=[#c8a48b,#c8a48b,#c8a48b,#c8a48b] rank=[2,3,1,0] result/Result:d=[1.000,1.000,1.000,1.000] c=[#c8a48b,#c8a48b,#c8a48b,#c8a48b] rank=[1,3,2,0] link:p=0.000 o=1.000
frame=119 t=1861.5 wall=1861.6 interval=8.45 dt=8.51 cpu_prev=8.125 effect_us=129 action=1 since_click=857.4 since_commit=251.4 animating=false repaint=after(904ms) source/Source:d=[1.000,1.000,1.000,1.000] c=[#c8a48b,#c8a48b,#c8a48b,#c8a48b] rank=[0,2,1,3] relay/Relay:d=[1.000,1.000,1.000,1.000] c=[#c8a48b,#c8a48b,#c8a48b,#c8a48b] rank=[0,1,3,2] header/Header:d=[1.000,1.000,1.000,1.000] c=[#c8a48b,#c8a48b,#c8a48b,#c8a48b] rank=[2,3,1,0] result/Result:d=[1.000,1.000,1.000,1.000] c=[#c8a48b,#c8a48b,#c8a48b,#c8a48b] rank=[1,3,2,0] link:p=0.000 o=1.000
frame=120 t=1870.7 wall=1870.9 interval=9.30 dt=9.24 cpu_prev=8.374 effect_us=133 action=1 since_click=866.7 since_commit=260.7 animating=false repaint=after(894ms) source/Source:d=[1.000,1.000,1.000,1.000] c=[#c8a48b,#c8a48b,#c8a48b,#c8a48b] rank=[0,2,1,3] relay/Relay:d=[1.000,1.000,1.000,1.000] c=[#c8a48b,#c8a48b,#c8a48b,#c8a48b] rank=[0,1,3,2] header/Header:d=[1.000,1.000,1.000,1.000] c=[#c8a48b,#c8a48b,#c8a48b,#c8a48b] rank=[2,3,1,0] result/Result:d=[1.000,1.000,1.000,1.000] c=[#c8a48b,#c8a48b,#c8a48b,#c8a48b] rank=[1,3,2,0] link:p=0.000 o=1.000
frame=121 t=1912.1 wall=1912.2 interval=41.30 dt=41.39 cpu_prev=40.998 effect_us=134 action=1 since_click=908.1 since_commit=302.1 animating=false repaint=after(853ms) source/Source:d=[1.000,1.000,1.000,1.000] c=[#c8a48b,#c8a48b,#c8a48b,#c8a48b] rank=[0,2,1,3] relay/Relay:d=[1.000,1.000,1.000,1.000] c=[#c8a48b,#c8a48b,#c8a48b,#c8a48b] rank=[0,1,3,2] header/Header:d=[1.000,1.000,1.000,1.000] c=[#c8a48b,#c8a48b,#c8a48b,#c8a48b] rank=[2,3,1,0] result/Result:d=[1.000,1.000,1.000,1.000] c=[#c8a48b,#c8a48b,#c8a48b,#c8a48b] rank=[1,3,2,0] link:p=0.000 o=1.000
frame=122 t=1922.8 wall=1923.0 interval=10.86 dt=10.73 cpu_prev=10.225 effect_us=133 action=1 since_click=918.8 since_commit=312.8 animating=false repaint=after(842ms) source/Source:d=[1.000,1.000,1.000,1.000] c=[#c8a48b,#c8a48b,#c8a48b,#c8a48b] rank=[0,2,1,3] relay/Relay:d=[1.000,1.000,1.000,1.000] c=[#c8a48b,#c8a48b,#c8a48b,#c8a48b] rank=[0,1,3,2] header/Header:d=[1.000,1.000,1.000,1.000] c=[#c8a48b,#c8a48b,#c8a48b,#c8a48b] rank=[2,3,1,0] result/Result:d=[1.000,1.000,1.000,1.000] c=[#c8a48b,#c8a48b,#c8a48b,#c8a48b] rank=[1,3,2,0] link:p=0.000 o=1.000
frame=123 t=1933.7 wall=1933.7 interval=10.70 dt=10.83 cpu_prev=10.036 effect_us=130 action=1 since_click=929.6 since_commit=323.6 animating=false repaint=after(831ms) source/Source:d=[1.000,1.000,1.000,1.000] c=[#c8a48b,#c8a48b,#c8a48b,#c8a48b] rank=[0,2,1,3] relay/Relay:d=[1.000,1.000,1.000,1.000] c=[#c8a48b,#c8a48b,#c8a48b,#c8a48b] rank=[0,1,3,2] header/Header:d=[1.000,1.000,1.000,1.000] c=[#c8a48b,#c8a48b,#c8a48b,#c8a48b] rank=[2,3,1,0] result/Result:d=[1.000,1.000,1.000,1.000] c=[#c8a48b,#c8a48b,#c8a48b,#c8a48b] rank=[1,3,2,0] link:p=0.000 o=1.000
frame=124 t=1943.9 wall=1944.1 interval=10.34 dt=10.29 cpu_prev=9.797 effect_us=126 action=1 since_click=939.9 since_commit=333.9 animating=false repaint=after(821ms) source/Source:d=[1.000,1.000,1.000,1.000] c=[#c8a48b,#c8a48b,#c8a48b,#c8a48b] rank=[0,2,1,3] relay/Relay:d=[1.000,1.000,1.000,1.000] c=[#c8a48b,#c8a48b,#c8a48b,#c8a48b] rank=[0,1,3,2] header/Header:d=[1.000,1.000,1.000,1.000] c=[#c8a48b,#c8a48b,#c8a48b,#c8a48b] rank=[2,3,1,0] result/Result:d=[1.000,1.000,1.000,1.000] c=[#c8a48b,#c8a48b,#c8a48b,#c8a48b] rank=[1,3,2,0] link:p=0.000 o=1.000
frame=125 t=1951.8 wall=1951.9 interval=7.81 dt=7.85 cpu_prev=7.202 effect_us=129 action=1 since_click=947.8 since_commit=341.8 animating=false repaint=after(813ms) source/Source:d=[1.000,1.000,1.000,1.000] c=[#c8a48b,#c8a48b,#c8a48b,#c8a48b] rank=[0,2,1,3] relay/Relay:d=[1.000,1.000,1.000,1.000] c=[#c8a48b,#c8a48b,#c8a48b,#c8a48b] rank=[0,1,3,2] header/Header:d=[1.000,1.000,1.000,1.000] c=[#c8a48b,#c8a48b,#c8a48b,#c8a48b] rank=[2,3,1,0] result/Result:d=[1.000,1.000,1.000,1.000] c=[#c8a48b,#c8a48b,#c8a48b,#c8a48b] rank=[1,3,2,0] link:p=0.000 o=1.000
frame=126 t=1961.5 wall=1961.6 interval=9.77 dt=9.71 cpu_prev=9.185 effect_us=126 action=1 since_click=957.5 since_commit=351.5 animating=false repaint=after(804ms) source/Source:d=[1.000,1.000,1.000,1.000] c=[#c8a48b,#c8a48b,#c8a48b,#c8a48b] rank=[0,2,1,3] relay/Relay:d=[1.000,1.000,1.000,1.000] c=[#c8a48b,#c8a48b,#c8a48b,#c8a48b] rank=[0,1,3,2] header/Header:d=[1.000,1.000,1.000,1.000] c=[#c8a48b,#c8a48b,#c8a48b,#c8a48b] rank=[2,3,1,0] result/Result:d=[1.000,1.000,1.000,1.000] c=[#c8a48b,#c8a48b,#c8a48b,#c8a48b] rank=[1,3,2,0] link:p=0.000 o=1.000
frame=127 t=1975.2 wall=1975.3 interval=13.64 dt=13.69 cpu_prev=13.344 effect_us=125 action=1 since_click=971.2 since_commit=365.2 animating=false repaint=after(790ms) source/Source:d=[1.000,1.000,1.000,1.000] c=[#c8a48b,#c8a48b,#c8a48b,#c8a48b] rank=[0,2,1,3] relay/Relay:d=[1.000,1.000,1.000,1.000] c=[#c8a48b,#c8a48b,#c8a48b,#c8a48b] rank=[0,1,3,2] header/Header:d=[1.000,1.000,1.000,1.000] c=[#c8a48b,#c8a48b,#c8a48b,#c8a48b] rank=[2,3,1,0] result/Result:d=[1.000,1.000,1.000,1.000] c=[#c8a48b,#c8a48b,#c8a48b,#c8a48b] rank=[1,3,2,0] link:p=0.000 o=1.000
frame=128 t=1985.1 wall=1985.2 interval=9.95 dt=9.87 cpu_prev=8.909 effect_us=129 action=1 since_click=981.0 since_commit=375.0 animating=false repaint=after(780ms) source/Source:d=[1.000,1.000,1.000,1.000] c=[#c8a48b,#c8a48b,#c8a48b,#c8a48b] rank=[0,2,1,3] relay/Relay:d=[1.000,1.000,1.000,1.000] c=[#c8a48b,#c8a48b,#c8a48b,#c8a48b] rank=[0,1,3,2] header/Header:d=[1.000,1.000,1.000,1.000] c=[#c8a48b,#c8a48b,#c8a48b,#c8a48b] rank=[2,3,1,0] result/Result:d=[1.000,1.000,1.000,1.000] c=[#c8a48b,#c8a48b,#c8a48b,#c8a48b] rank=[1,3,2,0] link:p=0.000 o=1.000
frame=129 t=1996.1 wall=1996.2 interval=10.95 dt=11.04 cpu_prev=10.507 effect_us=131 action=1 since_click=992.1 since_commit=386.1 animating=false repaint=after(769ms) source/Source:d=[1.000,1.000,1.000,1.000] c=[#c8a48b,#c8a48b,#c8a48b,#c8a48b] rank=[0,2,1,3] relay/Relay:d=[1.000,1.000,1.000,1.000] c=[#c8a48b,#c8a48b,#c8a48b,#c8a48b] rank=[0,1,3,2] header/Header:d=[1.000,1.000,1.000,1.000] c=[#c8a48b,#c8a48b,#c8a48b,#c8a48b] rank=[2,3,1,0] result/Result:d=[1.000,1.000,1.000,1.000] c=[#c8a48b,#c8a48b,#c8a48b,#c8a48b] rank=[1,3,2,0] link:p=0.000 o=1.000
frame=130 t=2003.9 wall=2004.0 interval=7.84 dt=7.78 cpu_prev=7.089 effect_us=125 action=1 since_click=999.9 since_commit=393.9 animating=false repaint=after(761ms) source/Source:d=[1.000,1.000,1.000,1.000] c=[#c8a48b,#c8a48b,#c8a48b,#c8a48b] rank=[0,2,1,3] relay/Relay:d=[1.000,1.000,1.000,1.000] c=[#c8a48b,#c8a48b,#c8a48b,#c8a48b] rank=[0,1,3,2] header/Header:d=[1.000,1.000,1.000,1.000] c=[#c8a48b,#c8a48b,#c8a48b,#c8a48b] rank=[2,3,1,0] result/Result:d=[1.000,1.000,1.000,1.000] c=[#c8a48b,#c8a48b,#c8a48b,#c8a48b] rank=[1,3,2,0] link:p=0.000 o=1.000
frame=131 t=2011.8 wall=2011.9 interval=7.90 dt=7.95 cpu_prev=7.614 effect_us=125 action=1 since_click=1007.8 since_commit=401.8 animating=false repaint=after(753ms) source/Source:d=[1.000,1.000,1.000,1.000] c=[#c8a48b,#c8a48b,#c8a48b,#c8a48b] rank=[0,2,1,3] relay/Relay:d=[1.000,1.000,1.000,1.000] c=[#c8a48b,#c8a48b,#c8a48b,#c8a48b] rank=[0,1,3,2] header/Header:d=[1.000,1.000,1.000,1.000] c=[#c8a48b,#c8a48b,#c8a48b,#c8a48b] rank=[2,3,1,0] result/Result:d=[1.000,1.000,1.000,1.000] c=[#c8a48b,#c8a48b,#c8a48b,#c8a48b] rank=[1,3,2,0] link:p=0.000 o=1.000
frame=132 t=2019.8 wall=2019.9 interval=7.97 dt=7.93 cpu_prev=7.609 effect_us=128 action=1 since_click=1015.7 since_commit=409.7 animating=false repaint=after(745ms) source/Source:d=[1.000,1.000,1.000,1.000] c=[#c8a48b,#c8a48b,#c8a48b,#c8a48b] rank=[0,2,1,3] relay/Relay:d=[1.000,1.000,1.000,1.000] c=[#c8a48b,#c8a48b,#c8a48b,#c8a48b] rank=[0,1,3,2] header/Header:d=[1.000,1.000,1.000,1.000] c=[#c8a48b,#c8a48b,#c8a48b,#c8a48b] rank=[2,3,1,0] result/Result:d=[1.000,1.000,1.000,1.000] c=[#c8a48b,#c8a48b,#c8a48b,#c8a48b] rank=[1,3,2,0] link:p=0.000 o=1.000
frame=133 t=2027.2 wall=2027.3 interval=7.41 dt=7.45 cpu_prev=7.127 effect_us=126 action=1 since_click=1023.2 since_commit=417.2 animating=false repaint=after(738ms) source/Source:d=[1.000,1.000,1.000,1.000] c=[#c8a48b,#c8a48b,#c8a48b,#c8a48b] rank=[0,2,1,3] relay/Relay:d=[1.000,1.000,1.000,1.000] c=[#c8a48b,#c8a48b,#c8a48b,#c8a48b] rank=[0,1,3,2] header/Header:d=[1.000,1.000,1.000,1.000] c=[#c8a48b,#c8a48b,#c8a48b,#c8a48b] rank=[2,3,1,0] result/Result:d=[1.000,1.000,1.000,1.000] c=[#c8a48b,#c8a48b,#c8a48b,#c8a48b] rank=[1,3,2,0] link:p=0.000 o=1.000
frame=134 t=2034.9 wall=2035.0 interval=7.72 dt=7.68 cpu_prev=7.232 effect_us=126 action=1 since_click=1030.9 since_commit=424.9 animating=false repaint=after(730ms) source/Source:d=[1.000,1.000,1.000,1.000] c=[#c8a48b,#c8a48b,#c8a48b,#c8a48b] rank=[0,2,1,3] relay/Relay:d=[1.000,1.000,1.000,1.000] c=[#c8a48b,#c8a48b,#c8a48b,#c8a48b] rank=[0,1,3,2] header/Header:d=[1.000,1.000,1.000,1.000] c=[#c8a48b,#c8a48b,#c8a48b,#c8a48b] rank=[2,3,1,0] result/Result:d=[1.000,1.000,1.000,1.000] c=[#c8a48b,#c8a48b,#c8a48b,#c8a48b] rank=[1,3,2,0] link:p=0.000 o=1.000
frame=135 t=2043.3 wall=2043.3 interval=8.31 dt=8.35 cpu_prev=7.514 effect_us=124 action=1 since_click=1039.2 since_commit=433.2 animating=false repaint=after(722ms) source/Source:d=[1.000,1.000,1.000,1.000] c=[#c8a48b,#c8a48b,#c8a48b,#c8a48b] rank=[0,2,1,3] relay/Relay:d=[1.000,1.000,1.000,1.000] c=[#c8a48b,#c8a48b,#c8a48b,#c8a48b] rank=[0,1,3,2] header/Header:d=[1.000,1.000,1.000,1.000] c=[#c8a48b,#c8a48b,#c8a48b,#c8a48b] rank=[2,3,1,0] result/Result:d=[1.000,1.000,1.000,1.000] c=[#c8a48b,#c8a48b,#c8a48b,#c8a48b] rank=[1,3,2,0] link:p=0.000 o=1.000
frame=136 t=2051.4 wall=2051.5 interval=8.20 dt=8.17 cpu_prev=6.990 effect_us=124 action=1 since_click=1047.4 since_commit=441.4 animating=false repaint=after(714ms) source/Source:d=[1.000,1.000,1.000,1.000] c=[#c8a48b,#c8a48b,#c8a48b,#c8a48b] rank=[0,2,1,3] relay/Relay:d=[1.000,1.000,1.000,1.000] c=[#c8a48b,#c8a48b,#c8a48b,#c8a48b] rank=[0,1,3,2] header/Header:d=[1.000,1.000,1.000,1.000] c=[#c8a48b,#c8a48b,#c8a48b,#c8a48b] rank=[2,3,1,0] result/Result:d=[1.000,1.000,1.000,1.000] c=[#c8a48b,#c8a48b,#c8a48b,#c8a48b] rank=[1,3,2,0] link:p=0.000 o=1.000
frame=137 t=2059.9 wall=2059.9 interval=8.40 dt=8.44 cpu_prev=7.258 effect_us=130 action=1 since_click=1055.8 since_commit=449.8 animating=false repaint=after(705ms) source/Source:d=[1.000,1.000,1.000,1.000] c=[#c8a48b,#c8a48b,#c8a48b,#c8a48b] rank=[0,2,1,3] relay/Relay:d=[1.000,1.000,1.000,1.000] c=[#c8a48b,#c8a48b,#c8a48b,#c8a48b] rank=[0,1,3,2] header/Header:d=[1.000,1.000,1.000,1.000] c=[#c8a48b,#c8a48b,#c8a48b,#c8a48b] rank=[2,3,1,0] result/Result:d=[1.000,1.000,1.000,1.000] c=[#c8a48b,#c8a48b,#c8a48b,#c8a48b] rank=[1,3,2,0] link:p=0.000 o=1.000
frame=138 t=2068.3 wall=2068.4 interval=8.45 dt=8.41 cpu_prev=7.228 effect_us=129 action=1 since_click=1064.2 since_commit=458.2 animating=false repaint=after(697ms) source/Source:d=[1.000,1.000,1.000,1.000] c=[#c8a48b,#c8a48b,#c8a48b,#c8a48b] rank=[0,2,1,3] relay/Relay:d=[1.000,1.000,1.000,1.000] c=[#c8a48b,#c8a48b,#c8a48b,#c8a48b] rank=[0,1,3,2] header/Header:d=[1.000,1.000,1.000,1.000] c=[#c8a48b,#c8a48b,#c8a48b,#c8a48b] rank=[2,3,1,0] result/Result:d=[1.000,1.000,1.000,1.000] c=[#c8a48b,#c8a48b,#c8a48b,#c8a48b] rank=[1,3,2,0] link:p=0.000 o=1.000
frame=139 t=2076.7 wall=2076.8 interval=8.42 dt=8.45 cpu_prev=7.385 effect_us=127 action=1 since_click=1072.7 since_commit=466.7 animating=false repaint=after(688ms) source/Source:d=[1.000,1.000,1.000,1.000] c=[#c8a48b,#c8a48b,#c8a48b,#c8a48b] rank=[0,2,1,3] relay/Relay:d=[1.000,1.000,1.000,1.000] c=[#c8a48b,#c8a48b,#c8a48b,#c8a48b] rank=[0,1,3,2] header/Header:d=[1.000,1.000,1.000,1.000] c=[#c8a48b,#c8a48b,#c8a48b,#c8a48b] rank=[2,3,1,0] result/Result:d=[1.000,1.000,1.000,1.000] c=[#c8a48b,#c8a48b,#c8a48b,#c8a48b] rank=[1,3,2,0] link:p=0.000 o=1.000
frame=140 t=2085.0 wall=2085.1 interval=8.32 dt=8.25 cpu_prev=7.687 effect_us=128 action=1 since_click=1081.0 since_commit=474.9 animating=false repaint=after(680ms) source/Source:d=[1.000,1.000,1.000,1.000] c=[#c8a48b,#c8a48b,#c8a48b,#c8a48b] rank=[0,2,1,3] relay/Relay:d=[1.000,1.000,1.000,1.000] c=[#c8a48b,#c8a48b,#c8a48b,#c8a48b] rank=[0,1,3,2] header/Header:d=[1.000,1.000,1.000,1.000] c=[#c8a48b,#c8a48b,#c8a48b,#c8a48b] rank=[2,3,1,0] result/Result:d=[1.000,1.000,1.000,1.000] c=[#c8a48b,#c8a48b,#c8a48b,#c8a48b] rank=[1,3,2,0] link:p=0.000 o=1.000
frame=141 t=2093.4 wall=2093.4 interval=8.32 dt=8.39 cpu_prev=7.592 effect_us=127 action=1 since_click=1089.3 since_commit=483.3 animating=false repaint=after(672ms) source/Source:d=[1.000,1.000,1.000,1.000] c=[#c8a48b,#c8a48b,#c8a48b,#c8a48b] rank=[0,2,1,3] relay/Relay:d=[1.000,1.000,1.000,1.000] c=[#c8a48b,#c8a48b,#c8a48b,#c8a48b] rank=[0,1,3,2] header/Header:d=[1.000,1.000,1.000,1.000] c=[#c8a48b,#c8a48b,#c8a48b,#c8a48b] rank=[2,3,1,0] result/Result:d=[1.000,1.000,1.000,1.000] c=[#c8a48b,#c8a48b,#c8a48b,#c8a48b] rank=[1,3,2,0] link:p=0.000 o=1.000
frame=142 t=2101.6 wall=2101.7 interval=8.25 dt=8.21 cpu_prev=7.923 effect_us=127 action=1 since_click=1097.6 since_commit=491.5 animating=false repaint=after(663ms) source/Source:d=[1.000,1.000,1.000,1.000] c=[#c8a48b,#c8a48b,#c8a48b,#c8a48b] rank=[0,2,1,3] relay/Relay:d=[1.000,1.000,1.000,1.000] c=[#c8a48b,#c8a48b,#c8a48b,#c8a48b] rank=[0,1,3,2] header/Header:d=[1.000,1.000,1.000,1.000] c=[#c8a48b,#c8a48b,#c8a48b,#c8a48b] rank=[2,3,1,0] result/Result:d=[1.000,1.000,1.000,1.000] c=[#c8a48b,#c8a48b,#c8a48b,#c8a48b] rank=[1,3,2,0] link:p=0.000 o=1.000
frame=143 t=2110.1 wall=2110.1 interval=8.43 dt=8.47 cpu_prev=8.177 effect_us=129 action=1 since_click=1106.0 since_commit=500.0 animating=false repaint=after(655ms) source/Source:d=[1.000,1.000,1.000,1.000] c=[#c8a48b,#c8a48b,#c8a48b,#c8a48b] rank=[0,2,1,3] relay/Relay:d=[1.000,1.000,1.000,1.000] c=[#c8a48b,#c8a48b,#c8a48b,#c8a48b] rank=[0,1,3,2] header/Header:d=[1.000,1.000,1.000,1.000] c=[#c8a48b,#c8a48b,#c8a48b,#c8a48b] rank=[2,3,1,0] result/Result:d=[1.000,1.000,1.000,1.000] c=[#c8a48b,#c8a48b,#c8a48b,#c8a48b] rank=[1,3,2,0] link:p=0.000 o=1.000
frame=144 t=2118.2 wall=2118.3 interval=8.18 dt=8.13 cpu_prev=7.800 effect_us=127 action=1 since_click=1114.2 since_commit=508.1 animating=false repaint=after(647ms) source/Source:d=[1.000,1.000,1.000,1.000] c=[#c8a48b,#c8a48b,#c8a48b,#c8a48b] rank=[0,2,1,3] relay/Relay:d=[1.000,1.000,1.000,1.000] c=[#c8a48b,#c8a48b,#c8a48b,#c8a48b] rank=[0,1,3,2] header/Header:d=[1.000,1.000,1.000,1.000] c=[#c8a48b,#c8a48b,#c8a48b,#c8a48b] rank=[2,3,1,0] result/Result:d=[1.000,1.000,1.000,1.000] c=[#c8a48b,#c8a48b,#c8a48b,#c8a48b] rank=[1,3,2,0] link:p=0.000 o=1.000
frame=145 t=2126.4 wall=2126.5 interval=8.21 dt=8.25 cpu_prev=7.418 effect_us=125 action=1 since_click=1122.4 since_commit=516.4 animating=false repaint=after(639ms) source/Source:d=[1.000,1.000,1.000,1.000] c=[#c8a48b,#c8a48b,#c8a48b,#c8a48b] rank=[0,2,1,3] relay/Relay:d=[1.000,1.000,1.000,1.000] c=[#c8a48b,#c8a48b,#c8a48b,#c8a48b] rank=[0,1,3,2] header/Header:d=[1.000,1.000,1.000,1.000] c=[#c8a48b,#c8a48b,#c8a48b,#c8a48b] rank=[2,3,1,0] result/Result:d=[1.000,1.000,1.000,1.000] c=[#c8a48b,#c8a48b,#c8a48b,#c8a48b] rank=[1,3,2,0] link:p=0.000 o=1.000
frame=146 t=2135.0 wall=2135.1 interval=8.58 dt=8.55 cpu_prev=7.040 effect_us=124 action=1 since_click=1131.0 since_commit=524.9 animating=false repaint=after(630ms) source/Source:d=[1.000,1.000,1.000,1.000] c=[#c8a48b,#c8a48b,#c8a48b,#c8a48b] rank=[0,2,1,3] relay/Relay:d=[1.000,1.000,1.000,1.000] c=[#c8a48b,#c8a48b,#c8a48b,#c8a48b] rank=[0,1,3,2] header/Header:d=[1.000,1.000,1.000,1.000] c=[#c8a48b,#c8a48b,#c8a48b,#c8a48b] rank=[2,3,1,0] result/Result:d=[1.000,1.000,1.000,1.000] c=[#c8a48b,#c8a48b,#c8a48b,#c8a48b] rank=[1,3,2,0] link:p=0.000 o=1.000
frame=147 t=2143.2 wall=2143.2 interval=8.17 dt=8.20 cpu_prev=6.303 effect_us=132 action=1 since_click=1139.2 since_commit=533.1 animating=false repaint=after(622ms) source/Source:d=[1.000,1.000,1.000,1.000] c=[#c8a48b,#c8a48b,#c8a48b,#c8a48b] rank=[0,2,1,3] relay/Relay:d=[1.000,1.000,1.000,1.000] c=[#c8a48b,#c8a48b,#c8a48b,#c8a48b] rank=[0,1,3,2] header/Header:d=[1.000,1.000,1.000,1.000] c=[#c8a48b,#c8a48b,#c8a48b,#c8a48b] rank=[2,3,1,0] result/Result:d=[1.000,1.000,1.000,1.000] c=[#c8a48b,#c8a48b,#c8a48b,#c8a48b] rank=[1,3,2,0] link:p=0.000 o=1.000
frame=148 t=2151.5 wall=2151.6 interval=8.34 dt=8.29 cpu_prev=7.870 effect_us=126 action=1 since_click=1147.4 since_commit=541.4 animating=false repaint=after(614ms) source/Source:d=[1.000,1.000,1.000,1.000] c=[#c8a48b,#c8a48b,#c8a48b,#c8a48b] rank=[0,2,1,3] relay/Relay:d=[1.000,1.000,1.000,1.000] c=[#c8a48b,#c8a48b,#c8a48b,#c8a48b] rank=[0,1,3,2] header/Header:d=[1.000,1.000,1.000,1.000] c=[#c8a48b,#c8a48b,#c8a48b,#c8a48b] rank=[2,3,1,0] result/Result:d=[1.000,1.000,1.000,1.000] c=[#c8a48b,#c8a48b,#c8a48b,#c8a48b] rank=[1,3,2,0] link:p=0.000 o=1.000
frame=149 t=2159.8 wall=2159.9 interval=8.32 dt=8.37 cpu_prev=7.638 effect_us=128 action=1 since_click=1155.8 since_commit=549.8 animating=false repaint=after(605ms) source/Source:d=[1.000,1.000,1.000,1.000] c=[#c8a48b,#c8a48b,#c8a48b,#c8a48b] rank=[0,2,1,3] relay/Relay:d=[1.000,1.000,1.000,1.000] c=[#c8a48b,#c8a48b,#c8a48b,#c8a48b] rank=[0,1,3,2] header/Header:d=[1.000,1.000,1.000,1.000] c=[#c8a48b,#c8a48b,#c8a48b,#c8a48b] rank=[2,3,1,0] result/Result:d=[1.000,1.000,1.000,1.000] c=[#c8a48b,#c8a48b,#c8a48b,#c8a48b] rank=[1,3,2,0] link:p=0.000 o=1.000
frame=150 t=2173.1 wall=2173.2 interval=13.35 dt=13.31 cpu_prev=12.918 effect_us=126 action=1 since_click=1169.1 since_commit=563.1 animating=false repaint=after(592ms) source/Source:d=[1.000,1.000,1.000,1.000] c=[#c8a48b,#c8a48b,#c8a48b,#c8a48b] rank=[0,2,1,3] relay/Relay:d=[1.000,1.000,1.000,1.000] c=[#c8a48b,#c8a48b,#c8a48b,#c8a48b] rank=[0,1,3,2] header/Header:d=[1.000,1.000,1.000,1.000] c=[#c8a48b,#c8a48b,#c8a48b,#c8a48b] rank=[2,3,1,0] result/Result:d=[1.000,1.000,1.000,1.000] c=[#c8a48b,#c8a48b,#c8a48b,#c8a48b] rank=[1,3,2,0] link:p=0.000 o=1.000
frame=151 t=2183.9 wall=2184.1 interval=10.81 dt=10.80 cpu_prev=10.271 effect_us=128 action=1 since_click=1179.9 since_commit=573.9 animating=false repaint=after(581ms) source/Source:d=[1.000,1.000,1.000,1.000] c=[#c8a48b,#c8a48b,#c8a48b,#c8a48b] rank=[0,2,1,3] relay/Relay:d=[1.000,1.000,1.000,1.000] c=[#c8a48b,#c8a48b,#c8a48b,#c8a48b] rank=[0,1,3,2] header/Header:d=[1.000,1.000,1.000,1.000] c=[#c8a48b,#c8a48b,#c8a48b,#c8a48b] rank=[2,3,1,0] result/Result:d=[1.000,1.000,1.000,1.000] c=[#c8a48b,#c8a48b,#c8a48b,#c8a48b] rank=[1,3,2,0] link:p=0.000 o=1.000
frame=152 t=2193.1 wall=2193.2 interval=9.17 dt=9.18 cpu_prev=8.263 effect_us=125 action=1 since_click=1189.1 since_commit=583.1 animating=false repaint=after(572ms) source/Source:d=[1.000,1.000,1.000,1.000] c=[#c8a48b,#c8a48b,#c8a48b,#c8a48b] rank=[0,2,1,3] relay/Relay:d=[1.000,1.000,1.000,1.000] c=[#c8a48b,#c8a48b,#c8a48b,#c8a48b] rank=[0,1,3,2] header/Header:d=[1.000,1.000,1.000,1.000] c=[#c8a48b,#c8a48b,#c8a48b,#c8a48b] rank=[2,3,1,0] result/Result:d=[1.000,1.000,1.000,1.000] c=[#c8a48b,#c8a48b,#c8a48b,#c8a48b] rank=[1,3,2,0] link:p=0.000 o=1.000
frame=153 t=2203.6 wall=2203.7 interval=10.46 dt=10.50 cpu_prev=10.168 effect_us=127 action=1 since_click=1199.6 since_commit=593.6 animating=false repaint=after(561ms) source/Source:d=[1.000,1.000,1.000,1.000] c=[#c8a48b,#c8a48b,#c8a48b,#c8a48b] rank=[0,2,1,3] relay/Relay:d=[1.000,1.000,1.000,1.000] c=[#c8a48b,#c8a48b,#c8a48b,#c8a48b] rank=[0,1,3,2] header/Header:d=[1.000,1.000,1.000,1.000] c=[#c8a48b,#c8a48b,#c8a48b,#c8a48b] rank=[2,3,1,0] result/Result:d=[1.000,1.000,1.000,1.000] c=[#c8a48b,#c8a48b,#c8a48b,#c8a48b] rank=[1,3,2,0] link:p=0.000 o=1.000
frame=154 t=2212.2 wall=2212.3 interval=8.65 dt=8.61 cpu_prev=8.254 effect_us=127 action=1 since_click=1208.2 since_commit=602.2 animating=false repaint=after(553ms) source/Source:d=[1.000,1.000,1.000,1.000] c=[#c8a48b,#c8a48b,#c8a48b,#c8a48b] rank=[0,2,1,3] relay/Relay:d=[1.000,1.000,1.000,1.000] c=[#c8a48b,#c8a48b,#c8a48b,#c8a48b] rank=[0,1,3,2] header/Header:d=[1.000,1.000,1.000,1.000] c=[#c8a48b,#c8a48b,#c8a48b,#c8a48b] rank=[2,3,1,0] result/Result:d=[1.000,1.000,1.000,1.000] c=[#c8a48b,#c8a48b,#c8a48b,#c8a48b] rank=[1,3,2,0] link:p=0.000 o=1.000
frame=155 t=2220.3 wall=2220.4 interval=8.08 dt=8.12 cpu_prev=7.523 effect_us=125 action=1 since_click=1216.3 since_commit=610.3 animating=false repaint=after(545ms) source/Source:d=[1.000,1.000,1.000,1.000] c=[#c8a48b,#c8a48b,#c8a48b,#c8a48b] rank=[0,2,1,3] relay/Relay:d=[1.000,1.000,1.000,1.000] c=[#c8a48b,#c8a48b,#c8a48b,#c8a48b] rank=[0,1,3,2] header/Header:d=[1.000,1.000,1.000,1.000] c=[#c8a48b,#c8a48b,#c8a48b,#c8a48b] rank=[2,3,1,0] result/Result:d=[1.000,1.000,1.000,1.000] c=[#c8a48b,#c8a48b,#c8a48b,#c8a48b] rank=[1,3,2,0] link:p=0.000 o=1.000
frame=156 t=2228.2 wall=2228.5 interval=8.05 dt=7.88 cpu_prev=7.560 effect_us=129 action=1 since_click=1224.2 since_commit=618.2 animating=false repaint=after(537ms) source/Source:d=[1.000,1.000,1.000,1.000] c=[#c8a48b,#c8a48b,#c8a48b,#c8a48b] rank=[0,2,1,3] relay/Relay:d=[1.000,1.000,1.000,1.000] c=[#c8a48b,#c8a48b,#c8a48b,#c8a48b] rank=[0,1,3,2] header/Header:d=[1.000,1.000,1.000,1.000] c=[#c8a48b,#c8a48b,#c8a48b,#c8a48b] rank=[2,3,1,0] result/Result:d=[1.000,1.000,1.000,1.000] c=[#c8a48b,#c8a48b,#c8a48b,#c8a48b] rank=[1,3,2,0] link:p=0.000 o=1.000
frame=157 t=2242.1 wall=2242.1 interval=13.64 dt=13.83 cpu_prev=13.540 effect_us=125 action=1 since_click=1238.0 since_commit=632.0 animating=false repaint=after(523ms) source/Source:d=[1.000,1.000,1.000,1.000] c=[#c8a48b,#c8a48b,#c8a48b,#c8a48b] rank=[0,2,1,3] relay/Relay:d=[1.000,1.000,1.000,1.000] c=[#c8a48b,#c8a48b,#c8a48b,#c8a48b] rank=[0,1,3,2] header/Header:d=[1.000,1.000,1.000,1.000] c=[#c8a48b,#c8a48b,#c8a48b,#c8a48b] rank=[2,3,1,0] result/Result:d=[1.000,1.000,1.000,1.000] c=[#c8a48b,#c8a48b,#c8a48b,#c8a48b] rank=[1,3,2,0] link:p=0.000 o=1.000
frame=158 t=2265.9 wall=2266.0 interval=23.90 dt=23.83 cpu_prev=6.859 effect_us=149 action=1 since_click=1261.9 since_commit=655.8 animating=false repaint=after(499ms) source/Source:d=[1.000,1.000,1.000,1.000] c=[#c8a48b,#c8a48b,#c8a48b,#c8a48b] rank=[0,2,1,3] relay/Relay:d=[1.000,1.000,1.000,1.000] c=[#c8a48b,#c8a48b,#c8a48b,#c8a48b] rank=[0,1,3,2] header/Header:d=[1.000,1.000,1.000,1.000] c=[#c8a48b,#c8a48b,#c8a48b,#c8a48b] rank=[2,3,1,0] result/Result:d=[1.000,1.000,1.000,1.000] c=[#c8a48b,#c8a48b,#c8a48b,#c8a48b] rank=[1,3,2,0] link:p=0.000 o=1.000
frame=159 t=2282.7 wall=2282.8 interval=16.77 dt=16.84 cpu_prev=7.848 effect_us=138 action=1 since_click=1278.7 since_commit=672.7 animating=false repaint=after(482ms) source/Source:d=[1.000,1.000,1.000,1.000] c=[#c8a48b,#c8a48b,#c8a48b,#c8a48b] rank=[0,2,1,3] relay/Relay:d=[1.000,1.000,1.000,1.000] c=[#c8a48b,#c8a48b,#c8a48b,#c8a48b] rank=[0,1,3,2] header/Header:d=[1.000,1.000,1.000,1.000] c=[#c8a48b,#c8a48b,#c8a48b,#c8a48b] rank=[2,3,1,0] result/Result:d=[1.000,1.000,1.000,1.000] c=[#c8a48b,#c8a48b,#c8a48b,#c8a48b] rank=[1,3,2,0] link:p=0.000 o=1.000
frame=160 t=2307.9 wall=2308.1 interval=25.32 dt=25.19 cpu_prev=7.928 effect_us=143 action=1 since_click=1303.9 since_commit=697.9 animating=false repaint=after(457ms) source/Source:d=[1.000,1.000,1.000,1.000] c=[#c8a48b,#c8a48b,#c8a48b,#c8a48b] rank=[0,2,1,3] relay/Relay:d=[1.000,1.000,1.000,1.000] c=[#c8a48b,#c8a48b,#c8a48b,#c8a48b] rank=[0,1,3,2] header/Header:d=[1.000,1.000,1.000,1.000] c=[#c8a48b,#c8a48b,#c8a48b,#c8a48b] rank=[2,3,1,0] result/Result:d=[1.000,1.000,1.000,1.000] c=[#c8a48b,#c8a48b,#c8a48b,#c8a48b] rank=[1,3,2,0] link:p=0.000 o=1.000
frame=161 t=2324.2 wall=2324.3 interval=16.16 dt=16.26 cpu_prev=7.171 effect_us=145 action=1 since_click=1320.1 since_commit=714.1 animating=false repaint=after(441ms) source/Source:d=[1.000,1.000,1.000,1.000] c=[#c8a48b,#c8a48b,#c8a48b,#c8a48b] rank=[0,2,1,3] relay/Relay:d=[1.000,1.000,1.000,1.000] c=[#c8a48b,#c8a48b,#c8a48b,#c8a48b] rank=[0,1,3,2] header/Header:d=[1.000,1.000,1.000,1.000] c=[#c8a48b,#c8a48b,#c8a48b,#c8a48b] rank=[2,3,1,0] result/Result:d=[1.000,1.000,1.000,1.000] c=[#c8a48b,#c8a48b,#c8a48b,#c8a48b] rank=[1,3,2,0] link:p=0.000 o=1.000
frame=162 t=2332.3 wall=2332.4 interval=8.19 dt=8.18 cpu_prev=7.789 effect_us=127 action=1 since_click=1328.3 since_commit=722.3 animating=false repaint=after(433ms) source/Source:d=[1.000,1.000,1.000,1.000] c=[#c8a48b,#c8a48b,#c8a48b,#c8a48b] rank=[0,2,1,3] relay/Relay:d=[1.000,1.000,1.000,1.000] c=[#c8a48b,#c8a48b,#c8a48b,#c8a48b] rank=[0,1,3,2] header/Header:d=[1.000,1.000,1.000,1.000] c=[#c8a48b,#c8a48b,#c8a48b,#c8a48b] rank=[2,3,1,0] result/Result:d=[1.000,1.000,1.000,1.000] c=[#c8a48b,#c8a48b,#c8a48b,#c8a48b] rank=[1,3,2,0] link:p=0.000 o=1.000
frame=163 t=2340.8 wall=2340.9 interval=8.44 dt=8.45 cpu_prev=7.980 effect_us=126 action=1 since_click=1336.8 since_commit=730.8 animating=false repaint=after(424ms) source/Source:d=[1.000,1.000,1.000,1.000] c=[#c8a48b,#c8a48b,#c8a48b,#c8a48b] rank=[0,2,1,3] relay/Relay:d=[1.000,1.000,1.000,1.000] c=[#c8a48b,#c8a48b,#c8a48b,#c8a48b] rank=[0,1,3,2] header/Header:d=[1.000,1.000,1.000,1.000] c=[#c8a48b,#c8a48b,#c8a48b,#c8a48b] rank=[2,3,1,0] result/Result:d=[1.000,1.000,1.000,1.000] c=[#c8a48b,#c8a48b,#c8a48b,#c8a48b] rank=[1,3,2,0] link:p=0.000 o=1.000
frame=164 t=2349.2 wall=2349.3 interval=8.44 dt=8.39 cpu_prev=7.406 effect_us=126 action=1 since_click=1345.2 since_commit=739.1 animating=false repaint=after(416ms) source/Source:d=[1.000,1.000,1.000,1.000] c=[#c8a48b,#c8a48b,#c8a48b,#c8a48b] rank=[0,2,1,3] relay/Relay:d=[1.000,1.000,1.000,1.000] c=[#c8a48b,#c8a48b,#c8a48b,#c8a48b] rank=[0,1,3,2] header/Header:d=[1.000,1.000,1.000,1.000] c=[#c8a48b,#c8a48b,#c8a48b,#c8a48b] rank=[2,3,1,0] result/Result:d=[1.000,1.000,1.000,1.000] c=[#c8a48b,#c8a48b,#c8a48b,#c8a48b] rank=[1,3,2,0] link:p=0.000 o=1.000
frame=165 t=2358.2 wall=2358.3 interval=8.96 dt=9.04 cpu_prev=8.662 effect_us=127 action=1 since_click=1354.2 since_commit=748.2 animating=false repaint=after(407ms) source/Source:d=[1.000,1.000,1.000,1.000] c=[#c8a48b,#c8a48b,#c8a48b,#c8a48b] rank=[0,2,1,3] relay/Relay:d=[1.000,1.000,1.000,1.000] c=[#c8a48b,#c8a48b,#c8a48b,#c8a48b] rank=[0,1,3,2] header/Header:d=[1.000,1.000,1.000,1.000] c=[#c8a48b,#c8a48b,#c8a48b,#c8a48b] rank=[2,3,1,0] result/Result:d=[1.000,1.000,1.000,1.000] c=[#c8a48b,#c8a48b,#c8a48b,#c8a48b] rank=[1,3,2,0] link:p=0.000 o=1.000
frame=166 t=2368.3 wall=2368.4 interval=10.11 dt=10.07 cpu_prev=9.235 effect_us=131 action=1 since_click=1364.3 since_commit=758.3 animating=false repaint=after(397ms) source/Source:d=[1.000,1.000,1.000,1.000] c=[#c8a48b,#c8a48b,#c8a48b,#c8a48b] rank=[0,2,1,3] relay/Relay:d=[1.000,1.000,1.000,1.000] c=[#c8a48b,#c8a48b,#c8a48b,#c8a48b] rank=[0,1,3,2] header/Header:d=[1.000,1.000,1.000,1.000] c=[#c8a48b,#c8a48b,#c8a48b,#c8a48b] rank=[2,3,1,0] result/Result:d=[1.000,1.000,1.000,1.000] c=[#c8a48b,#c8a48b,#c8a48b,#c8a48b] rank=[1,3,2,0] link:p=0.000 o=1.000
frame=167 t=2376.7 wall=2376.7 interval=8.33 dt=8.37 cpu_prev=7.427 effect_us=128 action=1 since_click=1372.6 since_commit=766.6 animating=false repaint=after(388ms) source/Source:d=[1.000,1.000,1.000,1.000] c=[#c8a48b,#c8a48b,#c8a48b,#c8a48b] rank=[0,2,1,3] relay/Relay:d=[1.000,1.000,1.000,1.000] c=[#c8a48b,#c8a48b,#c8a48b,#c8a48b] rank=[0,1,3,2] header/Header:d=[1.000,1.000,1.000,1.000] c=[#c8a48b,#c8a48b,#c8a48b,#c8a48b] rank=[2,3,1,0] result/Result:d=[1.000,1.000,1.000,1.000] c=[#c8a48b,#c8a48b,#c8a48b,#c8a48b] rank=[1,3,2,0] link:p=0.000 o=1.000
frame=168 t=2384.8 wall=2384.9 interval=8.19 dt=8.15 cpu_prev=7.518 effect_us=124 action=1 since_click=1380.8 since_commit=774.8 animating=false repaint=after(380ms) source/Source:d=[1.000,1.000,1.000,1.000] c=[#c8a48b,#c8a48b,#c8a48b,#c8a48b] rank=[0,2,1,3] relay/Relay:d=[1.000,1.000,1.000,1.000] c=[#c8a48b,#c8a48b,#c8a48b,#c8a48b] rank=[0,1,3,2] header/Header:d=[1.000,1.000,1.000,1.000] c=[#c8a48b,#c8a48b,#c8a48b,#c8a48b] rank=[2,3,1,0] result/Result:d=[1.000,1.000,1.000,1.000] c=[#c8a48b,#c8a48b,#c8a48b,#c8a48b] rank=[1,3,2,0] link:p=0.000 o=1.000
frame=169 t=2393.1 wall=2393.2 interval=8.28 dt=8.32 cpu_prev=6.947 effect_us=128 action=1 since_click=1389.1 since_commit=783.1 animating=false repaint=after(372ms) source/Source:d=[1.000,1.000,1.000,1.000] c=[#c8a48b,#c8a48b,#c8a48b,#c8a48b] rank=[0,2,1,3] relay/Relay:d=[1.000,1.000,1.000,1.000] c=[#c8a48b,#c8a48b,#c8a48b,#c8a48b] rank=[0,1,3,2] header/Header:d=[1.000,1.000,1.000,1.000] c=[#c8a48b,#c8a48b,#c8a48b,#c8a48b] rank=[2,3,1,0] result/Result:d=[1.000,1.000,1.000,1.000] c=[#c8a48b,#c8a48b,#c8a48b,#c8a48b] rank=[1,3,2,0] link:p=0.000 o=1.000
frame=170 t=2401.4 wall=2401.5 interval=8.34 dt=8.30 cpu_prev=7.517 effect_us=127 action=1 since_click=1397.4 since_commit=791.4 animating=false repaint=after(364ms) source/Source:d=[1.000,1.000,1.000,1.000] c=[#c8a48b,#c8a48b,#c8a48b,#c8a48b] rank=[0,2,1,3] relay/Relay:d=[1.000,1.000,1.000,1.000] c=[#c8a48b,#c8a48b,#c8a48b,#c8a48b] rank=[0,1,3,2] header/Header:d=[1.000,1.000,1.000,1.000] c=[#c8a48b,#c8a48b,#c8a48b,#c8a48b] rank=[2,3,1,0] result/Result:d=[1.000,1.000,1.000,1.000] c=[#c8a48b,#c8a48b,#c8a48b,#c8a48b] rank=[1,3,2,0] link:p=0.000 o=1.000
frame=171 t=2410.1 wall=2410.1 interval=8.61 dt=8.65 cpu_prev=6.637 effect_us=125 action=1 since_click=1406.1 since_commit=800.0 animating=false repaint=after(355ms) source/Source:d=[1.000,1.000,1.000,1.000] c=[#c8a48b,#c8a48b,#c8a48b,#c8a48b] rank=[0,2,1,3] relay/Relay:d=[1.000,1.000,1.000,1.000] c=[#c8a48b,#c8a48b,#c8a48b,#c8a48b] rank=[0,1,3,2] header/Header:d=[1.000,1.000,1.000,1.000] c=[#c8a48b,#c8a48b,#c8a48b,#c8a48b] rank=[2,3,1,0] result/Result:d=[1.000,1.000,1.000,1.000] c=[#c8a48b,#c8a48b,#c8a48b,#c8a48b] rank=[1,3,2,0] link:p=0.000 o=1.000
frame=172 t=2418.2 wall=2418.3 interval=8.13 dt=8.08 cpu_prev=6.886 effect_us=125 action=1 since_click=1414.1 since_commit=808.1 animating=false repaint=after(347ms) source/Source:d=[1.000,1.000,1.000,1.000] c=[#c8a48b,#c8a48b,#c8a48b,#c8a48b] rank=[0,2,1,3] relay/Relay:d=[1.000,1.000,1.000,1.000] c=[#c8a48b,#c8a48b,#c8a48b,#c8a48b] rank=[0,1,3,2] header/Header:d=[1.000,1.000,1.000,1.000] c=[#c8a48b,#c8a48b,#c8a48b,#c8a48b] rank=[2,3,1,0] result/Result:d=[1.000,1.000,1.000,1.000] c=[#c8a48b,#c8a48b,#c8a48b,#c8a48b] rank=[1,3,2,0] link:p=0.000 o=1.000
frame=173 t=2426.6 wall=2426.7 interval=8.42 dt=8.47 cpu_prev=8.008 effect_us=124 action=1 since_click=1422.6 since_commit=816.6 animating=false repaint=after(338ms) source/Source:d=[1.000,1.000,1.000,1.000] c=[#c8a48b,#c8a48b,#c8a48b,#c8a48b] rank=[0,2,1,3] relay/Relay:d=[1.000,1.000,1.000,1.000] c=[#c8a48b,#c8a48b,#c8a48b,#c8a48b] rank=[0,1,3,2] header/Header:d=[1.000,1.000,1.000,1.000] c=[#c8a48b,#c8a48b,#c8a48b,#c8a48b] rank=[2,3,1,0] result/Result:d=[1.000,1.000,1.000,1.000] c=[#c8a48b,#c8a48b,#c8a48b,#c8a48b] rank=[1,3,2,0] link:p=0.000 o=1.000
frame=174 t=2434.9 wall=2435.0 interval=8.32 dt=8.28 cpu_prev=7.080 effect_us=132 action=1 since_click=1430.9 since_commit=824.9 animating=false repaint=after(330ms) source/Source:d=[1.000,1.000,1.000,1.000] c=[#c8a48b,#c8a48b,#c8a48b,#c8a48b] rank=[0,2,1,3] relay/Relay:d=[1.000,1.000,1.000,1.000] c=[#c8a48b,#c8a48b,#c8a48b,#c8a48b] rank=[0,1,3,2] header/Header:d=[1.000,1.000,1.000,1.000] c=[#c8a48b,#c8a48b,#c8a48b,#c8a48b] rank=[2,3,1,0] result/Result:d=[1.000,1.000,1.000,1.000] c=[#c8a48b,#c8a48b,#c8a48b,#c8a48b] rank=[1,3,2,0] link:p=0.000 o=1.000
frame=175 t=2443.6 wall=2443.6 interval=8.63 dt=8.66 cpu_prev=8.199 effect_us=127 action=1 since_click=1439.5 since_commit=833.5 animating=false repaint=after(321ms) source/Source:d=[1.000,1.000,1.000,1.000] c=[#c8a48b,#c8a48b,#c8a48b,#c8a48b] rank=[0,2,1,3] relay/Relay:d=[1.000,1.000,1.000,1.000] c=[#c8a48b,#c8a48b,#c8a48b,#c8a48b] rank=[0,1,3,2] header/Header:d=[1.000,1.000,1.000,1.000] c=[#c8a48b,#c8a48b,#c8a48b,#c8a48b] rank=[2,3,1,0] result/Result:d=[1.000,1.000,1.000,1.000] c=[#c8a48b,#c8a48b,#c8a48b,#c8a48b] rank=[1,3,2,0] link:p=0.000 o=1.000
frame=176 t=2451.5 wall=2451.6 interval=7.95 dt=7.92 cpu_prev=7.533 effect_us=131 action=1 since_click=1447.5 since_commit=841.5 animating=false repaint=after(314ms) source/Source:d=[1.000,1.000,1.000,1.000] c=[#c8a48b,#c8a48b,#c8a48b,#c8a48b] rank=[0,2,1,3] relay/Relay:d=[1.000,1.000,1.000,1.000] c=[#c8a48b,#c8a48b,#c8a48b,#c8a48b] rank=[0,1,3,2] header/Header:d=[1.000,1.000,1.000,1.000] c=[#c8a48b,#c8a48b,#c8a48b,#c8a48b] rank=[2,3,1,0] result/Result:d=[1.000,1.000,1.000,1.000] c=[#c8a48b,#c8a48b,#c8a48b,#c8a48b] rank=[1,3,2,0] link:p=0.000 o=1.000
frame=177 t=2460.1 wall=2460.1 interval=8.56 dt=8.60 cpu_prev=8.258 effect_us=125 action=1 since_click=1456.1 since_commit=850.1 animating=false repaint=after(305ms) source/Source:d=[1.000,1.000,1.000,1.000] c=[#c8a48b,#c8a48b,#c8a48b,#c8a48b] rank=[0,2,1,3] relay/Relay:d=[1.000,1.000,1.000,1.000] c=[#c8a48b,#c8a48b,#c8a48b,#c8a48b] rank=[0,1,3,2] header/Header:d=[1.000,1.000,1.000,1.000] c=[#c8a48b,#c8a48b,#c8a48b,#c8a48b] rank=[2,3,1,0] result/Result:d=[1.000,1.000,1.000,1.000] c=[#c8a48b,#c8a48b,#c8a48b,#c8a48b] rank=[1,3,2,0] link:p=0.000 o=1.000
frame=178 t=2471.3 wall=2471.4 interval=11.26 dt=11.17 cpu_prev=10.771 effect_us=130 action=1 since_click=1467.2 since_commit=861.2 animating=false repaint=after(294ms) source/Source:d=[1.000,1.000,1.000,1.000] c=[#c8a48b,#c8a48b,#c8a48b,#c8a48b] rank=[0,2,1,3] relay/Relay:d=[1.000,1.000,1.000,1.000] c=[#c8a48b,#c8a48b,#c8a48b,#c8a48b] rank=[0,1,3,2] header/Header:d=[1.000,1.000,1.000,1.000] c=[#c8a48b,#c8a48b,#c8a48b,#c8a48b] rank=[2,3,1,0] result/Result:d=[1.000,1.000,1.000,1.000] c=[#c8a48b,#c8a48b,#c8a48b,#c8a48b] rank=[1,3,2,0] link:p=0.000 o=1.000
frame=179 t=2479.5 wall=2479.6 interval=8.18 dt=8.27 cpu_prev=7.925 effect_us=130 action=1 since_click=1475.5 since_commit=869.5 animating=false repaint=after(286ms) source/Source:d=[1.000,1.000,1.000,1.000] c=[#c8a48b,#c8a48b,#c8a48b,#c8a48b] rank=[0,2,1,3] relay/Relay:d=[1.000,1.000,1.000,1.000] c=[#c8a48b,#c8a48b,#c8a48b,#c8a48b] rank=[0,1,3,2] header/Header:d=[1.000,1.000,1.000,1.000] c=[#c8a48b,#c8a48b,#c8a48b,#c8a48b] rank=[2,3,1,0] result/Result:d=[1.000,1.000,1.000,1.000] c=[#c8a48b,#c8a48b,#c8a48b,#c8a48b] rank=[1,3,2,0] link:p=0.000 o=1.000
frame=180 t=2488.1 wall=2488.2 interval=8.61 dt=8.53 cpu_prev=8.166 effect_us=126 action=1 since_click=1484.0 since_commit=878.0 animating=false repaint=after(277ms) source/Source:d=[1.000,1.000,1.000,1.000] c=[#c8a48b,#c8a48b,#c8a48b,#c8a48b] rank=[0,2,1,3] relay/Relay:d=[1.000,1.000,1.000,1.000] c=[#c8a48b,#c8a48b,#c8a48b,#c8a48b] rank=[0,1,3,2] header/Header:d=[1.000,1.000,1.000,1.000] c=[#c8a48b,#c8a48b,#c8a48b,#c8a48b] rank=[2,3,1,0] result/Result:d=[1.000,1.000,1.000,1.000] c=[#c8a48b,#c8a48b,#c8a48b,#c8a48b] rank=[1,3,2,0] link:p=0.000 o=1.000
frame=181 t=2495.8 wall=2495.9 interval=7.72 dt=7.76 cpu_prev=7.398 effect_us=126 action=1 since_click=1491.8 since_commit=885.8 animating=false repaint=after(269ms) source/Source:d=[1.000,1.000,1.000,1.000] c=[#c8a48b,#c8a48b,#c8a48b,#c8a48b] rank=[0,2,1,3] relay/Relay:d=[1.000,1.000,1.000,1.000] c=[#c8a48b,#c8a48b,#c8a48b,#c8a48b] rank=[0,1,3,2] header/Header:d=[1.000,1.000,1.000,1.000] c=[#c8a48b,#c8a48b,#c8a48b,#c8a48b] rank=[2,3,1,0] result/Result:d=[1.000,1.000,1.000,1.000] c=[#c8a48b,#c8a48b,#c8a48b,#c8a48b] rank=[1,3,2,0] link:p=0.000 o=1.000
frame=182 t=2503.8 wall=2503.9 interval=7.98 dt=7.93 cpu_prev=7.609 effect_us=130 action=1 since_click=1499.7 since_commit=893.7 animating=false repaint=after(261ms) source/Source:d=[1.000,1.000,1.000,1.000] c=[#c8a48b,#c8a48b,#c8a48b,#c8a48b] rank=[0,2,1,3] relay/Relay:d=[1.000,1.000,1.000,1.000] c=[#c8a48b,#c8a48b,#c8a48b,#c8a48b] rank=[0,1,3,2] header/Header:d=[1.000,1.000,1.000,1.000] c=[#c8a48b,#c8a48b,#c8a48b,#c8a48b] rank=[2,3,1,0] result/Result:d=[1.000,1.000,1.000,1.000] c=[#c8a48b,#c8a48b,#c8a48b,#c8a48b] rank=[1,3,2,0] link:p=0.000 o=1.000
frame=183 t=2514.2 wall=2514.3 interval=10.42 dt=10.49 cpu_prev=10.153 effect_us=122 action=1 since_click=1510.2 since_commit=904.2 animating=false repaint=after(251ms) source/Source:d=[1.000,1.000,1.000,1.000] c=[#c8a48b,#c8a48b,#c8a48b,#c8a48b] rank=[0,2,1,3] relay/Relay:d=[1.000,1.000,1.000,1.000] c=[#c8a48b,#c8a48b,#c8a48b,#c8a48b] rank=[0,1,3,2] header/Header:d=[1.000,1.000,1.000,1.000] c=[#c8a48b,#c8a48b,#c8a48b,#c8a48b] rank=[2,3,1,0] result/Result:d=[1.000,1.000,1.000,1.000] c=[#c8a48b,#c8a48b,#c8a48b,#c8a48b] rank=[1,3,2,0] link:p=0.000 o=1.000
frame=184 t=2522.6 wall=2522.7 interval=8.37 dt=8.31 cpu_prev=7.976 effect_us=129 action=1 since_click=1518.5 since_commit=912.5 animating=false repaint=after(242ms) source/Source:d=[1.000,1.000,1.000,1.000] c=[#c8a48b,#c8a48b,#c8a48b,#c8a48b] rank=[0,2,1,3] relay/Relay:d=[1.000,1.000,1.000,1.000] c=[#c8a48b,#c8a48b,#c8a48b,#c8a48b] rank=[0,1,3,2] header/Header:d=[1.000,1.000,1.000,1.000] c=[#c8a48b,#c8a48b,#c8a48b,#c8a48b] rank=[2,3,1,0] result/Result:d=[1.000,1.000,1.000,1.000] c=[#c8a48b,#c8a48b,#c8a48b,#c8a48b] rank=[1,3,2,0] link:p=0.000 o=1.000
frame=185 t=2532.0 wall=2532.1 interval=9.39 dt=9.46 cpu_prev=8.843 effect_us=131 action=1 since_click=1528.0 since_commit=922.0 animating=false repaint=after(233ms) source/Source:d=[1.000,1.000,1.000,1.000] c=[#c8a48b,#c8a48b,#c8a48b,#c8a48b] rank=[0,2,1,3] relay/Relay:d=[1.000,1.000,1.000,1.000] c=[#c8a48b,#c8a48b,#c8a48b,#c8a48b] rank=[0,1,3,2] header/Header:d=[1.000,1.000,1.000,1.000] c=[#c8a48b,#c8a48b,#c8a48b,#c8a48b] rank=[2,3,1,0] result/Result:d=[1.000,1.000,1.000,1.000] c=[#c8a48b,#c8a48b,#c8a48b,#c8a48b] rank=[1,3,2,0] link:p=0.000 o=1.000
frame=186 t=2540.1 wall=2540.3 interval=8.19 dt=8.11 cpu_prev=7.786 effect_us=128 action=1 since_click=1536.1 since_commit=930.1 animating=false repaint=after(225ms) source/Source:d=[1.000,1.000,1.000,1.000] c=[#c8a48b,#c8a48b,#c8a48b,#c8a48b] rank=[0,2,1,3] relay/Relay:d=[1.000,1.000,1.000,1.000] c=[#c8a48b,#c8a48b,#c8a48b,#c8a48b] rank=[0,1,3,2] header/Header:d=[1.000,1.000,1.000,1.000] c=[#c8a48b,#c8a48b,#c8a48b,#c8a48b] rank=[2,3,1,0] result/Result:d=[1.000,1.000,1.000,1.000] c=[#c8a48b,#c8a48b,#c8a48b,#c8a48b] rank=[1,3,2,0] link:p=0.000 o=1.000
frame=187 t=2548.9 wall=2548.9 interval=8.66 dt=8.75 cpu_prev=7.962 effect_us=131 action=1 since_click=1544.8 since_commit=938.8 animating=false repaint=after(216ms) source/Source:d=[1.000,1.000,1.000,1.000] c=[#c8a48b,#c8a48b,#c8a48b,#c8a48b] rank=[0,2,1,3] relay/Relay:d=[1.000,1.000,1.000,1.000] c=[#c8a48b,#c8a48b,#c8a48b,#c8a48b] rank=[0,1,3,2] header/Header:d=[1.000,1.000,1.000,1.000] c=[#c8a48b,#c8a48b,#c8a48b,#c8a48b] rank=[2,3,1,0] result/Result:d=[1.000,1.000,1.000,1.000] c=[#c8a48b,#c8a48b,#c8a48b,#c8a48b] rank=[1,3,2,0] link:p=0.000 o=1.000
frame=188 t=2556.7 wall=2556.8 interval=7.89 dt=7.80 cpu_prev=7.514 effect_us=128 action=1 since_click=1552.6 since_commit=946.6 animating=false repaint=after(208ms) source/Source:d=[1.000,1.000,1.000,1.000] c=[#c8a48b,#c8a48b,#c8a48b,#c8a48b] rank=[0,2,1,3] relay/Relay:d=[1.000,1.000,1.000,1.000] c=[#c8a48b,#c8a48b,#c8a48b,#c8a48b] rank=[0,1,3,2] header/Header:d=[1.000,1.000,1.000,1.000] c=[#c8a48b,#c8a48b,#c8a48b,#c8a48b] rank=[2,3,1,0] result/Result:d=[1.000,1.000,1.000,1.000] c=[#c8a48b,#c8a48b,#c8a48b,#c8a48b] rank=[1,3,2,0] link:p=0.000 o=1.000
frame=189 t=2564.9 wall=2565.0 interval=8.21 dt=8.26 cpu_prev=7.682 effect_us=125 action=1 since_click=1560.9 since_commit=954.9 animating=false repaint=after(200ms) source/Source:d=[1.000,1.000,1.000,1.000] c=[#c8a48b,#c8a48b,#c8a48b,#c8a48b] rank=[0,2,1,3] relay/Relay:d=[1.000,1.000,1.000,1.000] c=[#c8a48b,#c8a48b,#c8a48b,#c8a48b] rank=[0,1,3,2] header/Header:d=[1.000,1.000,1.000,1.000] c=[#c8a48b,#c8a48b,#c8a48b,#c8a48b] rank=[2,3,1,0] result/Result:d=[1.000,1.000,1.000,1.000] c=[#c8a48b,#c8a48b,#c8a48b,#c8a48b] rank=[1,3,2,0] link:p=0.000 o=1.000
frame=190 t=2573.7 wall=2573.8 interval=8.82 dt=8.77 cpu_prev=8.318 effect_us=128 action=1 since_click=1569.7 since_commit=963.7 animating=false repaint=after(191ms) source/Source:d=[1.000,1.000,1.000,1.000] c=[#c8a48b,#c8a48b,#c8a48b,#c8a48b] rank=[0,2,1,3] relay/Relay:d=[1.000,1.000,1.000,1.000] c=[#c8a48b,#c8a48b,#c8a48b,#c8a48b] rank=[0,1,3,2] header/Header:d=[1.000,1.000,1.000,1.000] c=[#c8a48b,#c8a48b,#c8a48b,#c8a48b] rank=[2,3,1,0] result/Result:d=[1.000,1.000,1.000,1.000] c=[#c8a48b,#c8a48b,#c8a48b,#c8a48b] rank=[1,3,2,0] link:p=0.000 o=1.000
frame=191 t=2582.9 wall=2583.1 interval=9.26 dt=9.21 cpu_prev=8.863 effect_us=127 action=1 since_click=1578.9 since_commit=972.9 animating=false repaint=after(182ms) source/Source:d=[1.000,1.000,1.000,1.000] c=[#c8a48b,#c8a48b,#c8a48b,#c8a48b] rank=[0,2,1,3] relay/Relay:d=[1.000,1.000,1.000,1.000] c=[#c8a48b,#c8a48b,#c8a48b,#c8a48b] rank=[0,1,3,2] header/Header:d=[1.000,1.000,1.000,1.000] c=[#c8a48b,#c8a48b,#c8a48b,#c8a48b] rank=[2,3,1,0] result/Result:d=[1.000,1.000,1.000,1.000] c=[#c8a48b,#c8a48b,#c8a48b,#c8a48b] rank=[1,3,2,0] link:p=0.000 o=1.000
frame=192 t=2593.5 wall=2593.6 interval=10.51 dt=10.60 cpu_prev=8.015 effect_us=126 action=1 since_click=1589.5 since_commit=983.5 animating=false repaint=after(172ms) source/Source:d=[1.000,1.000,1.000,1.000] c=[#c8a48b,#c8a48b,#c8a48b,#c8a48b] rank=[0,2,1,3] relay/Relay:d=[1.000,1.000,1.000,1.000] c=[#c8a48b,#c8a48b,#c8a48b,#c8a48b] rank=[0,1,3,2] header/Header:d=[1.000,1.000,1.000,1.000] c=[#c8a48b,#c8a48b,#c8a48b,#c8a48b] rank=[2,3,1,0] result/Result:d=[1.000,1.000,1.000,1.000] c=[#c8a48b,#c8a48b,#c8a48b,#c8a48b] rank=[1,3,2,0] link:p=0.000 o=1.000
frame=193 t=2601.7 wall=2601.8 interval=8.19 dt=8.16 cpu_prev=7.849 effect_us=128 action=1 since_click=1597.6 since_commit=991.6 animating=false repaint=after(163ms) source/Source:d=[1.000,1.000,1.000,1.000] c=[#c8a48b,#c8a48b,#c8a48b,#c8a48b] rank=[0,2,1,3] relay/Relay:d=[1.000,1.000,1.000,1.000] c=[#c8a48b,#c8a48b,#c8a48b,#c8a48b] rank=[0,1,3,2] header/Header:d=[1.000,1.000,1.000,1.000] c=[#c8a48b,#c8a48b,#c8a48b,#c8a48b] rank=[2,3,1,0] result/Result:d=[1.000,1.000,1.000,1.000] c=[#c8a48b,#c8a48b,#c8a48b,#c8a48b] rank=[1,3,2,0] link:p=0.000 o=1.000
frame=194 t=2610.0 wall=2610.1 interval=8.25 dt=8.28 cpu_prev=7.941 effect_us=126 action=1 since_click=1605.9 since_commit=999.9 animating=false repaint=after(155ms) source/Source:d=[1.000,1.000,1.000,1.000] c=[#c8a48b,#c8a48b,#c8a48b,#c8a48b] rank=[0,2,1,3] relay/Relay:d=[1.000,1.000,1.000,1.000] c=[#c8a48b,#c8a48b,#c8a48b,#c8a48b] rank=[0,1,3,2] header/Header:d=[1.000,1.000,1.000,1.000] c=[#c8a48b,#c8a48b,#c8a48b,#c8a48b] rank=[2,3,1,0] result/Result:d=[1.000,1.000,1.000,1.000] c=[#c8a48b,#c8a48b,#c8a48b,#c8a48b] rank=[1,3,2,0] link:p=0.000 o=1.000
frame=195 t=2618.8 wall=2618.9 interval=8.81 dt=8.85 cpu_prev=8.155 effect_us=128 action=1 since_click=1614.8 since_commit=1008.8 animating=false repaint=after(146ms) source/Source:d=[1.000,1.000,1.000,1.000] c=[#c8a48b,#c8a48b,#c8a48b,#c8a48b] rank=[0,2,1,3] relay/Relay:d=[1.000,1.000,1.000,1.000] c=[#c8a48b,#c8a48b,#c8a48b,#c8a48b] rank=[0,1,3,2] header/Header:d=[1.000,1.000,1.000,1.000] c=[#c8a48b,#c8a48b,#c8a48b,#c8a48b] rank=[2,3,1,0] result/Result:d=[1.000,1.000,1.000,1.000] c=[#c8a48b,#c8a48b,#c8a48b,#c8a48b] rank=[1,3,2,0] link:p=0.000 o=1.000
frame=196 t=2632.8 wall=2632.9 interval=14.05 dt=13.96 cpu_prev=13.573 effect_us=125 action=1 since_click=1628.7 since_commit=1022.7 animating=false repaint=after(132ms) source/Source:d=[1.000,1.000,1.000,1.000] c=[#c8a48b,#c8a48b,#c8a48b,#c8a48b] rank=[0,2,1,3] relay/Relay:d=[1.000,1.000,1.000,1.000] c=[#c8a48b,#c8a48b,#c8a48b,#c8a48b] rank=[0,1,3,2] header/Header:d=[1.000,1.000,1.000,1.000] c=[#c8a48b,#c8a48b,#c8a48b,#c8a48b] rank=[2,3,1,0] result/Result:d=[1.000,1.000,1.000,1.000] c=[#c8a48b,#c8a48b,#c8a48b,#c8a48b] rank=[1,3,2,0] link:p=0.000 o=1.000
frame=197 t=2643.3 wall=2643.3 interval=10.42 dt=10.51 cpu_prev=8.392 effect_us=125 action=1 since_click=1639.2 since_commit=1033.2 animating=false repaint=after(122ms) source/Source:d=[1.000,1.000,1.000,1.000] c=[#c8a48b,#c8a48b,#c8a48b,#c8a48b] rank=[0,2,1,3] relay/Relay:d=[1.000,1.000,1.000,1.000] c=[#c8a48b,#c8a48b,#c8a48b,#c8a48b] rank=[0,1,3,2] header/Header:d=[1.000,1.000,1.000,1.000] c=[#c8a48b,#c8a48b,#c8a48b,#c8a48b] rank=[2,3,1,0] result/Result:d=[1.000,1.000,1.000,1.000] c=[#c8a48b,#c8a48b,#c8a48b,#c8a48b] rank=[1,3,2,0] link:p=0.000 o=1.000
frame=198 t=2651.7 wall=2651.8 interval=8.46 dt=8.42 cpu_prev=7.882 effect_us=127 action=1 since_click=1647.7 since_commit=1041.7 animating=false repaint=after(113ms) source/Source:d=[1.000,1.000,1.000,1.000] c=[#c8a48b,#c8a48b,#c8a48b,#c8a48b] rank=[0,2,1,3] relay/Relay:d=[1.000,1.000,1.000,1.000] c=[#c8a48b,#c8a48b,#c8a48b,#c8a48b] rank=[0,1,3,2] header/Header:d=[1.000,1.000,1.000,1.000] c=[#c8a48b,#c8a48b,#c8a48b,#c8a48b] rank=[2,3,1,0] result/Result:d=[1.000,1.000,1.000,1.000] c=[#c8a48b,#c8a48b,#c8a48b,#c8a48b] rank=[1,3,2,0] link:p=0.000 o=1.000
frame=199 t=2661.1 wall=2661.2 interval=9.37 dt=9.38 cpu_prev=8.990 effect_us=129 action=1 since_click=1657.0 since_commit=1051.0 animating=false repaint=after(104ms) source/Source:d=[1.000,1.000,1.000,1.000] c=[#c8a48b,#c8a48b,#c8a48b,#c8a48b] rank=[0,2,1,3] relay/Relay:d=[1.000,1.000,1.000,1.000] c=[#c8a48b,#c8a48b,#c8a48b,#c8a48b] rank=[0,1,3,2] header/Header:d=[1.000,1.000,1.000,1.000] c=[#c8a48b,#c8a48b,#c8a48b,#c8a48b] rank=[2,3,1,0] result/Result:d=[1.000,1.000,1.000,1.000] c=[#c8a48b,#c8a48b,#c8a48b,#c8a48b] rank=[1,3,2,0] link:p=0.000 o=1.000
frame=200 t=2671.1 wall=2671.2 interval=10.06 dt=10.00 cpu_prev=9.663 effect_us=125 action=1 since_click=1667.0 since_commit=1061.0 animating=false repaint=after(94ms) source/Source:d=[1.000,1.000,1.000,1.000] c=[#c8a48b,#c8a48b,#c8a48b,#c8a48b] rank=[0,2,1,3] relay/Relay:d=[1.000,1.000,1.000,1.000] c=[#c8a48b,#c8a48b,#c8a48b,#c8a48b] rank=[0,1,3,2] header/Header:d=[1.000,1.000,1.000,1.000] c=[#c8a48b,#c8a48b,#c8a48b,#c8a48b] rank=[2,3,1,0] result/Result:d=[1.000,1.000,1.000,1.000] c=[#c8a48b,#c8a48b,#c8a48b,#c8a48b] rank=[1,3,2,0] link:p=0.000 o=1.000
frame=201 t=2679.9 wall=2679.9 interval=8.70 dt=8.78 cpu_prev=8.486 effect_us=125 action=1 since_click=1675.8 since_commit=1069.8 animating=false repaint=after(85ms) source/Source:d=[1.000,1.000,1.000,1.000] c=[#c8a48b,#c8a48b,#c8a48b,#c8a48b] rank=[0,2,1,3] relay/Relay:d=[1.000,1.000,1.000,1.000] c=[#c8a48b,#c8a48b,#c8a48b,#c8a48b] rank=[0,1,3,2] header/Header:d=[1.000,1.000,1.000,1.000] c=[#c8a48b,#c8a48b,#c8a48b,#c8a48b] rank=[2,3,1,0] result/Result:d=[1.000,1.000,1.000,1.000] c=[#c8a48b,#c8a48b,#c8a48b,#c8a48b] rank=[1,3,2,0] link:p=0.000 o=1.000
frame=202 t=2689.5 wall=2689.6 interval=9.69 dt=9.60 cpu_prev=9.262 effect_us=128 action=1 since_click=1685.4 since_commit=1079.4 animating=false repaint=after(76ms) source/Source:d=[1.000,1.000,1.000,1.000] c=[#c8a48b,#c8a48b,#c8a48b,#c8a48b] rank=[0,2,1,3] relay/Relay:d=[1.000,1.000,1.000,1.000] c=[#c8a48b,#c8a48b,#c8a48b,#c8a48b] rank=[0,1,3,2] header/Header:d=[1.000,1.000,1.000,1.000] c=[#c8a48b,#c8a48b,#c8a48b,#c8a48b] rank=[2,3,1,0] result/Result:d=[1.000,1.000,1.000,1.000] c=[#c8a48b,#c8a48b,#c8a48b,#c8a48b] rank=[1,3,2,0] link:p=0.000 o=1.000
frame=203 t=2697.1 wall=2697.2 interval=7.58 dt=7.64 cpu_prev=7.253 effect_us=129 action=1 since_click=1693.1 since_commit=1087.1 animating=false repaint=after(68ms) source/Source:d=[1.000,1.000,1.000,1.000] c=[#c8a48b,#c8a48b,#c8a48b,#c8a48b] rank=[0,2,1,3] relay/Relay:d=[1.000,1.000,1.000,1.000] c=[#c8a48b,#c8a48b,#c8a48b,#c8a48b] rank=[0,1,3,2] header/Header:d=[1.000,1.000,1.000,1.000] c=[#c8a48b,#c8a48b,#c8a48b,#c8a48b] rank=[2,3,1,0] result/Result:d=[1.000,1.000,1.000,1.000] c=[#c8a48b,#c8a48b,#c8a48b,#c8a48b] rank=[1,3,2,0] link:p=0.000 o=1.000
frame=204 t=2704.6 wall=2704.8 interval=7.61 dt=7.55 cpu_prev=7.215 effect_us=123 action=1 since_click=1700.6 since_commit=1094.6 animating=false repaint=after(60ms) source/Source:d=[1.000,1.000,1.000,1.000] c=[#c8a48b,#c8a48b,#c8a48b,#c8a48b] rank=[0,2,1,3] relay/Relay:d=[1.000,1.000,1.000,1.000] c=[#c8a48b,#c8a48b,#c8a48b,#c8a48b] rank=[0,1,3,2] header/Header:d=[1.000,1.000,1.000,1.000] c=[#c8a48b,#c8a48b,#c8a48b,#c8a48b] rank=[2,3,1,0] result/Result:d=[1.000,1.000,1.000,1.000] c=[#c8a48b,#c8a48b,#c8a48b,#c8a48b] rank=[1,3,2,0] link:p=0.000 o=1.000
frame=205 t=2712.5 wall=2712.6 interval=7.84 dt=7.89 cpu_prev=7.408 effect_us=133 action=1 since_click=1708.5 since_commit=1102.5 animating=false repaint=after(53ms) source/Source:d=[1.000,1.000,1.000,1.000] c=[#c8a48b,#c8a48b,#c8a48b,#c8a48b] rank=[0,2,1,3] relay/Relay:d=[1.000,1.000,1.000,1.000] c=[#c8a48b,#c8a48b,#c8a48b,#c8a48b] rank=[0,1,3,2] header/Header:d=[1.000,1.000,1.000,1.000] c=[#c8a48b,#c8a48b,#c8a48b,#c8a48b] rank=[2,3,1,0] result/Result:d=[1.000,1.000,1.000,1.000] c=[#c8a48b,#c8a48b,#c8a48b,#c8a48b] rank=[1,3,2,0] link:p=0.000 o=1.000
frame=206 t=2721.1 wall=2721.2 interval=8.61 dt=8.60 cpu_prev=7.975 effect_us=127 action=1 since_click=1717.1 since_commit=1111.1 animating=false repaint=after(44ms) source/Source:d=[1.000,1.000,1.000,1.000] c=[#c8a48b,#c8a48b,#c8a48b,#c8a48b] rank=[0,2,1,3] relay/Relay:d=[1.000,1.000,1.000,1.000] c=[#c8a48b,#c8a48b,#c8a48b,#c8a48b] rank=[0,1,3,2] header/Header:d=[1.000,1.000,1.000,1.000] c=[#c8a48b,#c8a48b,#c8a48b,#c8a48b] rank=[2,3,1,0] result/Result:d=[1.000,1.000,1.000,1.000] c=[#c8a48b,#c8a48b,#c8a48b,#c8a48b] rank=[1,3,2,0] link:p=0.000 o=1.000
frame=207 t=2729.1 wall=2729.2 interval=7.95 dt=7.97 cpu_prev=7.431 effect_us=129 action=1 since_click=1725.1 since_commit=1119.1 animating=false repaint=after(36ms) source/Source:d=[1.000,1.000,1.000,1.000] c=[#c8a48b,#c8a48b,#c8a48b,#c8a48b] rank=[0,2,1,3] relay/Relay:d=[1.000,1.000,1.000,1.000] c=[#c8a48b,#c8a48b,#c8a48b,#c8a48b] rank=[0,1,3,2] header/Header:d=[1.000,1.000,1.000,1.000] c=[#c8a48b,#c8a48b,#c8a48b,#c8a48b] rank=[2,3,1,0] result/Result:d=[1.000,1.000,1.000,1.000] c=[#c8a48b,#c8a48b,#c8a48b,#c8a48b] rank=[1,3,2,0] link:p=0.000 o=1.000
frame=208 t=2738.2 wall=2738.3 interval=9.10 dt=9.05 cpu_prev=8.630 effect_us=126 action=1 since_click=1734.1 since_commit=1128.1 animating=false repaint=after(27ms) source/Source:d=[1.000,1.000,1.000,1.000] c=[#c8a48b,#c8a48b,#c8a48b,#c8a48b] rank=[0,2,1,3] relay/Relay:d=[1.000,1.000,1.000,1.000] c=[#c8a48b,#c8a48b,#c8a48b,#c8a48b] rank=[0,1,3,2] header/Header:d=[1.000,1.000,1.000,1.000] c=[#c8a48b,#c8a48b,#c8a48b,#c8a48b] rank=[2,3,1,0] result/Result:d=[1.000,1.000,1.000,1.000] c=[#c8a48b,#c8a48b,#c8a48b,#c8a48b] rank=[1,3,2,0] link:p=0.000 o=1.000
frame=209 t=2747.3 wall=2747.4 interval=9.10 dt=9.16 cpu_prev=8.866 effect_us=125 action=1 since_click=1743.3 since_commit=1137.3 animating=false repaint=after(18ms) source/Source:d=[1.000,1.000,1.000,1.000] c=[#c8a48b,#c8a48b,#c8a48b,#c8a48b] rank=[0,2,1,3] relay/Relay:d=[1.000,1.000,1.000,1.000] c=[#c8a48b,#c8a48b,#c8a48b,#c8a48b] rank=[0,1,3,2] header/Header:d=[1.000,1.000,1.000,1.000] c=[#c8a48b,#c8a48b,#c8a48b,#c8a48b] rank=[2,3,1,0] result/Result:d=[1.000,1.000,1.000,1.000] c=[#c8a48b,#c8a48b,#c8a48b,#c8a48b] rank=[1,3,2,0] link:p=0.000 o=1.000
frame=210 t=2756.6 wall=2756.8 interval=9.37 dt=9.30 cpu_prev=8.969 effect_us=126 action=1 since_click=1752.6 since_commit=1146.6 animating=false repaint=after(8ms) source/Source:d=[1.000,1.000,1.000,1.000] c=[#c8a48b,#c8a48b,#c8a48b,#c8a48b] rank=[0,2,1,3] relay/Relay:d=[1.000,1.000,1.000,1.000] c=[#c8a48b,#c8a48b,#c8a48b,#c8a48b] rank=[0,1,3,2] header/Header:d=[1.000,1.000,1.000,1.000] c=[#c8a48b,#c8a48b,#c8a48b,#c8a48b] rank=[2,3,1,0] result/Result:d=[1.000,1.000,1.000,1.000] c=[#c8a48b,#c8a48b,#c8a48b,#c8a48b] rank=[1,3,2,0] link:p=0.000 o=1.000
frame=211 t=2765.0 wall=2765.0 interval=8.25 dt=8.33 cpu_prev=8.026 effect_us=124 action=1 since_click=1760.9 since_commit=1154.9 animating=false repaint=after(0ms) source/Source:d=[1.000,1.000,1.000,1.000] c=[#c8a48b,#c8a48b,#c8a48b,#c8a48b] rank=[0,2,1,3] relay/Relay:d=[1.000,1.000,1.000,1.000] c=[#c8a48b,#c8a48b,#c8a48b,#c8a48b] rank=[0,1,3,2] header/Header:d=[1.000,1.000,1.000,1.000] c=[#c8a48b,#c8a48b,#c8a48b,#c8a48b] rank=[2,3,1,0] result/Result:d=[1.000,1.000,1.000,1.000] c=[#c8a48b,#c8a48b,#c8a48b,#c8a48b] rank=[1,3,2,0] link:p=0.000 o=1.000
frame=212 t=2774.2 wall=2774.4 interval=9.34 dt=9.26 cpu_prev=8.945 effect_us=92 action=1 since_click=1770.2 since_commit=1164.2 animating=false repaint=none source/Source:d=[1.000,1.000,1.000,1.000] c=[#c8a48b,#c8a48b,#c8a48b,#c8a48b] rank=[0,2,1,3] header/Header:d=[1.000,1.000,1.000,1.000] c=[#c8a48b,#c8a48b,#c8a48b,#c8a48b] rank=[2,3,1,0] result/Result:d=[1.000,1.000,1.000,1.000] c=[#c8a48b,#c8a48b,#c8a48b,#c8a48b] rank=[1,3,2,0] link:p=0.000 o=1.000
frame=213 t=2782.3 wall=2782.3 interval=7.98 dt=8.06 cpu_prev=7.716 effect_us=94 action=1 since_click=1778.3 since_commit=1172.2 animating=false repaint=none source/Source:d=[1.000,1.000,1.000,1.000] c=[#c8a48b,#c8a48b,#c8a48b,#c8a48b] rank=[0,2,1,3] header/Header:d=[1.000,1.000,1.000,1.000] c=[#c8a48b,#c8a48b,#c8a48b,#c8a48b] rank=[2,3,1,0] result/Result:d=[1.000,1.000,1.000,1.000] c=[#c8a48b,#c8a48b,#c8a48b,#c8a48b] rank=[1,3,2,0] link:p=0.000 o=1.000
frame=214 t=2792.6 wall=2792.8 interval=10.43 dt=10.35 cpu_prev=9.977 effect_us=95 action=1 since_click=1788.6 since_commit=1182.6 animating=false repaint=none source/Source:d=[1.000,1.000,1.000,1.000] c=[#c8a48b,#c8a48b,#c8a48b,#c8a48b] rank=[0,2,1,3] header/Header:d=[1.000,1.000,1.000,1.000] c=[#c8a48b,#c8a48b,#c8a48b,#c8a48b] rank=[2,3,1,0] result/Result:d=[1.000,1.000,1.000,1.000] c=[#c8a48b,#c8a48b,#c8a48b,#c8a48b] rank=[1,3,2,0] link:p=0.000 o=1.000
frame=215 t=2801.8 wall=2801.8 interval=9.07 dt=9.15 cpu_prev=8.826 effect_us=94 action=1 since_click=1797.8 since_commit=1191.7 animating=false repaint=none source/Source:d=[1.000,1.000,1.000,1.000] c=[#c8a48b,#c8a48b,#c8a48b,#c8a48b] rank=[0,2,1,3] header/Header:d=[1.000,1.000,1.000,1.000] c=[#c8a48b,#c8a48b,#c8a48b,#c8a48b] rank=[2,3,1,0] result/Result:d=[1.000,1.000,1.000,1.000] c=[#c8a48b,#c8a48b,#c8a48b,#c8a48b] rank=[1,3,2,0] link:p=0.000 o=1.000
frame=216 t=2819.4 wall=2819.5 interval=17.70 dt=17.64 cpu_prev=17.353 effect_us=98 action=1 since_click=1815.4 since_commit=1209.4 animating=false repaint=none source/Source:d=[1.000,1.000,1.000,1.000] c=[#c8a48b,#c8a48b,#c8a48b,#c8a48b] rank=[0,2,1,3] header/Header:d=[1.000,1.000,1.000,1.000] c=[#c8a48b,#c8a48b,#c8a48b,#c8a48b] rank=[2,3,1,0] result/Result:d=[1.000,1.000,1.000,1.000] c=[#c8a48b,#c8a48b,#c8a48b,#c8a48b] rank=[1,3,2,0] link:p=0.000 o=1.000
frame=217 t=2827.6 wall=2827.6 interval=8.10 dt=8.16 cpu_prev=7.832 effect_us=95 action=1 since_click=1823.6 since_commit=1217.6 animating=false repaint=none source/Source:d=[1.000,1.000,1.000,1.000] c=[#c8a48b,#c8a48b,#c8a48b,#c8a48b] rank=[0,2,1,3] header/Header:d=[1.000,1.000,1.000,1.000] c=[#c8a48b,#c8a48b,#c8a48b,#c8a48b] rank=[2,3,1,0] result/Result:d=[1.000,1.000,1.000,1.000] c=[#c8a48b,#c8a48b,#c8a48b,#c8a48b] rank=[1,3,2,0] link:p=0.000 o=1.000
frame=218 t=2835.5 wall=2835.6 interval=7.99 dt=7.95 cpu_prev=7.622 effect_us=97 action=1 since_click=1831.5 since_commit=1225.5 animating=false repaint=none source/Source:d=[1.000,1.000,1.000,1.000] c=[#c8a48b,#c8a48b,#c8a48b,#c8a48b] rank=[0,2,1,3] header/Header:d=[1.000,1.000,1.000,1.000] c=[#c8a48b,#c8a48b,#c8a48b,#c8a48b] rank=[2,3,1,0] result/Result:d=[1.000,1.000,1.000,1.000] c=[#c8a48b,#c8a48b,#c8a48b,#c8a48b] rank=[1,3,2,0] link:p=0.000 o=1.000
frame=219 t=2846.2 wall=2846.3 interval=10.62 dt=10.66 cpu_prev=10.366 effect_us=97 action=1 since_click=1842.2 since_commit=1236.2 animating=false repaint=none source/Source:d=[1.000,1.000,1.000,1.000] c=[#c8a48b,#c8a48b,#c8a48b,#c8a48b] rank=[0,2,1,3] header/Header:d=[1.000,1.000,1.000,1.000] c=[#c8a48b,#c8a48b,#c8a48b,#c8a48b] rank=[2,3,1,0] result/Result:d=[1.000,1.000,1.000,1.000] c=[#c8a48b,#c8a48b,#c8a48b,#c8a48b] rank=[1,3,2,0] link:p=0.000 o=1.000
frame=220 t=2854.4 wall=2854.5 interval=8.28 dt=8.22 cpu_prev=7.734 effect_us=94 action=1 since_click=1850.4 since_commit=1244.4 animating=false repaint=none source/Source:d=[1.000,1.000,1.000,1.000] c=[#c8a48b,#c8a48b,#c8a48b,#c8a48b] rank=[0,2,1,3] header/Header:d=[1.000,1.000,1.000,1.000] c=[#c8a48b,#c8a48b,#c8a48b,#c8a48b] rank=[2,3,1,0] result/Result:d=[1.000,1.000,1.000,1.000] c=[#c8a48b,#c8a48b,#c8a48b,#c8a48b] rank=[1,3,2,0] link:p=0.000 o=1.000
frame=221 t=2869.0 wall=2869.0 interval=14.47 dt=14.53 cpu_prev=14.203 effect_us=98 action=1 since_click=1864.9 since_commit=1258.9 animating=false repaint=none source/Source:d=[1.000,1.000,1.000,1.000] c=[#c8a48b,#c8a48b,#c8a48b,#c8a48b] rank=[0,2,1,3] header/Header:d=[1.000,1.000,1.000,1.000] c=[#c8a48b,#c8a48b,#c8a48b,#c8a48b] rank=[2,3,1,0] result/Result:d=[1.000,1.000,1.000,1.000] c=[#c8a48b,#c8a48b,#c8a48b,#c8a48b] rank=[1,3,2,0] link:p=0.000 o=1.000
frame=222 t=2881.1 wall=2881.2 interval=12.19 dt=12.15 cpu_prev=11.481 effect_us=94 action=1 since_click=1877.1 since_commit=1271.1 animating=false repaint=none source/Source:d=[1.000,1.000,1.000,1.000] c=[#c8a48b,#c8a48b,#c8a48b,#c8a48b] rank=[0,2,1,3] header/Header:d=[1.000,1.000,1.000,1.000] c=[#c8a48b,#c8a48b,#c8a48b,#c8a48b] rank=[2,3,1,0] result/Result:d=[1.000,1.000,1.000,1.000] c=[#c8a48b,#c8a48b,#c8a48b,#c8a48b] rank=[1,3,2,0] link:p=0.000 o=1.000
frame=223 t=2889.1 wall=2889.3 interval=8.13 dt=8.04 cpu_prev=7.732 effect_us=95 action=1 since_click=1885.1 since_commit=1279.1 animating=false repaint=none source/Source:d=[1.000,1.000,1.000,1.000] c=[#c8a48b,#c8a48b,#c8a48b,#c8a48b] rank=[0,2,1,3] header/Header:d=[1.000,1.000,1.000,1.000] c=[#c8a48b,#c8a48b,#c8a48b,#c8a48b] rank=[2,3,1,0] result/Result:d=[1.000,1.000,1.000,1.000] c=[#c8a48b,#c8a48b,#c8a48b,#c8a48b] rank=[1,3,2,0] link:p=0.000 o=1.000
frame=224 t=2897.6 wall=2897.7 interval=8.39 dt=8.49 cpu_prev=8.203 effect_us=95 action=1 since_click=1893.6 since_commit=1287.6 animating=false repaint=none source/Source:d=[1.000,1.000,1.000,1.000] c=[#c8a48b,#c8a48b,#c8a48b,#c8a48b] rank=[0,2,1,3] header/Header:d=[1.000,1.000,1.000,1.000] c=[#c8a48b,#c8a48b,#c8a48b,#c8a48b] rank=[2,3,1,0] result/Result:d=[1.000,1.000,1.000,1.000] c=[#c8a48b,#c8a48b,#c8a48b,#c8a48b] rank=[1,3,2,0] link:p=0.000 o=1.000
frame=225 t=2905.3 wall=2905.3 interval=7.58 dt=7.62 cpu_prev=7.344 effect_us=98 action=1 since_click=1901.2 since_commit=1295.2 animating=false repaint=none source/Source:d=[1.000,1.000,1.000,1.000] c=[#c8a48b,#c8a48b,#c8a48b,#c8a48b] rank=[0,2,1,3] header/Header:d=[1.000,1.000,1.000,1.000] c=[#c8a48b,#c8a48b,#c8a48b,#c8a48b] rank=[2,3,1,0] result/Result:d=[1.000,1.000,1.000,1.000] c=[#c8a48b,#c8a48b,#c8a48b,#c8a48b] rank=[1,3,2,0] link:p=0.000 o=1.000
frame=226 t=2913.1 wall=2913.2 interval=7.88 dt=7.81 cpu_prev=7.462 effect_us=95 action=1 since_click=1909.0 since_commit=1303.0 animating=false repaint=none source/Source:d=[1.000,1.000,1.000,1.000] c=[#c8a48b,#c8a48b,#c8a48b,#c8a48b] rank=[0,2,1,3] header/Header:d=[1.000,1.000,1.000,1.000] c=[#c8a48b,#c8a48b,#c8a48b,#c8a48b] rank=[2,3,1,0] result/Result:d=[1.000,1.000,1.000,1.000] c=[#c8a48b,#c8a48b,#c8a48b,#c8a48b] rank=[1,3,2,0] link:p=0.000 o=1.000
frame=227 t=2920.4 wall=2920.5 interval=7.27 dt=7.30 cpu_prev=6.970 effect_us=97 action=1 since_click=1916.3 since_commit=1310.3 animating=false repaint=none source/Source:d=[1.000,1.000,1.000,1.000] c=[#c8a48b,#c8a48b,#c8a48b,#c8a48b] rank=[0,2,1,3] header/Header:d=[1.000,1.000,1.000,1.000] c=[#c8a48b,#c8a48b,#c8a48b,#c8a48b] rank=[2,3,1,0] result/Result:d=[1.000,1.000,1.000,1.000] c=[#c8a48b,#c8a48b,#c8a48b,#c8a48b] rank=[1,3,2,0] link:p=0.000 o=1.000
frame=228 t=2928.6 wall=2928.7 interval=8.26 dt=8.26 cpu_prev=7.988 effect_us=93 action=1 since_click=1924.6 since_commit=1318.6 animating=false repaint=none source/Source:d=[1.000,1.000,1.000,1.000] c=[#c8a48b,#c8a48b,#c8a48b,#c8a48b] rank=[0,2,1,3] header/Header:d=[1.000,1.000,1.000,1.000] c=[#c8a48b,#c8a48b,#c8a48b,#c8a48b] rank=[2,3,1,0] result/Result:d=[1.000,1.000,1.000,1.000] c=[#c8a48b,#c8a48b,#c8a48b,#c8a48b] rank=[1,3,2,0] link:p=0.000 o=1.000
frame=229 t=2936.4 wall=2936.5 interval=7.76 dt=7.81 cpu_prev=7.518 effect_us=93 action=1 since_click=1932.4 since_commit=1326.4 animating=false repaint=none source/Source:d=[1.000,1.000,1.000,1.000] c=[#c8a48b,#c8a48b,#c8a48b,#c8a48b] rank=[0,2,1,3] header/Header:d=[1.000,1.000,1.000,1.000] c=[#c8a48b,#c8a48b,#c8a48b,#c8a48b] rank=[2,3,1,0] result/Result:d=[1.000,1.000,1.000,1.000] c=[#c8a48b,#c8a48b,#c8a48b,#c8a48b] rank=[1,3,2,0] link:p=0.000 o=1.000
frame=230 t=2944.2 wall=2944.4 interval=7.88 dt=7.79 cpu_prev=7.452 effect_us=97 action=1 since_click=1940.2 since_commit=1334.2 animating=false repaint=none source/Source:d=[1.000,1.000,1.000,1.000] c=[#c8a48b,#c8a48b,#c8a48b,#c8a48b] rank=[0,2,1,3] header/Header:d=[1.000,1.000,1.000,1.000] c=[#c8a48b,#c8a48b,#c8a48b,#c8a48b] rank=[2,3,1,0] result/Result:d=[1.000,1.000,1.000,1.000] c=[#c8a48b,#c8a48b,#c8a48b,#c8a48b] rank=[1,3,2,0] link:p=0.000 o=1.000
frame=231 t=2952.0 wall=2952.0 interval=7.64 dt=7.74 cpu_prev=7.484 effect_us=92 action=1 since_click=1947.9 since_commit=1341.9 animating=false repaint=none source/Source:d=[1.000,1.000,1.000,1.000] c=[#c8a48b,#c8a48b,#c8a48b,#c8a48b] rank=[0,2,1,3] header/Header:d=[1.000,1.000,1.000,1.000] c=[#c8a48b,#c8a48b,#c8a48b,#c8a48b] rank=[2,3,1,0] result/Result:d=[1.000,1.000,1.000,1.000] c=[#c8a48b,#c8a48b,#c8a48b,#c8a48b] rank=[1,3,2,0] link:p=0.000 o=1.000
frame=232 t=2965.0 wall=2965.1 interval=13.08 dt=13.03 cpu_prev=12.724 effect_us=93 action=1 since_click=1961.0 since_commit=1354.9 animating=false repaint=none source/Source:d=[1.000,1.000,1.000,1.000] c=[#c8a48b,#c8a48b,#c8a48b,#c8a48b] rank=[0,2,1,3] header/Header:d=[1.000,1.000,1.000,1.000] c=[#c8a48b,#c8a48b,#c8a48b,#c8a48b] rank=[2,3,1,0] result/Result:d=[1.000,1.000,1.000,1.000] c=[#c8a48b,#c8a48b,#c8a48b,#c8a48b] rank=[1,3,2,0] link:p=0.000 o=1.000
frame=233 t=2972.5 wall=2972.5 interval=7.43 dt=7.48 cpu_prev=7.197 effect_us=100 action=1 since_click=1968.4 since_commit=1362.4 animating=false repaint=none source/Source:d=[1.000,1.000,1.000,1.000] c=[#c8a48b,#c8a48b,#c8a48b,#c8a48b] rank=[0,2,1,3] header/Header:d=[1.000,1.000,1.000,1.000] c=[#c8a48b,#c8a48b,#c8a48b,#c8a48b] rank=[2,3,1,0] result/Result:d=[1.000,1.000,1.000,1.000] c=[#c8a48b,#c8a48b,#c8a48b,#c8a48b] rank=[1,3,2,0] link:p=0.000 o=1.000
frame=234 t=2984.8 wall=2984.9 interval=12.37 dt=12.33 cpu_prev=7.791 effect_us=93 action=1 since_click=1980.8 since_commit=1374.8 animating=false repaint=none source/Source:d=[1.000,1.000,1.000,1.000] c=[#c8a48b,#c8a48b,#c8a48b,#c8a48b] rank=[0,2,1,3] header/Header:d=[1.000,1.000,1.000,1.000] c=[#c8a48b,#c8a48b,#c8a48b,#c8a48b] rank=[2,3,1,0] result/Result:d=[1.000,1.000,1.000,1.000] c=[#c8a48b,#c8a48b,#c8a48b,#c8a48b] rank=[1,3,2,0] link:p=0.000 o=1.000
frame=235 t=2995.6 wall=2995.7 interval=10.82 dt=10.86 cpu_prev=8.433 effect_us=112 action=1 since_click=1991.6 since_commit=1385.6 animating=false repaint=none source/Source:d=[1.000,1.000,1.000,1.000] c=[#c8a48b,#c8a48b,#c8a48b,#c8a48b] rank=[0,2,1,3] header/Header:d=[1.000,1.000,1.000,1.000] c=[#c8a48b,#c8a48b,#c8a48b,#c8a48b] rank=[2,3,1,0] result/Result:d=[1.000,1.000,1.000,1.000] c=[#c8a48b,#c8a48b,#c8a48b,#c8a48b] rank=[1,3,2,0] link:p=0.000 o=1.000
frame=236 t=3004.6 wall=3004.7 interval=8.97 dt=8.92 cpu_prev=8.653 effect_us=93 action=1 since_click=2000.5 since_commit=1394.5 animating=false repaint=none source/Source:d=[1.000,1.000,1.000,1.000] c=[#c8a48b,#c8a48b,#c8a48b,#c8a48b] rank=[0,2,1,3] header/Header:d=[1.000,1.000,1.000,1.000] c=[#c8a48b,#c8a48b,#c8a48b,#c8a48b] rank=[2,3,1,0] result/Result:d=[1.000,1.000,1.000,1.000] c=[#c8a48b,#c8a48b,#c8a48b,#c8a48b] rank=[1,3,2,0] link:p=0.000 o=1.000
frame=237 t=3012.2 wall=3012.2 interval=7.57 dt=7.61 cpu_prev=7.319 effect_us=92 action=1 since_click=2008.1 since_commit=1402.1 animating=false repaint=none source/Source:d=[1.000,1.000,1.000,1.000] c=[#c8a48b,#c8a48b,#c8a48b,#c8a48b] rank=[0,2,1,3] header/Header:d=[1.000,1.000,1.000,1.000] c=[#c8a48b,#c8a48b,#c8a48b,#c8a48b] rank=[2,3,1,0] result/Result:d=[1.000,1.000,1.000,1.000] c=[#c8a48b,#c8a48b,#c8a48b,#c8a48b] rank=[1,3,2,0] link:p=0.000 o=1.000
frame=238 t=3020.8 wall=3020.9 interval=8.70 dt=8.65 cpu_prev=8.280 effect_us=93 action=1 since_click=2016.8 since_commit=1410.8 animating=false repaint=none source/Source:d=[1.000,1.000,1.000,1.000] c=[#c8a48b,#c8a48b,#c8a48b,#c8a48b] rank=[0,2,1,3] header/Header:d=[1.000,1.000,1.000,1.000] c=[#c8a48b,#c8a48b,#c8a48b,#c8a48b] rank=[2,3,1,0] result/Result:d=[1.000,1.000,1.000,1.000] c=[#c8a48b,#c8a48b,#c8a48b,#c8a48b] rank=[1,3,2,0] link:p=0.000 o=1.000
frame=239 t=3032.2 wall=3032.1 interval=11.14 dt=11.33 cpu_prev=0.391 effect_us=92 action=1 since_click=2028.1 since_commit=1422.1 animating=false repaint=none source/Source:d=[1.000,1.000,1.000,1.000] c=[#c8a48b,#c8a48b,#c8a48b,#c8a48b] rank=[0,2,1,3] header/Header:d=[1.000,1.000,1.000,1.000] c=[#c8a48b,#c8a48b,#c8a48b,#c8a48b] rank=[2,3,1,0] result/Result:d=[1.000,1.000,1.000,1.000] c=[#c8a48b,#c8a48b,#c8a48b,#c8a48b] rank=[1,3,2,0] link:p=0.000 o=1.000
frame=240 t=3040.5 wall=3040.4 interval=8.35 dt=8.35 cpu_prev=0.181 effect_us=97 action=1 since_click=2036.5 since_commit=1430.5 animating=false repaint=none source/Source:d=[1.000,1.000,1.000,1.000] c=[#c8a48b,#c8a48b,#c8a48b,#c8a48b] rank=[0,2,1,3] header/Header:d=[1.000,1.000,1.000,1.000] c=[#c8a48b,#c8a48b,#c8a48b,#c8a48b] rank=[2,3,1,0] result/Result:d=[1.000,1.000,1.000,1.000] c=[#c8a48b,#c8a48b,#c8a48b,#c8a48b] rank=[1,3,2,0] link:p=0.000 o=1.000
frame=241 t=3057.2 wall=3057.1 interval=16.65 dt=16.65 cpu_prev=0.181 effect_us=89 action=1 since_click=2053.1 since_commit=1447.1 animating=false repaint=none source/Source:d=[1.000,1.000,1.000,1.000] c=[#c8a48b,#c8a48b,#c8a48b,#c8a48b] rank=[0,2,1,3] header/Header:d=[1.000,1.000,1.000,1.000] c=[#c8a48b,#c8a48b,#c8a48b,#c8a48b] rank=[2,3,1,0] result/Result:d=[1.000,1.000,1.000,1.000] c=[#c8a48b,#c8a48b,#c8a48b,#c8a48b] rank=[1,3,2,0] link:p=0.000 o=1.000
frame=242 t=3073.9 wall=3073.8 interval=16.75 dt=16.75 cpu_prev=0.202 effect_us=82 action=1 since_click=2069.9 since_commit=1463.9 animating=false repaint=none source/Source:d=[1.000,1.000,1.000,1.000] c=[#c8a48b,#c8a48b,#c8a48b,#c8a48b] rank=[0,2,1,3] header/Header:d=[1.000,1.000,1.000,1.000] c=[#c8a48b,#c8a48b,#c8a48b,#c8a48b] rank=[2,3,1,0] result/Result:d=[1.000,1.000,1.000,1.000] c=[#c8a48b,#c8a48b,#c8a48b,#c8a48b] rank=[1,3,2,0] link:p=0.000 o=1.000
frame=243 t=3082.2 wall=3082.1 interval=8.28 dt=8.28 cpu_prev=0.210 effect_us=82 action=1 since_click=2078.2 since_commit=1472.2 animating=false repaint=none source/Source:d=[1.000,1.000,1.000,1.000] c=[#c8a48b,#c8a48b,#c8a48b,#c8a48b] rank=[0,2,1,3] header/Header:d=[1.000,1.000,1.000,1.000] c=[#c8a48b,#c8a48b,#c8a48b,#c8a48b] rank=[2,3,1,0] result/Result:d=[1.000,1.000,1.000,1.000] c=[#c8a48b,#c8a48b,#c8a48b,#c8a48b] rank=[1,3,2,0] link:p=0.000 o=1.000
frame=244 t=3098.9 wall=3098.8 interval=16.71 dt=16.71 cpu_prev=0.179 effect_us=83 action=1 since_click=2094.9 since_commit=1488.9 animating=false repaint=none source/Source:d=[1.000,1.000,1.000,1.000] c=[#c8a48b,#c8a48b,#c8a48b,#c8a48b] rank=[0,2,1,3] header/Header:d=[1.000,1.000,1.000,1.000] c=[#c8a48b,#c8a48b,#c8a48b,#c8a48b] rank=[2,3,1,0] result/Result:d=[1.000,1.000,1.000,1.000] c=[#c8a48b,#c8a48b,#c8a48b,#c8a48b] rank=[1,3,2,0] link:p=0.000 o=1.000
frame=245 t=3115.6 wall=3115.5 interval=16.67 dt=16.67 cpu_prev=0.196 effect_us=88 action=1 since_click=2111.5 since_commit=1505.5 animating=false repaint=none source/Source:d=[1.000,1.000,1.000,1.000] c=[#c8a48b,#c8a48b,#c8a48b,#c8a48b] rank=[0,2,1,3] header/Header:d=[1.000,1.000,1.000,1.000] c=[#c8a48b,#c8a48b,#c8a48b,#c8a48b] rank=[2,3,1,0] result/Result:d=[1.000,1.000,1.000,1.000] c=[#c8a48b,#c8a48b,#c8a48b,#c8a48b] rank=[1,3,2,0] link:p=0.000 o=1.000
frame=246 t=3123.8 wall=3123.7 interval=8.26 dt=8.27 cpu_prev=0.199 effect_us=88 action=1 since_click=2119.8 since_commit=1513.8 animating=false repaint=none source/Source:d=[1.000,1.000,1.000,1.000] c=[#c8a48b,#c8a48b,#c8a48b,#c8a48b] rank=[0,2,1,3] header/Header:d=[1.000,1.000,1.000,1.000] c=[#c8a48b,#c8a48b,#c8a48b,#c8a48b] rank=[2,3,1,0] result/Result:d=[1.000,1.000,1.000,1.000] c=[#c8a48b,#c8a48b,#c8a48b,#c8a48b] rank=[1,3,2,0] link:p=0.000 o=1.000
frame=247 t=3140.5 wall=3140.4 interval=16.70 dt=16.69 cpu_prev=0.173 effect_us=89 action=1 since_click=2136.5 since_commit=1530.5 animating=false repaint=none source/Source:d=[1.000,1.000,1.000,1.000] c=[#c8a48b,#c8a48b,#c8a48b,#c8a48b] rank=[0,2,1,3] header/Header:d=[1.000,1.000,1.000,1.000] c=[#c8a48b,#c8a48b,#c8a48b,#c8a48b] rank=[2,3,1,0] result/Result:d=[1.000,1.000,1.000,1.000] c=[#c8a48b,#c8a48b,#c8a48b,#c8a48b] rank=[1,3,2,0] link:p=0.000 o=1.000
frame=248 t=3157.2 wall=3157.1 interval=16.69 dt=16.69 cpu_prev=0.180 effect_us=89 action=1 since_click=2153.2 since_commit=1547.2 animating=false repaint=none source/Source:d=[1.000,1.000,1.000,1.000] c=[#c8a48b,#c8a48b,#c8a48b,#c8a48b] rank=[0,2,1,3] header/Header:d=[1.000,1.000,1.000,1.000] c=[#c8a48b,#c8a48b,#c8a48b,#c8a48b] rank=[2,3,1,0] result/Result:d=[1.000,1.000,1.000,1.000] c=[#c8a48b,#c8a48b,#c8a48b,#c8a48b] rank=[1,3,2,0] link:p=0.000 o=1.000
frame=249 t=3165.5 wall=3165.4 interval=8.31 dt=8.31 cpu_prev=0.196 effect_us=90 action=1 since_click=2161.5 since_commit=1555.5 animating=false repaint=none source/Source:d=[1.000,1.000,1.000,1.000] c=[#c8a48b,#c8a48b,#c8a48b,#c8a48b] rank=[0,2,1,3] header/Header:d=[1.000,1.000,1.000,1.000] c=[#c8a48b,#c8a48b,#c8a48b,#c8a48b] rank=[2,3,1,0] result/Result:d=[1.000,1.000,1.000,1.000] c=[#c8a48b,#c8a48b,#c8a48b,#c8a48b] rank=[1,3,2,0] link:p=0.000 o=1.000
frame=250 t=3182.3 wall=3182.2 interval=16.81 dt=16.80 cpu_prev=0.192 effect_us=91 action=1 since_click=2178.3 since_commit=1572.3 animating=false repaint=none source/Source:d=[1.000,1.000,1.000,1.000] c=[#c8a48b,#c8a48b,#c8a48b,#c8a48b] rank=[0,2,1,3] header/Header:d=[1.000,1.000,1.000,1.000] c=[#c8a48b,#c8a48b,#c8a48b,#c8a48b] rank=[2,3,1,0] result/Result:d=[1.000,1.000,1.000,1.000] c=[#c8a48b,#c8a48b,#c8a48b,#c8a48b] rank=[1,3,2,0] link:p=0.000 o=1.000
frame=251 t=3198.9 wall=3198.9 interval=16.63 dt=16.63 cpu_prev=0.265 effect_us=83 action=1 since_click=2194.9 since_commit=1588.9 animating=false repaint=none source/Source:d=[1.000,1.000,1.000,1.000] c=[#c8a48b,#c8a48b,#c8a48b,#c8a48b] rank=[0,2,1,3] header/Header:d=[1.000,1.000,1.000,1.000] c=[#c8a48b,#c8a48b,#c8a48b,#c8a48b] rank=[2,3,1,0] result/Result:d=[1.000,1.000,1.000,1.000] c=[#c8a48b,#c8a48b,#c8a48b,#c8a48b] rank=[1,3,2,0] link:p=0.000 o=1.000
frame=252 t=3207.4 wall=3207.3 interval=8.48 dt=8.49 cpu_prev=0.202 effect_us=84 action=1 since_click=2203.4 since_commit=1597.4 animating=false repaint=none source/Source:d=[1.000,1.000,1.000,1.000] c=[#c8a48b,#c8a48b,#c8a48b,#c8a48b] rank=[0,2,1,3] header/Header:d=[1.000,1.000,1.000,1.000] c=[#c8a48b,#c8a48b,#c8a48b,#c8a48b] rank=[2,3,1,0] result/Result:d=[1.000,1.000,1.000,1.000] c=[#c8a48b,#c8a48b,#c8a48b,#c8a48b] rank=[1,3,2,0] link:p=0.000 o=1.000
frame=253 t=3209.6 wall=3209.5 interval=2.20 dt=2.20 cpu_prev=0.187 effect_us=89 action=1 since_click=2205.6 since_commit=1599.6 animating=false repaint=none source/Source:d=[1.000,1.000,1.000,1.000] c=[#c8a48b,#c8a48b,#c8a48b,#c8a48b] rank=[0,2,1,3] header/Header:d=[1.000,1.000,1.000,1.000] c=[#c8a48b,#c8a48b,#c8a48b,#c8a48b] rank=[2,3,1,0] result/Result:d=[1.000,1.000,1.000,1.000] c=[#c8a48b,#c8a48b,#c8a48b,#c8a48b] rank=[1,3,2,0] link:p=0.000 o=1.000
frame=254 t=3224.1 wall=3224.0 interval=14.45 dt=14.45 cpu_prev=0.163 effect_us=90 action=1 since_click=2220.1 since_commit=1614.0 animating=false repaint=none source/Source:d=[1.000,1.000,1.000,1.000] c=[#c8a48b,#c8a48b,#c8a48b,#c8a48b] rank=[0,2,1,3] header/Header:d=[1.000,1.000,1.000,1.000] c=[#c8a48b,#c8a48b,#c8a48b,#c8a48b] rank=[2,3,1,0] result/Result:d=[1.000,1.000,1.000,1.000] c=[#c8a48b,#c8a48b,#c8a48b,#c8a48b] rank=[1,3,2,0] link:p=0.000 o=1.000
frame=255 t=3232.2 wall=3232.1 interval=8.09 dt=8.09 cpu_prev=0.201 effect_us=89 action=1 since_click=2228.1 since_commit=1622.1 animating=false repaint=none source/Source:d=[1.000,1.000,1.000,1.000] c=[#c8a48b,#c8a48b,#c8a48b,#c8a48b] rank=[0,2,1,3] header/Header:d=[1.000,1.000,1.000,1.000] c=[#c8a48b,#c8a48b,#c8a48b,#c8a48b] rank=[2,3,1,0] result/Result:d=[1.000,1.000,1.000,1.000] c=[#c8a48b,#c8a48b,#c8a48b,#c8a48b] rank=[1,3,2,0] link:p=0.000 o=1.000
frame=256 t=3249.1 wall=3249.0 interval=16.93 dt=16.93 cpu_prev=0.173 effect_us=90 action=1 since_click=2245.1 since_commit=1639.1 animating=false repaint=none source/Source:d=[1.000,1.000,1.000,1.000] c=[#c8a48b,#c8a48b,#c8a48b,#c8a48b] rank=[0,2,1,3] header/Header:d=[1.000,1.000,1.000,1.000] c=[#c8a48b,#c8a48b,#c8a48b,#c8a48b] rank=[2,3,1,0] result/Result:d=[1.000,1.000,1.000,1.000] c=[#c8a48b,#c8a48b,#c8a48b,#c8a48b] rank=[1,3,2,0] link:p=0.000 o=1.000
frame=257 t=3265.5 wall=3265.4 interval=16.40 dt=16.40 cpu_prev=0.191 effect_us=81 action=1 since_click=2261.5 since_commit=1655.5 animating=false repaint=none source/Source:d=[1.000,1.000,1.000,1.000] c=[#c8a48b,#c8a48b,#c8a48b,#c8a48b] rank=[0,2,1,3] header/Header:d=[1.000,1.000,1.000,1.000] c=[#c8a48b,#c8a48b,#c8a48b,#c8a48b] rank=[2,3,1,0] result/Result:d=[1.000,1.000,1.000,1.000] c=[#c8a48b,#c8a48b,#c8a48b,#c8a48b] rank=[1,3,2,0] link:p=0.000 o=1.000
frame=258 t=3274.0 wall=3273.9 interval=8.51 dt=8.51 cpu_prev=0.166 effect_us=83 action=1 since_click=2270.0 since_commit=1664.0 animating=false repaint=none source/Source:d=[1.000,1.000,1.000,1.000] c=[#c8a48b,#c8a48b,#c8a48b,#c8a48b] rank=[0,2,1,3] header/Header:d=[1.000,1.000,1.000,1.000] c=[#c8a48b,#c8a48b,#c8a48b,#c8a48b] rank=[2,3,1,0] result/Result:d=[1.000,1.000,1.000,1.000] c=[#c8a48b,#c8a48b,#c8a48b,#c8a48b] rank=[1,3,2,0] link:p=0.000 o=1.000
frame=259 t=3276.3 wall=3276.2 interval=2.31 dt=2.31 cpu_prev=0.163 effect_us=88 action=1 since_click=2272.3 since_commit=1666.3 animating=false repaint=none source/Source:d=[1.000,1.000,1.000,1.000] c=[#c8a48b,#c8a48b,#c8a48b,#c8a48b] rank=[0,2,1,3] header/Header:d=[1.000,1.000,1.000,1.000] c=[#c8a48b,#c8a48b,#c8a48b,#c8a48b] rank=[2,3,1,0] result/Result:d=[1.000,1.000,1.000,1.000] c=[#c8a48b,#c8a48b,#c8a48b,#c8a48b] rank=[1,3,2,0] link:p=0.000 o=1.000
frame=260 t=3291.1 wall=3291.0 interval=14.80 dt=14.79 cpu_prev=0.190 effect_us=98 action=1 since_click=2287.1 since_commit=1681.1 animating=false repaint=none source/Source:d=[1.000,1.000,1.000,1.000] c=[#c8a48b,#c8a48b,#c8a48b,#c8a48b] rank=[0,2,1,3] header/Header:d=[1.000,1.000,1.000,1.000] c=[#c8a48b,#c8a48b,#c8a48b,#c8a48b] rank=[2,3,1,0] result/Result:d=[1.000,1.000,1.000,1.000] c=[#c8a48b,#c8a48b,#c8a48b,#c8a48b] rank=[1,3,2,0] link:p=0.000 o=1.000
frame=261 t=3299.0 wall=3298.9 interval=7.89 dt=7.89 cpu_prev=0.601 effect_us=95 action=1 since_click=2295.0 since_commit=1689.0 animating=false repaint=none source/Source:d=[1.000,1.000,1.000,1.000] c=[#c8a48b,#c8a48b,#c8a48b,#c8a48b] rank=[0,2,1,3] header/Header:d=[1.000,1.000,1.000,1.000] c=[#c8a48b,#c8a48b,#c8a48b,#c8a48b] rank=[2,3,1,0] result/Result:d=[1.000,1.000,1.000,1.000] c=[#c8a48b,#c8a48b,#c8a48b,#c8a48b] rank=[1,3,2,0] link:p=0.000 o=1.000
frame=262 t=3301.5 wall=3301.4 interval=2.49 dt=2.49 cpu_prev=0.264 effect_us=94 action=1 since_click=2297.5 since_commit=1691.5 animating=false repaint=none source/Source:d=[1.000,1.000,1.000,1.000] c=[#c8a48b,#c8a48b,#c8a48b,#c8a48b] rank=[0,2,1,3] header/Header:d=[1.000,1.000,1.000,1.000] c=[#c8a48b,#c8a48b,#c8a48b,#c8a48b] rank=[2,3,1,0] result/Result:d=[1.000,1.000,1.000,1.000] c=[#c8a48b,#c8a48b,#c8a48b,#c8a48b] rank=[1,3,2,0] link:p=0.000 o=1.000
frame=263 t=3316.0 wall=3316.0 interval=14.54 dt=14.54 cpu_prev=0.245 effect_us=96 action=1 since_click=2312.0 since_commit=1706.0 animating=false repaint=none source/Source:d=[1.000,1.000,1.000,1.000] c=[#c8a48b,#c8a48b,#c8a48b,#c8a48b] rank=[0,2,1,3] header/Header:d=[1.000,1.000,1.000,1.000] c=[#c8a48b,#c8a48b,#c8a48b,#c8a48b] rank=[2,3,1,0] result/Result:d=[1.000,1.000,1.000,1.000] c=[#c8a48b,#c8a48b,#c8a48b,#c8a48b] rank=[1,3,2,0] link:p=0.000 o=1.000
